userid,placeid,rating,food_rating,service_rating,latitude,longitude,smoker,drink_level,dress_preference,ambience,transport,hijos,birth_year,interest,religion,activity,color,weight,budget,height,rcuisine_x,rcuisine_y,rpayment,parking_lot,hours,days,marital_status_single,marital_status_widow,personality_hard-worker,personality_hunter-ostentatious,personality_thrifty-protector,family_activity_match,budget_service_score,dining_experience_score,location_score,cuisine_match,accessibility_score,social_dining_score,budget_numeric
u1077,135085,2,2,2,22.156469,-100.98554,False,social drinker,elegant,family,public,kids,1987,technology,catholic,student,blue,65.0,medium,1.71,mexican,fast_food,cash,public,00:00-00:00;,"mon, tue, wed, thu, fri, ",False,False,False,False,True,1,4,2.0,123.142009,0,3.0,0,2
u1077,135038,2,2,1,22.156469,-100.98554,False,social drinker,elegant,family,public,kids,1987,technology,catholic,student,blue,65.0,medium,1.71,mexican,unknown,cash,none,08:00-17:00;,"mon, tue, wed, thu, fri, ",False,False,False,False,True,1,2,1.5,123.142009,0,2.0,0,2
u1077,132825,2,2,2,22.156469,-100.98554,False,social drinker,elegant,family,public,kids,1987,technology,catholic,student,blue,65.0,medium,1.71,mexican,mexican,cash,none,09:00-12:00;,"mon, tue, wed, thu, fri, ",False,False,False,False,True,1,4,2.0,123.142009,1,2.0,0,2
u1077,135060,1,2,2,22.156469,-100.98554,False,social drinker,elegant,family,public,kids,1987,technology,catholic,student,blue,65.0,medium,1.71,mexican,seafood,cash,none,11:30-19:00;,"mon, tue, wed, thu, fri, ",False,False,False,False,True,1,4,2.0,123.142009,0,2.0,0,2
u1015,135071,0,0,0,22.12676,-100.905209,True,social drinker,informal,family,public,independent,1989,technology,catholic,student,black,87.0,medium,1.67,mexican,bar,cash,yes,13:00-23:30;,"mon, tue, wed, thu, fri, ",True,False,False,False,True,0,0,0.0,123.031969,0,3.0,0,2
u1083,135034,2,2,2,22.13392,-101.028373,False,abstemious,,unknown,unknown,unknown,1981,none,none,unknown,yellow,40.0,medium,1.6,mexican,japanese,cash,none,13:30-23:00;,"mon, tue, wed, thu, fri, ",True,False,True,False,False,0,4,2.0,123.162293,0,0.0,2,2
u1083,132723,1,1,1,22.13392,-101.028373,False,abstemious,,unknown,unknown,unknown,1981,none,none,unknown,yellow,40.0,medium,1.6,mexican,mexican,cash,public,06:30-15:00;,"mon, tue, wed, thu, fri, ",True,False,True,False,False,0,2,1.0,123.162293,1,1.0,2,2
u1083,135046,2,2,1,22.13392,-101.028373,False,abstemious,,unknown,unknown,unknown,1981,none,none,unknown,yellow,40.0,medium,1.6,mexican,fast_food,cash,yes,08:30-21:00;,"mon, tue, wed, thu, fri, ",True,False,True,False,False,0,2,1.5,123.162293,0,1.0,2,2
u1108,135075,2,2,2,22.143524,-100.987562,False,abstemious,informal,solitary,public,independent,1983,technology,catholic,student,blue,76.0,medium,1.81,cafe-coffee_shop,seafood,cash,yes,00:00-23:30;,"mon, tue, wed, thu, fri, ",True,False,False,False,True,0,4,2.0,123.131086,0,3.0,3,2
u1108,132572,1,2,1,22.143524,-100.987562,False,abstemious,informal,solitary,public,independent,1983,technology,catholic,student,blue,76.0,medium,1.81,cafe-coffee_shop,cafeteria,cash,yes,00:00-23:30;,"mon, tue, wed, thu, fri, ",True,False,False,False,True,0,2,1.5,123.131086,0,3.0,3,2
u1108,135074,2,2,1,22.143524,-100.987562,False,abstemious,informal,solitary,public,independent,1983,technology,catholic,student,blue,76.0,medium,1.81,cafe-coffee_shop,contemporary,cash,public,07:00-23:30;,"mon, tue, wed, thu, fri, ",True,False,False,False,True,0,2,1.5,123.131086,0,3.0,3,2
u1108,135028,1,1,1,22.143524,-100.987562,False,abstemious,informal,solitary,public,independent,1983,technology,catholic,student,blue,76.0,medium,1.81,cafe-coffee_shop,mexican,cash,none,13:00-23:30;,"mon, tue, wed, thu, fri, ",True,False,False,False,True,0,2,1.0,123.131086,0,2.0,3,2
u1108,135085,1,2,1,22.143524,-100.987562,False,abstemious,informal,solitary,public,independent,1983,technology,catholic,student,blue,76.0,medium,1.81,cafe-coffee_shop,fast_food,cash,public,00:00-00:00;,"mon, tue, wed, thu, fri, ",True,False,False,False,True,0,2,1.5,123.131086,0,3.0,3,2
u1108,135032,2,1,2,22.143524,-100.987562,False,abstemious,informal,solitary,public,independent,1983,technology,catholic,student,blue,76.0,medium,1.81,cafe-coffee_shop,cafeteria,cash,public,07:00-23:30;,"mon, tue, wed, thu, fri, ",True,False,False,False,True,0,4,1.5,123.131086,0,3.0,3,2
u1108,135086,1,1,0,22.143524,-100.987562,False,abstemious,informal,solitary,public,independent,1983,technology,catholic,student,blue,76.0,medium,1.81,cafe-coffee_shop,burgers,cash,yes,08:00-23:00;,"mon, tue, wed, thu, fri, ",True,False,False,False,True,0,0,0.5,123.131086,0,3.0,3,2
u1108,132723,2,2,2,22.143524,-100.987562,False,abstemious,informal,solitary,public,independent,1983,technology,catholic,student,blue,76.0,medium,1.81,cafe-coffee_shop,mexican,cash,public,06:30-15:00;,"mon, tue, wed, thu, fri, ",True,False,False,False,True,0,4,2.0,123.131086,0,3.0,3,2
u1108,135046,1,2,1,22.143524,-100.987562,False,abstemious,informal,solitary,public,independent,1983,technology,catholic,student,blue,76.0,medium,1.81,cafe-coffee_shop,fast_food,cash,yes,08:30-21:00;,"mon, tue, wed, thu, fri, ",True,False,False,False,True,0,2,1.5,123.131086,0,3.0,3,2
u1108,135058,1,1,1,22.143524,-100.987562,False,abstemious,informal,solitary,public,independent,1983,technology,catholic,student,blue,76.0,medium,1.81,cafe-coffee_shop,pizzeria,cash,public,13:00-23:00;,"mon, tue, wed, thu, fri, ",True,False,False,False,True,0,2,1.0,123.131086,0,3.0,3,2
u1055,135051,1,2,2,22.143289,-100.987683,False,abstemious,no preference,family,car owner,dependent,1952,none,catholic,professional,blue,70.0,medium,1.66,breakfast-brunch,unknown,cash,none,08:00-23:30;,"mon, tue, wed, thu, fri, ",False,False,True,False,False,0,4,2.0,123.130972,0,3.0,1,2
u1055,135075,2,2,2,22.143289,-100.987683,False,abstemious,no preference,family,car owner,dependent,1952,none,catholic,professional,blue,70.0,medium,1.66,breakfast-brunch,seafood,cash,yes,00:00-23:30;,"mon, tue, wed, thu, fri, ",False,False,True,False,False,0,4,2.0,123.130972,0,4.0,1,2
u1055,132572,2,2,2,22.143289,-100.987683,False,abstemious,no preference,family,car owner,dependent,1952,none,catholic,professional,blue,70.0,medium,1.66,breakfast-brunch,cafeteria,cash,yes,00:00-23:30;,"mon, tue, wed, thu, fri, ",False,False,True,False,False,0,4,2.0,123.130972,0,4.0,1,2
u1055,135028,2,2,2,22.143289,-100.987683,False,abstemious,no preference,family,car owner,dependent,1952,none,catholic,professional,blue,70.0,medium,1.66,breakfast-brunch,mexican,cash,none,13:00-23:30;,"mon, tue, wed, thu, fri, ",False,False,True,False,False,0,4,2.0,123.130972,0,3.0,1,2
u1055,135025,2,2,2,22.143289,-100.987683,False,abstemious,no preference,family,car owner,dependent,1952,none,catholic,professional,blue,70.0,medium,1.66,breakfast-brunch,mexican,cash,none,18:00-23:30;,"mon, tue, wed, thu, fri, ",False,False,True,False,False,0,4,2.0,123.130972,0,3.0,1,2
u1083,132572,2,2,2,22.13392,-101.028373,False,abstemious,,unknown,unknown,unknown,1981,none,none,unknown,yellow,40.0,medium,1.6,mexican,cafeteria,cash,yes,00:00-23:30;,"mon, tue, wed, thu, fri, ",True,False,True,False,False,0,4,2.0,123.162293,0,1.0,2,2
u1083,135049,0,0,0,22.13392,-101.028373,False,abstemious,,unknown,unknown,unknown,1981,none,none,unknown,yellow,40.0,medium,1.6,mexican,seafood,cash,none,12:00-20:00;,"mon, tue, wed, thu, fri, ",True,False,True,False,False,0,0,0.0,123.162293,0,0.0,2,2
u1055,135106,2,2,2,22.143289,-100.987683,False,abstemious,no preference,family,car owner,dependent,1952,none,catholic,professional,blue,70.0,medium,1.66,breakfast-brunch,mexican,cash,none,18:00-23:30;,"mon, tue, wed, thu, fri, ",False,False,True,False,False,0,4,2.0,123.130972,0,3.0,1,2
u1083,135072,1,2,2,22.13392,-101.028373,False,abstemious,,unknown,unknown,unknown,1981,none,none,unknown,yellow,40.0,medium,1.6,mexican,japanese,cash,none,13:00-23:00;,"mon, tue, wed, thu, fri, ",True,False,True,False,False,0,4,2.0,123.162293,0,0.0,2,2
u1083,135074,2,2,2,22.13392,-101.028373,False,abstemious,,unknown,unknown,unknown,1981,none,none,unknown,yellow,40.0,medium,1.6,mexican,contemporary,cash,public,07:00-23:30;,"mon, tue, wed, thu, fri, ",True,False,True,False,False,0,4,2.0,123.162293,0,1.0,2,2
u1083,132755,2,2,2,22.13392,-101.028373,False,abstemious,,unknown,unknown,unknown,1981,none,none,unknown,yellow,40.0,medium,1.6,mexican,mexican,cash,public,00:00-23:30;,"mon, tue, wed, thu, fri, ",True,False,True,False,False,0,4,2.0,123.162293,1,1.0,2,2
u1083,135044,1,2,2,22.13392,-101.028373,False,abstemious,,unknown,unknown,unknown,1981,none,none,unknown,yellow,40.0,medium,1.6,mexican,chinese,cash,none,13:00-22:30;,"mon, tue, wed, thu, fri, ",True,False,True,False,False,0,4,2.0,123.162293,0,0.0,2,2
u1055,135048,2,2,2,22.143289,-100.987683,False,abstemious,no preference,family,car owner,dependent,1952,none,catholic,professional,blue,70.0,medium,1.66,breakfast-brunch,bar,cash,yes,11:00-22:30;,"mon, tue, wed, thu, fri, ",False,False,True,False,False,0,4,2.0,123.130972,0,4.0,1,2
u1055,135047,2,2,2,22.143289,-100.987683,False,abstemious,no preference,family,car owner,dependent,1952,none,catholic,professional,blue,70.0,medium,1.66,breakfast-brunch,unknown,cash,yes,08:00-23:30;,"mon, tue, wed, thu, fri, ",False,False,True,False,False,0,4,2.0,123.130972,0,4.0,1,2
u1055,132754,2,2,2,22.143289,-100.987683,False,abstemious,no preference,family,car owner,dependent,1952,none,catholic,professional,blue,70.0,medium,1.66,breakfast-brunch,mexican,cash,none,08:00-20:00;,"mon, tue, wed, thu, fri, ",False,False,True,False,False,0,4,2.0,123.130972,0,3.0,1,2
u1055,132825,2,2,2,22.143289,-100.987683,False,abstemious,no preference,family,car owner,dependent,1952,none,catholic,professional,blue,70.0,medium,1.66,breakfast-brunch,mexican,cash,none,09:00-12:00;,"mon, tue, wed, thu, fri, ",False,False,True,False,False,0,4,2.0,123.130972,0,3.0,1,2
u1053,135076,1,1,1,22.175833,-100.986671,False,casual drinker,informal,family,public,independent,1990,variety,catholic,student,red,66.0,low,1.72,mexican,unknown,cash,yes,12:00-23:30;,"mon, tue, wed, thu, fri, ",True,False,False,False,True,0,1,1.0,123.162504,0,3.0,2,1
u1053,135032,2,2,1,22.175833,-100.986671,False,casual drinker,informal,family,public,independent,1990,variety,catholic,student,red,66.0,low,1.72,mexican,cafeteria,cash,public,07:00-23:30;,"mon, tue, wed, thu, fri, ",True,False,False,False,True,0,1,1.5,123.162504,0,3.0,2,1
u1053,132825,1,2,0,22.175833,-100.986671,False,casual drinker,informal,family,public,independent,1990,variety,catholic,student,red,66.0,low,1.72,mexican,mexican,cash,none,09:00-12:00;,"mon, tue, wed, thu, fri, ",True,False,False,False,True,0,0,1.0,123.162504,1,2.0,2,1
u1053,135063,2,1,2,22.175833,-100.986671,False,casual drinker,informal,family,public,independent,1990,variety,catholic,student,red,66.0,low,1.72,mexican,unknown,cash,none,08:30-19:30;,"mon, tue, wed, thu, fri, ",True,False,False,False,True,0,2,1.5,123.162504,0,2.0,2,1
u1053,135042,2,1,2,22.175833,-100.986671,False,casual drinker,informal,family,public,independent,1990,variety,catholic,student,red,66.0,low,1.72,mexican,chinese,cash,none,11:00-21:30;,"mon, tue, wed, thu, fri, ",True,False,False,False,True,0,2,1.5,123.162504,0,2.0,2,1
u1053,135053,2,2,0,22.175833,-100.986671,False,casual drinker,informal,family,public,independent,1990,variety,catholic,student,red,66.0,low,1.72,mexican,cafeteria,cash,yes,11:00-22:00;,"mon, tue, wed, thu, fri, ",True,False,False,False,True,0,0,1.0,123.162504,0,3.0,2,1
u1053,132754,1,2,1,22.175833,-100.986671,False,casual drinker,informal,family,public,independent,1990,variety,catholic,student,red,66.0,low,1.72,mexican,mexican,cash,none,08:00-20:00;,"mon, tue, wed, thu, fri, ",True,False,False,False,True,0,1,1.5,123.162504,1,2.0,2,1
u1053,135081,2,2,1,22.175833,-100.986671,False,casual drinker,informal,family,public,independent,1990,variety,catholic,student,red,66.0,low,1.72,mexican,unknown,cash,none,14:00-23:30;,"mon, tue, wed, thu, fri, ",True,False,False,False,True,0,1,1.5,123.162504,0,2.0,2,1
u1053,135025,2,1,2,22.175833,-100.986671,False,casual drinker,informal,family,public,independent,1990,variety,catholic,student,red,66.0,low,1.72,mexican,mexican,cash,none,18:00-23:30;,"mon, tue, wed, thu, fri, ",True,False,False,False,True,0,2,1.5,123.162504,1,2.0,2,1
u1053,135038,2,1,2,22.175833,-100.986671,False,casual drinker,informal,family,public,independent,1990,variety,catholic,student,red,66.0,low,1.72,mexican,unknown,cash,none,08:00-17:00;,"mon, tue, wed, thu, fri, ",True,False,False,False,True,0,2,1.5,123.162504,0,2.0,2,1
u1053,135060,2,2,1,22.175833,-100.986671,False,casual drinker,informal,family,public,independent,1990,variety,catholic,student,red,66.0,low,1.72,mexican,seafood,cash,none,11:30-19:00;,"mon, tue, wed, thu, fri, ",True,False,False,False,True,0,1,1.5,123.162504,0,2.0,2,1
u1053,135062,2,1,1,22.175833,-100.986671,False,casual drinker,informal,family,public,independent,1990,variety,catholic,student,red,66.0,low,1.72,mexican,unknown,cash,yes,00:00-23:30;,"mon, tue, wed, thu, fri, ",True,False,False,False,True,0,1,1.0,123.162504,0,3.0,2,1
u1053,135047,2,2,2,22.175833,-100.986671,False,casual drinker,informal,family,public,independent,1990,variety,catholic,student,red,66.0,low,1.72,mexican,unknown,cash,yes,08:00-23:30;,"mon, tue, wed, thu, fri, ",True,False,False,False,True,0,2,2.0,123.162504,0,3.0,2,1
u1064,135042,1,2,1,22.139511,-100.957002,False,casual drinker,formal,solitary,public,independent,1991,variety,none,student,blue,94.0,medium,1.77,mexican,chinese,cash,none,11:00-21:30;,"mon, tue, wed, thu, fri, ",True,False,False,True,False,0,2,1.5,123.096513,0,2.0,4,2
u1081,135069,1,0,1,22.207749,-100.942383,False,casual drinker,informal,family,public,independent,1991,variety,catholic,student,green,52.0,low,1.54,mexican,bar,cash,yes,09:00-23:30;,"mon, tue, wed, thu, fri, ",True,False,True,False,False,0,1,0.5,123.15013200000001,0,3.0,2,1
u1064,135057,1,1,2,22.139511,-100.957002,False,casual drinker,formal,solitary,public,independent,1991,variety,none,student,blue,94.0,medium,1.77,mexican,bar,cash,yes,13:00-23:00;,"mon, tue, wed, thu, fri, ",True,False,False,True,False,0,4,1.5,123.096513,0,3.0,4,2
u1081,135076,1,2,2,22.207749,-100.942383,False,casual drinker,informal,family,public,independent,1991,variety,catholic,student,green,52.0,low,1.54,mexican,unknown,cash,yes,12:00-23:30;,"mon, tue, wed, thu, fri, ",True,False,True,False,False,0,2,2.0,123.15013200000001,0,3.0,2,1
u1081,135043,0,0,1,22.207749,-100.942383,False,casual drinker,informal,family,public,independent,1991,variety,catholic,student,green,52.0,low,1.54,mexican,fast_food,cash,none,00:00-00:00;,"mon, tue, wed, thu, fri, ",True,False,True,False,False,0,1,0.5,123.15013200000001,0,2.0,2,1
u1064,135069,0,0,1,22.139511,-100.957002,False,casual drinker,formal,solitary,public,independent,1991,variety,none,student,blue,94.0,medium,1.77,mexican,bar,cash,yes,09:00-23:30;,"mon, tue, wed, thu, fri, ",True,False,False,True,False,0,2,0.5,123.096513,0,3.0,4,2
u1081,135039,0,0,0,22.207749,-100.942383,False,casual drinker,informal,family,public,independent,1991,variety,catholic,student,green,52.0,low,1.54,mexican,seafood,cash,yes,10:00-20:00;,"mon, tue, wed, thu, fri, ",True,False,True,False,False,0,0,0.0,123.15013200000001,0,3.0,2,1
u1064,135060,1,0,1,22.139511,-100.957002,False,casual drinker,formal,solitary,public,independent,1991,variety,none,student,blue,94.0,medium,1.77,mexican,seafood,cash,none,11:30-19:00;,"mon, tue, wed, thu, fri, ",True,False,False,True,False,0,2,0.5,123.096513,0,2.0,4,2
u1064,135052,2,0,2,22.139511,-100.957002,False,casual drinker,formal,solitary,public,independent,1991,variety,none,student,blue,94.0,medium,1.77,mexican,bar,cash,none,08:00-23:30;,"mon, tue, wed, thu, fri, ",True,False,False,True,False,0,4,1.0,123.096513,0,2.0,4,2
u1081,132825,1,0,1,22.207749,-100.942383,False,casual drinker,informal,family,public,independent,1991,variety,catholic,student,green,52.0,low,1.54,mexican,mexican,cash,none,09:00-12:00;,"mon, tue, wed, thu, fri, ",True,False,True,False,False,0,1,0.5,123.15013200000001,1,2.0,2,1
u1081,135032,0,1,1,22.207749,-100.942383,False,casual drinker,informal,family,public,independent,1991,variety,catholic,student,green,52.0,low,1.54,mexican,cafeteria,cash,public,07:00-23:30;,"mon, tue, wed, thu, fri, ",True,False,True,False,False,0,1,1.0,123.15013200000001,0,3.0,2,1
u1081,135028,1,2,2,22.207749,-100.942383,False,casual drinker,informal,family,public,independent,1991,variety,catholic,student,green,52.0,low,1.54,mexican,mexican,cash,none,13:00-23:30;,"mon, tue, wed, thu, fri, ",True,False,True,False,False,0,2,2.0,123.15013200000001,1,2.0,2,1
u1081,135085,1,2,1,22.207749,-100.942383,False,casual drinker,informal,family,public,independent,1991,variety,catholic,student,green,52.0,low,1.54,mexican,fast_food,cash,public,00:00-00:00;,"mon, tue, wed, thu, fri, ",True,False,True,False,False,0,1,1.5,123.15013200000001,0,3.0,2,1
u1081,135052,0,1,1,22.207749,-100.942383,False,casual drinker,informal,family,public,independent,1991,variety,catholic,student,green,52.0,low,1.54,mexican,bar,cash,none,08:00-23:30;,"mon, tue, wed, thu, fri, ",True,False,True,False,False,0,1,1.0,123.15013200000001,0,2.0,2,1
u1081,135030,1,1,1,22.207749,-100.942383,False,casual drinker,informal,family,public,independent,1991,variety,catholic,student,green,52.0,low,1.54,mexican,cafe-coffee_shop,cash,none,00:00-00:00;,"mon, tue, wed, thu, fri, ",True,False,True,False,False,0,1,1.0,123.15013200000001,0,2.0,2,1
u1081,135027,0,1,1,22.207749,-100.942383,False,casual drinker,informal,family,public,independent,1991,variety,catholic,student,green,52.0,low,1.54,mexican,mexican,cash,none,08:00-22:00;,"mon, tue, wed, thu, fri, ",True,False,True,False,False,0,1,1.0,123.15013200000001,1,2.0,2,1
u1001,132830,1,1,1,22.139997,-100.978803,False,abstemious,informal,family,on foot,independent,1989,variety,none,student,black,69.0,medium,1.77,american,unknown,unknown,none,00:00-23:30;,"mon, tue, wed, thu, fri, ",True,False,False,False,True,0,2,1.0,123.1188,0,1.0,1,2
u1001,132825,2,2,1,22.139997,-100.978803,False,abstemious,informal,family,on foot,independent,1989,variety,none,student,black,69.0,medium,1.77,american,mexican,cash,none,09:00-12:00;,"mon, tue, wed, thu, fri, ",True,False,False,False,True,0,2,1.5,123.1188,0,1.0,1,2
u1088,132830,0,2,2,22.142748,-100.940664,False,social drinker,informal,family,on foot,independent,1991,none,catholic,student,blue,62.0,medium,1.6,mexican,unknown,unknown,none,00:00-23:30;,"mon, tue, wed, thu, fri, ",True,False,True,False,False,0,4,2.0,123.083412,0,1.0,0,2
u1088,135108,2,2,2,22.142748,-100.940664,False,social drinker,informal,family,on foot,independent,1991,none,catholic,student,blue,62.0,medium,1.6,mexican,unknown,unknown,none,00:00-23:30;,"mon, tue, wed, thu, fri, ",True,False,True,False,False,0,4,2.0,123.083412,0,1.0,0,2
u1088,135057,1,2,2,22.142748,-100.940664,False,social drinker,informal,family,on foot,independent,1991,none,catholic,student,blue,62.0,medium,1.6,mexican,bar,cash,yes,13:00-23:00;,"mon, tue, wed, thu, fri, ",True,False,True,False,False,0,4,2.0,123.083412,0,2.0,0,2
u1088,135041,2,2,2,22.142748,-100.940664,False,social drinker,informal,family,on foot,independent,1991,none,catholic,student,blue,62.0,medium,1.6,mexican,bar,cash,none,00:00-00:00;,"mon, tue, wed, thu, fri, ",True,False,True,False,False,0,4,2.0,123.083412,0,1.0,0,2
u1088,135069,1,2,2,22.142748,-100.940664,False,social drinker,informal,family,on foot,independent,1991,none,catholic,student,blue,62.0,medium,1.6,mexican,bar,cash,yes,09:00-23:30;,"mon, tue, wed, thu, fri, ",True,False,True,False,False,0,4,2.0,123.083412,0,2.0,0,2
u1088,135082,2,2,2,22.142748,-100.940664,False,social drinker,informal,family,on foot,independent,1991,none,catholic,student,blue,62.0,medium,1.6,mexican,unknown,cash,none,10:00-18:00;,"mon, tue, wed, thu, fri, ",True,False,True,False,False,0,4,2.0,123.083412,0,1.0,0,2
u1088,135071,0,0,0,22.142748,-100.940664,False,social drinker,informal,family,on foot,independent,1991,none,catholic,student,blue,62.0,medium,1.6,mexican,bar,cash,yes,13:00-23:30;,"mon, tue, wed, thu, fri, ",True,False,True,False,False,0,0,0.0,123.083412,0,2.0,0,2
u1088,135054,2,2,2,22.142748,-100.940664,False,social drinker,informal,family,on foot,independent,1991,none,catholic,student,blue,62.0,medium,1.6,mexican,seafood,cash,yes,07:00-19:00;,"mon, tue, wed, thu, fri, ",True,False,True,False,False,0,4,2.0,123.083412,0,2.0,0,2
u1088,135070,2,2,1,22.142748,-100.940664,False,social drinker,informal,family,on foot,independent,1991,none,catholic,student,blue,62.0,medium,1.6,mexican,unknown,cash,yes,07:00-23:00;,"mon, tue, wed, thu, fri, ",True,False,True,False,False,0,2,1.5,123.083412,0,2.0,0,2
u1088,135032,2,2,2,22.142748,-100.940664,False,social drinker,informal,family,on foot,independent,1991,none,catholic,student,blue,62.0,medium,1.6,mexican,cafeteria,cash,public,07:00-23:30;,"mon, tue, wed, thu, fri, ",True,False,True,False,False,0,4,2.0,123.083412,0,2.0,0,2
u1088,135081,1,2,2,22.142748,-100.940664,False,social drinker,informal,family,on foot,independent,1991,none,catholic,student,blue,62.0,medium,1.6,mexican,unknown,cash,none,14:00-23:30;,"mon, tue, wed, thu, fri, ",True,False,True,False,False,0,4,2.0,123.083412,0,1.0,0,2
u1088,135051,2,1,2,22.142748,-100.940664,False,social drinker,informal,family,on foot,independent,1991,none,catholic,student,blue,62.0,medium,1.6,mexican,unknown,cash,none,08:00-23:30;,"mon, tue, wed, thu, fri, ",True,False,True,False,False,0,4,1.5,123.083412,0,1.0,0,2
u1056,135066,2,2,2,22.168997,-100.974376,False,social drinker,informal,family,on foot,independent,1930,none,catholic,student,yellow,61.0,medium,1.62,mexican,unknown,cash,yes,07:00-23:00;,"sat, ",True,False,True,False,False,0,4,2.0,123.14337300000001,0,2.0,0,2
u1056,135050,0,0,0,22.168997,-100.974376,False,social drinker,informal,family,on foot,independent,1930,none,catholic,student,yellow,61.0,medium,1.62,mexican,unknown,cash,yes,12:00-19:30;,"mon, tue, wed, thu, fri, ",True,False,True,False,False,0,0,0.0,123.14337300000001,0,2.0,0,2
u1056,135076,2,2,2,22.168997,-100.974376,False,social drinker,informal,family,on foot,independent,1930,none,catholic,student,yellow,61.0,medium,1.62,mexican,unknown,cash,yes,12:00-23:30;,"mon, tue, wed, thu, fri, ",True,False,True,False,False,0,4,2.0,123.14337300000001,0,2.0,0,2
u1056,135081,2,2,2,22.168997,-100.974376,False,social drinker,informal,family,on foot,independent,1930,none,catholic,student,yellow,61.0,medium,1.62,mexican,unknown,cash,none,14:00-23:30;,"mon, tue, wed, thu, fri, ",True,False,True,False,False,0,4,2.0,123.14337300000001,0,1.0,0,2
u1056,135062,2,2,2,22.168997,-100.974376,False,social drinker,informal,family,on foot,independent,1930,none,catholic,student,yellow,61.0,medium,1.62,mexican,unknown,cash,yes,00:00-23:30;,"mon, tue, wed, thu, fri, ",True,False,True,False,False,0,4,2.0,123.14337300000001,0,2.0,0,2
u1056,135027,2,2,2,22.168997,-100.974376,False,social drinker,informal,family,on foot,independent,1930,none,catholic,student,yellow,61.0,medium,1.62,mexican,mexican,cash,none,08:00-22:00;,"mon, tue, wed, thu, fri, ",True,False,True,False,False,0,4,2.0,123.14337300000001,1,1.0,0,2
u1056,135085,2,2,2,22.168997,-100.974376,False,social drinker,informal,family,on foot,independent,1930,none,catholic,student,yellow,61.0,medium,1.62,mexican,fast_food,cash,public,00:00-00:00;,"mon, tue, wed, thu, fri, ",True,False,True,False,False,0,4,2.0,123.14337300000001,0,2.0,0,2
u1056,135052,2,2,2,22.168997,-100.974376,False,social drinker,informal,family,on foot,independent,1930,none,catholic,student,yellow,61.0,medium,1.62,mexican,bar,cash,none,08:00-23:30;,"mon, tue, wed, thu, fri, ",True,False,True,False,False,0,4,2.0,123.14337300000001,0,1.0,0,2
u1056,132825,2,2,2,22.168997,-100.974376,False,social drinker,informal,family,on foot,independent,1930,none,catholic,student,yellow,61.0,medium,1.62,mexican,mexican,cash,none,09:00-12:00;,"mon, tue, wed, thu, fri, ",True,False,True,False,False,0,4,2.0,123.14337300000001,1,1.0,0,2
u1056,135051,2,2,2,22.168997,-100.974376,False,social drinker,informal,family,on foot,independent,1930,none,catholic,student,yellow,61.0,medium,1.62,mexican,unknown,cash,none,08:00-23:30;,"mon, tue, wed, thu, fri, ",True,False,True,False,False,0,4,2.0,123.14337300000001,0,1.0,0,2
u1134,135047,1,1,1,22.149654,-100.99861,False,casual drinker,no preference,family,public,independent,1991,variety,catholic,student,black,52.0,medium,1.65,mexican,unknown,cash,yes,08:00-23:30;,"mon, tue, wed, thu, fri, ",True,False,True,False,False,0,2,1.0,123.148264,0,3.0,2,2
u1134,135026,0,0,0,22.149654,-100.99861,False,casual drinker,no preference,family,public,independent,1991,variety,catholic,student,black,52.0,medium,1.65,mexican,bar,unknown,none,13:30-23:30;,"mon, tue, wed, thu, fri, ",True,False,True,False,False,0,0,0.0,123.148264,0,2.0,2,2
u1134,135044,1,1,1,22.149654,-100.99861,False,casual drinker,no preference,family,public,independent,1991,variety,catholic,student,black,52.0,medium,1.65,mexican,chinese,cash,none,13:00-22:30;,"mon, tue, wed, thu, fri, ",True,False,True,False,False,0,2,1.0,123.148264,0,2.0,2,2
u1134,132825,1,2,1,22.149654,-100.99861,False,casual drinker,no preference,family,public,independent,1991,variety,catholic,student,black,52.0,medium,1.65,mexican,mexican,cash,none,09:00-12:00;,"mon, tue, wed, thu, fri, ",True,False,True,False,False,0,2,1.5,123.148264,1,2.0,2,2
u1134,135059,2,1,0,22.149654,-100.99861,False,casual drinker,no preference,family,public,independent,1991,variety,catholic,student,black,52.0,medium,1.65,mexican,bar,cash,yes,12:00-23:30;,"mon, tue, wed, thu, fri, ",True,False,True,False,False,0,0,0.5,123.148264,0,3.0,2,2
u1134,135065,2,2,2,22.149654,-100.99861,False,casual drinker,no preference,family,public,independent,1991,variety,catholic,student,black,52.0,medium,1.65,mexican,unknown,cash,none,14:00-23:30;,"mon, tue, wed, thu, fri, ",True,False,True,False,False,0,4,2.0,123.148264,0,2.0,2,2
u1134,135046,2,1,1,22.149654,-100.99861,False,casual drinker,no preference,family,public,independent,1991,variety,catholic,student,black,52.0,medium,1.65,mexican,fast_food,cash,yes,08:30-21:00;,"mon, tue, wed, thu, fri, ",True,False,True,False,False,0,2,1.0,123.148264,0,3.0,2,2
u1134,135085,2,1,2,22.149654,-100.99861,False,casual drinker,no preference,family,public,independent,1991,variety,catholic,student,black,52.0,medium,1.65,mexican,fast_food,cash,public,00:00-00:00;,"mon, tue, wed, thu, fri, ",True,False,True,False,False,0,4,1.5,123.148264,0,3.0,2,2
u1134,135079,1,1,2,22.149654,-100.99861,False,casual drinker,no preference,family,public,independent,1991,variety,catholic,student,black,52.0,medium,1.65,mexican,chinese,cash,none,13:00-22:30;,"mon, tue, wed, thu, fri, ",True,False,True,False,False,0,4,1.5,123.148264,0,2.0,2,2
u1134,135055,2,2,2,22.149654,-100.99861,False,casual drinker,no preference,family,public,independent,1991,variety,catholic,student,black,52.0,medium,1.65,mexican,mexican,cash,yes,14:00-22:00;,"mon, tue, wed, thu, fri, ",True,False,True,False,False,0,4,2.0,123.148264,1,3.0,2,2
u1134,132754,2,1,1,22.149654,-100.99861,False,casual drinker,no preference,family,public,independent,1991,variety,catholic,student,black,52.0,medium,1.65,mexican,mexican,cash,none,08:00-20:00;,"mon, tue, wed, thu, fri, ",True,False,True,False,False,0,2,1.0,123.148264,1,2.0,2,2
u1134,132572,0,0,0,22.149654,-100.99861,False,casual drinker,no preference,family,public,independent,1991,variety,catholic,student,black,52.0,medium,1.65,mexican,cafeteria,cash,yes,00:00-23:30;,"mon, tue, wed, thu, fri, ",True,False,True,False,False,0,0,0.0,123.148264,0,3.0,2,2
u1134,135075,2,1,1,22.149654,-100.99861,False,casual drinker,no preference,family,public,independent,1991,variety,catholic,student,black,52.0,medium,1.65,mexican,seafood,cash,yes,00:00-23:30;,"mon, tue, wed, thu, fri, ",True,False,True,False,False,0,2,1.0,123.148264,0,3.0,2,2
u1134,135080,1,1,1,22.149654,-100.99861,False,casual drinker,no preference,family,public,independent,1991,variety,catholic,student,black,52.0,medium,1.65,mexican,unknown,cash,none,14:00-23:30;,"mon, tue, wed, thu, fri, ",True,False,True,False,False,0,2,1.0,123.148264,0,2.0,2,2
u1134,135064,2,2,2,22.149654,-100.99861,False,casual drinker,no preference,family,public,independent,1991,variety,catholic,student,black,52.0,medium,1.65,mexican,unknown,cash,yes,07:00-22:30;,"mon, tue, wed, thu, fri, ",True,False,True,False,False,0,4,2.0,123.148264,0,3.0,2,2
u1134,135074,2,2,2,22.149654,-100.99861,False,casual drinker,no preference,family,public,independent,1991,variety,catholic,student,black,52.0,medium,1.65,mexican,contemporary,cash,public,07:00-23:30;,"mon, tue, wed, thu, fri, ",True,False,True,False,False,0,4,2.0,123.148264,0,3.0,2,2
u1126,135069,0,0,0,22.15421,-100.942233,False,casual drinker,formal,friends,on foot,independent,1990,technology,catholic,student,purple,65.0,low,1.63,mexican,bar,cash,yes,09:00-23:30;,"mon, tue, wed, thu, fri, ",True,False,True,False,False,0,0,0.0,123.096443,0,2.0,5,1
u1126,135057,2,2,2,22.15421,-100.942233,False,casual drinker,formal,friends,on foot,independent,1990,technology,catholic,student,purple,65.0,low,1.63,mexican,bar,cash,yes,13:00-23:00;,"mon, tue, wed, thu, fri, ",True,False,True,False,False,0,2,2.0,123.096443,0,2.0,5,1
u1126,132830,0,0,0,22.15421,-100.942233,False,casual drinker,formal,friends,on foot,independent,1990,technology,catholic,student,purple,65.0,low,1.63,mexican,unknown,unknown,none,00:00-23:30;,"mon, tue, wed, thu, fri, ",True,False,True,False,False,0,0,0.0,123.096443,0,1.0,5,1
u1126,135040,0,0,0,22.15421,-100.942233,False,casual drinker,formal,friends,on foot,independent,1990,technology,catholic,student,purple,65.0,low,1.63,mexican,unknown,cash,yes,08:00-23:30;,"mon, tue, wed, thu, fri, ",True,False,True,False,False,0,0,0.0,123.096443,0,2.0,5,1
u1126,135106,2,2,2,22.15421,-100.942233,False,casual drinker,formal,friends,on foot,independent,1990,technology,catholic,student,purple,65.0,low,1.63,mexican,mexican,cash,none,18:00-23:30;,"mon, tue, wed, thu, fri, ",True,False,True,False,False,0,2,2.0,123.096443,1,1.0,5,1
u1126,135052,2,1,1,22.15421,-100.942233,False,casual drinker,formal,friends,on foot,independent,1990,technology,catholic,student,purple,65.0,low,1.63,mexican,bar,cash,none,08:00-23:30;,"mon, tue, wed, thu, fri, ",True,False,True,False,False,0,1,1.0,123.096443,0,1.0,5,1
u1126,135041,2,1,1,22.15421,-100.942233,False,casual drinker,formal,friends,on foot,independent,1990,technology,catholic,student,purple,65.0,low,1.63,mexican,bar,cash,none,00:00-00:00;,"mon, tue, wed, thu, fri, ",True,False,True,False,False,0,1,1.0,123.096443,0,1.0,5,1
u1126,135038,1,0,1,22.15421,-100.942233,False,casual drinker,formal,friends,on foot,independent,1990,technology,catholic,student,purple,65.0,low,1.63,mexican,unknown,cash,none,08:00-17:00;,"mon, tue, wed, thu, fri, ",True,False,True,False,False,0,1,0.5,123.096443,0,1.0,5,1
u1126,135054,1,2,1,22.15421,-100.942233,False,casual drinker,formal,friends,on foot,independent,1990,technology,catholic,student,purple,65.0,low,1.63,mexican,seafood,cash,yes,07:00-19:00;,"mon, tue, wed, thu, fri, ",True,False,True,False,False,0,1,1.5,123.096443,0,2.0,5,1
u1126,135108,2,2,1,22.15421,-100.942233,False,casual drinker,formal,friends,on foot,independent,1990,technology,catholic,student,purple,65.0,low,1.63,mexican,unknown,unknown,none,00:00-23:30;,"mon, tue, wed, thu, fri, ",True,False,True,False,False,0,1,1.5,123.096443,0,1.0,5,1
u1124,135054,1,1,1,22.137072,-100.918865,False,casual drinker,informal,friends,public,independent,1991,none,catholic,student,blue,51.0,low,1.3750000000000002,mexican,seafood,cash,yes,07:00-19:00;,"mon, tue, wed, thu, fri, ",True,False,True,False,False,0,1,1.0,123.055937,0,3.0,5,1
u1124,135108,1,1,1,22.137072,-100.918865,False,casual drinker,informal,friends,public,independent,1991,none,catholic,student,blue,51.0,low,1.3750000000000002,mexican,unknown,unknown,none,00:00-23:30;,"mon, tue, wed, thu, fri, ",True,False,True,False,False,0,1,1.0,123.055937,0,2.0,5,1
u1124,135032,1,1,1,22.137072,-100.918865,False,casual drinker,informal,friends,public,independent,1991,none,catholic,student,blue,51.0,low,1.3750000000000002,mexican,cafeteria,cash,public,07:00-23:30;,"mon, tue, wed, thu, fri, ",True,False,True,False,False,0,1,1.0,123.055937,0,3.0,5,1
u1124,135071,1,0,1,22.137072,-100.918865,False,casual drinker,informal,friends,public,independent,1991,none,catholic,student,blue,51.0,low,1.3750000000000002,mexican,bar,cash,yes,13:00-23:30;,"mon, tue, wed, thu, fri, ",True,False,True,False,False,0,1,0.5,123.055937,0,3.0,5,1
u1124,135070,1,1,1,22.137072,-100.918865,False,casual drinker,informal,friends,public,independent,1991,none,catholic,student,blue,51.0,low,1.3750000000000002,mexican,unknown,cash,yes,07:00-23:00;,"mon, tue, wed, thu, fri, ",True,False,True,False,False,0,1,1.0,123.055937,0,3.0,5,1
u1124,135069,1,1,1,22.137072,-100.918865,False,casual drinker,informal,friends,public,independent,1991,none,catholic,student,blue,51.0,low,1.3750000000000002,mexican,bar,cash,yes,09:00-23:30;,"mon, tue, wed, thu, fri, ",True,False,True,False,False,0,1,1.0,123.055937,0,3.0,5,1
u1124,135081,1,1,0,22.137072,-100.918865,False,casual drinker,informal,friends,public,independent,1991,none,catholic,student,blue,51.0,low,1.3750000000000002,mexican,unknown,cash,none,14:00-23:30;,"mon, tue, wed, thu, fri, ",True,False,True,False,False,0,0,0.5,123.055937,0,2.0,5,1
u1124,135057,1,1,1,22.137072,-100.918865,False,casual drinker,informal,friends,public,independent,1991,none,catholic,student,blue,51.0,low,1.3750000000000002,mexican,bar,cash,yes,13:00-23:00;,"mon, tue, wed, thu, fri, ",True,False,True,False,False,0,1,1.0,123.055937,0,3.0,5,1
u1124,135039,1,1,1,22.137072,-100.918865,False,casual drinker,informal,friends,public,independent,1991,none,catholic,student,blue,51.0,low,1.3750000000000002,mexican,seafood,cash,yes,10:00-20:00;,"mon, tue, wed, thu, fri, ",True,False,True,False,False,0,1,1.0,123.055937,0,3.0,5,1
u1124,135050,0,1,0,22.137072,-100.918865,False,casual drinker,informal,friends,public,independent,1991,none,catholic,student,blue,51.0,low,1.3750000000000002,mexican,unknown,cash,yes,12:00-19:30;,"mon, tue, wed, thu, fri, ",True,False,True,False,False,0,0,0.5,123.055937,0,3.0,5,1
u1018,135043,0,0,0,22.190949,-100.917902,True,casual drinker,formal,friends,public,independent,1989,technology,christian,student,blue,65.0,low,1.83,mexican,fast_food,cash,none,00:00-00:00;,"mon, tue, wed, thu, fri, ",True,False,False,False,True,0,0,0.0,123.108851,0,2.0,5,1
u1125,135043,1,1,2,22.19204,-100.956935,False,casual drinker,formal,friends,public,independent,1990,technology,catholic,student,white,57.0,low,1.67,mexican,fast_food,cash,none,00:00-00:00;,"mon, tue, wed, thu, fri, ",True,False,True,False,False,0,2,1.5,123.14897500000001,0,2.0,5,1
u1125,135081,0,0,2,22.19204,-100.956935,False,casual drinker,formal,friends,public,independent,1990,technology,catholic,student,white,57.0,low,1.67,mexican,unknown,cash,none,14:00-23:30;,"mon, tue, wed, thu, fri, ",True,False,True,False,False,0,2,1.0,123.14897500000001,0,2.0,5,1
u1125,135076,1,1,1,22.19204,-100.956935,False,casual drinker,formal,friends,public,independent,1990,technology,catholic,student,white,57.0,low,1.67,mexican,unknown,cash,yes,12:00-23:30;,"mon, tue, wed, thu, fri, ",True,False,True,False,False,0,1,1.0,123.14897500000001,0,3.0,5,1
u1018,135082,2,2,2,22.190949,-100.917902,True,casual drinker,formal,friends,public,independent,1989,technology,christian,student,blue,65.0,low,1.83,mexican,unknown,cash,none,10:00-18:00;,"mon, tue, wed, thu, fri, ",True,False,False,False,True,0,2,2.0,123.108851,0,2.0,5,1
u1125,135050,2,1,1,22.19204,-100.956935,False,casual drinker,formal,friends,public,independent,1990,technology,catholic,student,white,57.0,low,1.67,mexican,unknown,cash,yes,12:00-19:30;,"mon, tue, wed, thu, fri, ",True,False,True,False,False,0,1,1.0,123.14897500000001,0,3.0,5,1
u1125,135066,1,0,1,22.19204,-100.956935,False,casual drinker,formal,friends,public,independent,1990,technology,catholic,student,white,57.0,low,1.67,mexican,unknown,cash,yes,07:00-23:00;,"sat, ",True,False,True,False,False,0,1,0.5,123.14897500000001,0,3.0,5,1
u1125,135032,1,2,1,22.19204,-100.956935,False,casual drinker,formal,friends,public,independent,1990,technology,catholic,student,white,57.0,low,1.67,mexican,cafeteria,cash,public,07:00-23:30;,"mon, tue, wed, thu, fri, ",True,False,True,False,False,0,1,1.5,123.14897500000001,0,3.0,5,1
u1125,135042,1,1,1,22.19204,-100.956935,False,casual drinker,formal,friends,public,independent,1990,technology,catholic,student,white,57.0,low,1.67,mexican,chinese,cash,none,11:00-21:30;,"mon, tue, wed, thu, fri, ",True,False,True,False,False,0,1,1.0,123.14897500000001,0,2.0,5,1
u1125,135063,1,2,1,22.19204,-100.956935,False,casual drinker,formal,friends,public,independent,1990,technology,catholic,student,white,57.0,low,1.67,mexican,unknown,cash,none,08:30-19:30;,"mon, tue, wed, thu, fri, ",True,False,True,False,False,0,1,1.5,123.14897500000001,0,2.0,5,1
u1125,135060,1,0,2,22.19204,-100.956935,False,casual drinker,formal,friends,public,independent,1990,technology,catholic,student,white,57.0,low,1.67,mexican,seafood,cash,none,11:30-19:00;,"mon, tue, wed, thu, fri, ",True,False,True,False,False,0,2,1.0,123.14897500000001,0,2.0,5,1
u1125,135038,2,2,1,22.19204,-100.956935,False,casual drinker,formal,friends,public,independent,1990,technology,catholic,student,white,57.0,low,1.67,mexican,unknown,cash,none,08:00-17:00;,"mon, tue, wed, thu, fri, ",True,False,True,False,False,0,1,1.5,123.14897500000001,0,2.0,5,1
u1125,135062,1,2,1,22.19204,-100.956935,False,casual drinker,formal,friends,public,independent,1990,technology,catholic,student,white,57.0,low,1.67,mexican,unknown,cash,yes,00:00-23:30;,"mon, tue, wed, thu, fri, ",True,False,True,False,False,0,1,1.5,123.14897500000001,0,3.0,5,1
u1018,135081,1,1,1,22.190949,-100.917902,True,casual drinker,formal,friends,public,independent,1989,technology,christian,student,blue,65.0,low,1.83,mexican,unknown,cash,none,14:00-23:30;,"mon, tue, wed, thu, fri, ",True,False,False,False,True,0,1,1.0,123.108851,0,2.0,5,1
u1018,135057,1,1,0,22.190949,-100.917902,True,casual drinker,formal,friends,public,independent,1989,technology,christian,student,blue,65.0,low,1.83,mexican,bar,cash,yes,13:00-23:00;,"mon, tue, wed, thu, fri, ",True,False,False,False,True,0,0,0.5,123.108851,0,3.0,5,1
u1018,135066,1,1,1,22.190949,-100.917902,True,casual drinker,formal,friends,public,independent,1989,technology,christian,student,blue,65.0,low,1.83,mexican,unknown,cash,yes,07:00-23:00;,"sat, ",True,False,False,False,True,0,1,1.0,123.108851,0,3.0,5,1
u1018,135032,1,1,1,22.190949,-100.917902,True,casual drinker,formal,friends,public,independent,1989,technology,christian,student,blue,65.0,low,1.83,mexican,cafeteria,cash,public,07:00-23:30;,"mon, tue, wed, thu, fri, ",True,False,False,False,True,0,1,1.0,123.108851,0,3.0,5,1
u1018,135062,0,0,1,22.190949,-100.917902,True,casual drinker,formal,friends,public,independent,1989,technology,christian,student,blue,65.0,low,1.83,mexican,unknown,cash,yes,00:00-23:30;,"mon, tue, wed, thu, fri, ",True,False,False,False,True,0,1,0.5,123.108851,0,3.0,5,1
u1018,135025,1,1,1,22.190949,-100.917902,True,casual drinker,formal,friends,public,independent,1989,technology,christian,student,blue,65.0,low,1.83,mexican,mexican,cash,none,18:00-23:30;,"mon, tue, wed, thu, fri, ",True,False,False,False,True,0,1,1.0,123.108851,1,2.0,5,1
u1018,135069,0,1,1,22.190949,-100.917902,True,casual drinker,formal,friends,public,independent,1989,technology,christian,student,blue,65.0,low,1.83,mexican,bar,cash,yes,09:00-23:30;,"mon, tue, wed, thu, fri, ",True,False,False,False,True,0,1,1.0,123.108851,0,3.0,5,1
u1018,135108,1,0,1,22.190949,-100.917902,True,casual drinker,formal,friends,public,independent,1989,technology,christian,student,blue,65.0,low,1.83,mexican,unknown,unknown,none,00:00-23:30;,"mon, tue, wed, thu, fri, ",True,False,False,False,True,0,1,0.5,123.108851,0,2.0,5,1
u1076,135039,2,2,1,22.156469,-100.98554,False,social drinker,elegant,family,public,kids,1987,technology,catholic,student,blue,65.0,medium,1.71,mexican,seafood,cash,yes,10:00-20:00;,"mon, tue, wed, thu, fri, ",False,False,False,False,True,1,2,1.5,123.142009,0,3.0,0,2
u1076,135038,1,2,2,22.156469,-100.98554,False,social drinker,elegant,family,public,kids,1987,technology,catholic,student,blue,65.0,medium,1.71,mexican,unknown,cash,none,08:00-17:00;,"mon, tue, wed, thu, fri, ",False,False,False,False,True,1,4,2.0,123.142009,0,2.0,0,2
u1076,135027,0,1,1,22.156469,-100.98554,False,social drinker,elegant,family,public,kids,1987,technology,catholic,student,blue,65.0,medium,1.71,mexican,mexican,cash,none,08:00-22:00;,"mon, tue, wed, thu, fri, ",False,False,False,False,True,1,2,1.0,123.142009,1,2.0,0,2
u1076,135042,2,2,2,22.156469,-100.98554,False,social drinker,elegant,family,public,kids,1987,technology,catholic,student,blue,65.0,medium,1.71,mexican,chinese,cash,none,11:00-21:30;,"mon, tue, wed, thu, fri, ",False,False,False,False,True,1,4,2.0,123.142009,0,2.0,0,2
u1022,135040,0,0,0,22.146708,-100.964355,False,casual drinker,formal,family,car owner,independent,1990,variety,catholic,student,purple,46.0,medium,1.54,mexican,unknown,cash,yes,08:00-23:30;,"mon, tue, wed, thu, fri, ",True,False,True,False,False,0,0,0.0,123.111063,0,4.0,2,2
u1076,135073,2,1,1,22.156469,-100.98554,False,social drinker,elegant,family,public,kids,1987,technology,catholic,student,blue,65.0,medium,1.71,mexican,bar,cash,yes,09:30-23:30;,"mon, tue, wed, thu, fri, ",False,False,False,False,True,1,2,1.0,123.142009,0,3.0,0,2
u1022,135033,1,1,2,22.146708,-100.964355,False,casual drinker,formal,family,car owner,independent,1990,variety,catholic,student,purple,46.0,medium,1.54,mexican,unknown,cash,none,09:00-21:00;,"mon, tue, wed, thu, fri, ",True,False,True,False,False,0,4,1.5,123.111063,0,3.0,2,2
u1022,135025,0,0,0,22.146708,-100.964355,False,casual drinker,formal,family,car owner,independent,1990,variety,catholic,student,purple,46.0,medium,1.54,mexican,mexican,cash,none,18:00-23:30;,"mon, tue, wed, thu, fri, ",True,False,True,False,False,0,0,0.0,123.111063,1,3.0,2,2
u1022,135032,1,1,2,22.146708,-100.964355,False,casual drinker,formal,family,car owner,independent,1990,variety,catholic,student,purple,46.0,medium,1.54,mexican,cafeteria,cash,public,07:00-23:30;,"mon, tue, wed, thu, fri, ",True,False,True,False,False,0,4,1.5,123.111063,0,4.0,2,2
u1022,135057,2,2,2,22.146708,-100.964355,False,casual drinker,formal,family,car owner,independent,1990,variety,catholic,student,purple,46.0,medium,1.54,mexican,bar,cash,yes,13:00-23:00;,"mon, tue, wed, thu, fri, ",True,False,True,False,False,0,4,2.0,123.111063,0,4.0,2,2
u1022,135060,1,1,2,22.146708,-100.964355,False,casual drinker,formal,family,car owner,independent,1990,variety,catholic,student,purple,46.0,medium,1.54,mexican,seafood,cash,none,11:30-19:00;,"mon, tue, wed, thu, fri, ",True,False,True,False,False,0,4,1.5,123.111063,0,3.0,2,2
u1022,135052,2,2,2,22.146708,-100.964355,False,casual drinker,formal,family,car owner,independent,1990,variety,catholic,student,purple,46.0,medium,1.54,mexican,bar,cash,none,08:00-23:30;,"mon, tue, wed, thu, fri, ",True,False,True,False,False,0,4,2.0,123.111063,0,3.0,2,2
u1022,135038,2,1,2,22.146708,-100.964355,False,casual drinker,formal,family,car owner,independent,1990,variety,catholic,student,purple,46.0,medium,1.54,mexican,unknown,cash,none,08:00-17:00;,"mon, tue, wed, thu, fri, ",True,False,True,False,False,0,4,1.5,123.111063,0,3.0,2,2
u1022,135081,0,2,1,22.146708,-100.964355,False,casual drinker,formal,family,car owner,independent,1990,variety,catholic,student,purple,46.0,medium,1.54,mexican,unknown,cash,none,14:00-23:30;,"mon, tue, wed, thu, fri, ",True,False,True,False,False,0,2,1.5,123.111063,0,3.0,2,2
u1022,135045,2,1,1,22.146708,-100.964355,False,casual drinker,formal,family,car owner,independent,1990,variety,catholic,student,purple,46.0,medium,1.54,mexican,unknown,cash,yes,13:00-23:30;,"mon, tue, wed, thu, fri, ",True,False,True,False,False,0,2,1.0,123.111063,0,4.0,2,2
u1022,135051,2,1,1,22.146708,-100.964355,False,casual drinker,formal,family,car owner,independent,1990,variety,catholic,student,purple,46.0,medium,1.54,mexican,unknown,cash,none,08:00-23:30;,"mon, tue, wed, thu, fri, ",True,False,True,False,False,0,2,1.0,123.111063,0,3.0,2,2
u1022,135073,2,2,2,22.146708,-100.964355,False,casual drinker,formal,family,car owner,independent,1990,variety,catholic,student,purple,46.0,medium,1.54,mexican,bar,cash,yes,09:30-23:30;,"mon, tue, wed, thu, fri, ",True,False,True,False,False,0,4,2.0,123.111063,0,4.0,2,2
u1022,135062,1,2,1,22.146708,-100.964355,False,casual drinker,formal,family,car owner,independent,1990,variety,catholic,student,purple,46.0,medium,1.54,mexican,unknown,cash,yes,00:00-23:30;,"mon, tue, wed, thu, fri, ",True,False,True,False,False,0,2,1.5,123.111063,0,4.0,2,2
u1022,135063,2,1,2,22.146708,-100.964355,False,casual drinker,formal,family,car owner,independent,1990,variety,catholic,student,purple,46.0,medium,1.54,mexican,unknown,cash,none,08:30-19:30;,"mon, tue, wed, thu, fri, ",True,False,True,False,False,0,4,1.5,123.111063,0,3.0,2,2
u1116,135047,2,2,2,22.156469,-100.98554,False,social drinker,formal,family,public,kids,1987,technology,catholic,student,blue,40.0,medium,1.71,mexican,unknown,cash,yes,08:00-23:30;,"mon, tue, wed, thu, fri, ",False,False,False,False,True,1,4,2.0,123.142009,0,3.0,0,2
u1116,135060,0,0,0,22.156469,-100.98554,False,social drinker,formal,family,public,kids,1987,technology,catholic,student,blue,40.0,medium,1.71,mexican,seafood,cash,none,11:30-19:00;,"mon, tue, wed, thu, fri, ",False,False,False,False,True,1,0,0.0,123.142009,0,2.0,0,2
u1116,135038,2,2,2,22.156469,-100.98554,False,social drinker,formal,family,public,kids,1987,technology,catholic,student,blue,40.0,medium,1.71,mexican,unknown,cash,none,08:00-17:00;,"mon, tue, wed, thu, fri, ",False,False,False,False,True,1,4,2.0,123.142009,0,2.0,0,2
u1116,135085,2,2,2,22.156469,-100.98554,False,social drinker,formal,family,public,kids,1987,technology,catholic,student,blue,40.0,medium,1.71,mexican,fast_food,cash,public,00:00-00:00;,"mon, tue, wed, thu, fri, ",False,False,False,False,True,1,4,2.0,123.142009,0,3.0,0,2
u1116,135052,2,2,2,22.156469,-100.98554,False,social drinker,formal,family,public,kids,1987,technology,catholic,student,blue,40.0,medium,1.71,mexican,bar,cash,none,08:00-23:30;,"mon, tue, wed, thu, fri, ",False,False,False,False,True,1,4,2.0,123.142009,0,2.0,0,2
u1116,135025,2,2,2,22.156469,-100.98554,False,social drinker,formal,family,public,kids,1987,technology,catholic,student,blue,40.0,medium,1.71,mexican,mexican,cash,none,18:00-23:30;,"mon, tue, wed, thu, fri, ",False,False,False,False,True,1,4,2.0,123.142009,1,2.0,0,2
u1116,135059,0,2,2,22.156469,-100.98554,False,social drinker,formal,family,public,kids,1987,technology,catholic,student,blue,40.0,medium,1.71,mexican,bar,cash,yes,12:00-23:30;,"mon, tue, wed, thu, fri, ",False,False,False,False,True,1,4,2.0,123.142009,0,3.0,0,2
u1116,135027,0,2,2,22.156469,-100.98554,False,social drinker,formal,family,public,kids,1987,technology,catholic,student,blue,40.0,medium,1.71,mexican,mexican,cash,none,08:00-22:00;,"mon, tue, wed, thu, fri, ",False,False,False,False,True,1,4,2.0,123.142009,1,2.0,0,2
u1116,132825,2,2,2,22.156469,-100.98554,False,social drinker,formal,family,public,kids,1987,technology,catholic,student,blue,40.0,medium,1.71,mexican,mexican,cash,none,09:00-12:00;,"mon, tue, wed, thu, fri, ",False,False,False,False,True,1,4,2.0,123.142009,1,2.0,0,2
u1116,135030,1,2,2,22.156469,-100.98554,False,social drinker,formal,family,public,kids,1987,technology,catholic,student,blue,40.0,medium,1.71,mexican,cafe-coffee_shop,cash,none,00:00-00:00;,"mon, tue, wed, thu, fri, ",False,False,False,False,True,1,4,2.0,123.142009,0,2.0,0,2
u1116,132834,2,2,2,22.156469,-100.98554,False,social drinker,formal,family,public,kids,1987,technology,catholic,student,blue,40.0,medium,1.71,mexican,mexican,cash,public,08:30-15:00;,"mon, tue, wed, thu, fri, ",False,False,False,False,True,1,4,2.0,123.142009,1,3.0,0,2
u1105,135057,0,0,0,22.120019,-100.950991,False,social drinker,formal,family,public,independent,1991,variety,christian,student,green,40.0,medium,1.74,cafeteria,bar,cash,yes,13:00-23:00;,"mon, tue, wed, thu, fri, ",True,False,True,False,False,0,0,0.0,123.07101,0,3.0,0,2
u1105,135069,0,0,0,22.120019,-100.950991,False,social drinker,formal,family,public,independent,1991,variety,christian,student,green,40.0,medium,1.74,cafeteria,bar,cash,yes,09:00-23:30;,"mon, tue, wed, thu, fri, ",True,False,True,False,False,0,0,0.0,123.07101,0,3.0,0,2
u1105,132830,0,0,0,22.120019,-100.950991,False,social drinker,formal,family,public,independent,1991,variety,christian,student,green,40.0,medium,1.74,cafeteria,unknown,unknown,none,00:00-23:30;,"mon, tue, wed, thu, fri, ",True,False,True,False,False,0,0,0.0,123.07101,0,2.0,0,2
u1105,135040,0,0,0,22.120019,-100.950991,False,social drinker,formal,family,public,independent,1991,variety,christian,student,green,40.0,medium,1.74,cafeteria,unknown,cash,yes,08:00-23:30;,"mon, tue, wed, thu, fri, ",True,False,True,False,False,0,0,0.0,123.07101,0,3.0,0,2
u1105,135033,0,0,0,22.120019,-100.950991,False,social drinker,formal,family,public,independent,1991,variety,christian,student,green,40.0,medium,1.74,cafeteria,unknown,cash,none,09:00-21:00;,"mon, tue, wed, thu, fri, ",True,False,True,False,False,0,0,0.0,123.07101,0,2.0,0,2
u1105,135054,0,0,0,22.120019,-100.950991,False,social drinker,formal,family,public,independent,1991,variety,christian,student,green,40.0,medium,1.74,cafeteria,seafood,cash,yes,07:00-19:00;,"mon, tue, wed, thu, fri, ",True,False,True,False,False,0,0,0.0,123.07101,0,3.0,0,2
u1105,135039,0,0,0,22.120019,-100.950991,False,social drinker,formal,family,public,independent,1991,variety,christian,student,green,40.0,medium,1.74,cafeteria,seafood,cash,yes,10:00-20:00;,"mon, tue, wed, thu, fri, ",True,False,True,False,False,0,0,0.0,123.07101,0,3.0,0,2
u1105,135052,0,0,0,22.120019,-100.950991,False,social drinker,formal,family,public,independent,1991,variety,christian,student,green,40.0,medium,1.74,cafeteria,bar,cash,none,08:00-23:30;,"mon, tue, wed, thu, fri, ",True,False,True,False,False,0,0,0.0,123.07101,0,2.0,0,2
u1075,135081,1,2,1,22.167575,-100.960364,False,casual drinker,informal,family,car owner,independent,1991,technology,catholic,student,white,68.0,medium,1.6,mexican,unknown,cash,none,14:00-23:30;,"mon, tue, wed, thu, fri, ",True,False,False,False,True,0,2,1.5,123.127939,0,3.0,2,2
u1075,135066,2,1,2,22.167575,-100.960364,False,casual drinker,informal,family,car owner,independent,1991,technology,catholic,student,white,68.0,medium,1.6,mexican,unknown,cash,yes,07:00-23:00;,"sat, ",True,False,False,False,True,0,4,1.5,123.127939,0,4.0,2,2
u1075,135050,2,2,2,22.167575,-100.960364,False,casual drinker,informal,family,car owner,independent,1991,technology,catholic,student,white,68.0,medium,1.6,mexican,unknown,cash,yes,12:00-19:30;,"mon, tue, wed, thu, fri, ",True,False,False,False,True,0,4,2.0,123.127939,0,4.0,2,2
u1007,135108,1,1,1,22.118464,-100.938256,False,casual drinker,informal,solitary,public,independent,1989,variety,catholic,student,purple,60.0,low,1.59,family,unknown,unknown,none,00:00-23:30;,"mon, tue, wed, thu, fri, ",True,False,False,False,True,0,1,1.0,123.05672,0,2.0,4,1
u1075,135076,2,2,0,22.167575,-100.960364,False,casual drinker,informal,family,car owner,independent,1991,technology,catholic,student,white,68.0,medium,1.6,mexican,unknown,cash,yes,12:00-23:30;,"mon, tue, wed, thu, fri, ",True,False,False,False,True,0,0,1.0,123.127939,0,4.0,2,2
u1007,135057,1,1,2,22.118464,-100.938256,False,casual drinker,informal,solitary,public,independent,1989,variety,catholic,student,purple,60.0,low,1.59,family,bar,cash,yes,13:00-23:00;,"mon, tue, wed, thu, fri, ",True,False,False,False,True,0,2,1.5,123.05672,0,3.0,4,1
u1075,135032,1,1,1,22.167575,-100.960364,False,casual drinker,informal,family,car owner,independent,1991,technology,catholic,student,white,68.0,medium,1.6,mexican,cafeteria,cash,public,07:00-23:30;,"mon, tue, wed, thu, fri, ",True,False,False,False,True,0,2,1.0,123.127939,0,4.0,2,2
u1075,132834,1,2,1,22.167575,-100.960364,False,casual drinker,informal,family,car owner,independent,1991,technology,catholic,student,white,68.0,medium,1.6,mexican,mexican,cash,public,08:30-15:00;,"mon, tue, wed, thu, fri, ",True,False,False,False,True,0,2,1.5,123.127939,1,4.0,2,2
u1075,135057,2,1,1,22.167575,-100.960364,False,casual drinker,informal,family,car owner,independent,1991,technology,catholic,student,white,68.0,medium,1.6,mexican,bar,cash,yes,13:00-23:00;,"mon, tue, wed, thu, fri, ",True,False,False,False,True,0,2,1.0,123.127939,0,4.0,2,2
u1075,132830,1,1,1,22.167575,-100.960364,False,casual drinker,informal,family,car owner,independent,1991,technology,catholic,student,white,68.0,medium,1.6,mexican,unknown,unknown,none,00:00-23:30;,"mon, tue, wed, thu, fri, ",True,False,False,False,True,0,2,1.0,123.127939,0,3.0,2,2
u1075,135062,1,0,1,22.167575,-100.960364,False,casual drinker,informal,family,car owner,independent,1991,technology,catholic,student,white,68.0,medium,1.6,mexican,unknown,cash,yes,00:00-23:30;,"mon, tue, wed, thu, fri, ",True,False,False,False,True,0,2,0.5,123.127939,0,4.0,2,2
u1075,135039,2,2,0,22.167575,-100.960364,False,casual drinker,informal,family,car owner,independent,1991,technology,catholic,student,white,68.0,medium,1.6,mexican,seafood,cash,yes,10:00-20:00;,"mon, tue, wed, thu, fri, ",True,False,False,False,True,0,0,1.0,123.127939,0,4.0,2,2
u1075,135051,1,1,1,22.167575,-100.960364,False,casual drinker,informal,family,car owner,independent,1991,technology,catholic,student,white,68.0,medium,1.6,mexican,unknown,cash,none,08:00-23:30;,"mon, tue, wed, thu, fri, ",True,False,False,False,True,0,2,1.0,123.127939,0,3.0,2,2
u1075,135041,1,1,0,22.167575,-100.960364,False,casual drinker,informal,family,car owner,independent,1991,technology,catholic,student,white,68.0,medium,1.6,mexican,bar,cash,none,00:00-00:00;,"mon, tue, wed, thu, fri, ",True,False,False,False,True,0,0,0.5,123.127939,0,3.0,2,2
u1115,135057,2,2,2,22.138127,-100.920512,True,social drinker,elegant,friends,public,independent,1990,variety,catholic,student,green,76.0,low,1.76,regional,bar,cash,yes,13:00-23:00;,"mon, tue, wed, thu, fri, ",True,False,True,False,False,0,2,2.0,123.058639,0,3.0,3,1
u1115,135082,2,2,2,22.138127,-100.920512,True,social drinker,elegant,friends,public,independent,1990,variety,catholic,student,green,76.0,low,1.76,regional,unknown,cash,none,10:00-18:00;,"mon, tue, wed, thu, fri, ",True,False,True,False,False,0,2,2.0,123.058639,0,2.0,3,1
u1115,135054,0,0,1,22.138127,-100.920512,True,social drinker,elegant,friends,public,independent,1990,variety,catholic,student,green,76.0,low,1.76,regional,seafood,cash,yes,07:00-19:00;,"mon, tue, wed, thu, fri, ",True,False,True,False,False,0,1,0.5,123.058639,0,3.0,3,1
u1115,135108,1,2,2,22.138127,-100.920512,True,social drinker,elegant,friends,public,independent,1990,variety,catholic,student,green,76.0,low,1.76,regional,unknown,unknown,none,00:00-23:30;,"mon, tue, wed, thu, fri, ",True,False,True,False,False,0,2,2.0,123.058639,0,2.0,3,1
u1115,135069,1,0,1,22.138127,-100.920512,True,social drinker,elegant,friends,public,independent,1990,variety,catholic,student,green,76.0,low,1.76,regional,bar,cash,yes,09:00-23:30;,"mon, tue, wed, thu, fri, ",True,False,True,False,False,0,1,0.5,123.058639,0,3.0,3,1
u1115,132830,2,2,2,22.138127,-100.920512,True,social drinker,elegant,friends,public,independent,1990,variety,catholic,student,green,76.0,low,1.76,regional,unknown,unknown,none,00:00-23:30;,"mon, tue, wed, thu, fri, ",True,False,True,False,False,0,2,2.0,123.058639,0,2.0,3,1
u1115,135070,1,1,1,22.138127,-100.920512,True,social drinker,elegant,friends,public,independent,1990,variety,catholic,student,green,76.0,low,1.76,regional,unknown,cash,yes,07:00-23:00;,"mon, tue, wed, thu, fri, ",True,False,True,False,False,0,1,1.0,123.058639,0,3.0,3,1
u1115,135071,2,2,2,22.138127,-100.920512,True,social drinker,elegant,friends,public,independent,1990,variety,catholic,student,green,76.0,low,1.76,regional,bar,cash,yes,13:00-23:30;,"mon, tue, wed, thu, fri, ",True,False,True,False,False,0,2,2.0,123.058639,0,3.0,3,1
u1024,132834,1,1,1,22.154021,-100.976028,,abstemious,,unknown,unknown,unknown,1930,none,none,unknown,yellow,40.0,medium,1.3750000000000002,afghan,mexican,cash,public,08:30-15:00;,"mon, tue, wed, thu, fri, ",True,False,True,False,False,0,2,1.0,123.130049,0,1.0,2,2
u1024,135106,1,1,1,22.154021,-100.976028,,abstemious,,unknown,unknown,unknown,1930,none,none,unknown,yellow,40.0,medium,1.3750000000000002,afghan,mexican,cash,none,18:00-23:30;,"mon, tue, wed, thu, fri, ",True,False,True,False,False,0,2,1.0,123.130049,0,0.0,2,2
u1024,135042,1,2,1,22.154021,-100.976028,,abstemious,,unknown,unknown,unknown,1930,none,none,unknown,yellow,40.0,medium,1.3750000000000002,afghan,chinese,cash,none,11:00-21:30;,"mon, tue, wed, thu, fri, ",True,False,True,False,False,0,2,1.5,123.130049,0,0.0,2,2
u1024,132825,1,1,0,22.154021,-100.976028,,abstemious,,unknown,unknown,unknown,1930,none,none,unknown,yellow,40.0,medium,1.3750000000000002,afghan,mexican,cash,none,09:00-12:00;,"mon, tue, wed, thu, fri, ",True,False,True,False,False,0,0,0.5,123.130049,0,0.0,2,2
u1024,135060,1,0,2,22.154021,-100.976028,,abstemious,,unknown,unknown,unknown,1930,none,none,unknown,yellow,40.0,medium,1.3750000000000002,afghan,seafood,cash,none,11:30-19:00;,"mon, tue, wed, thu, fri, ",True,False,True,False,False,0,4,1.0,123.130049,0,0.0,2,2
u1024,135032,2,2,2,22.154021,-100.976028,,abstemious,,unknown,unknown,unknown,1930,none,none,unknown,yellow,40.0,medium,1.3750000000000002,afghan,cafeteria,cash,public,07:00-23:30;,"mon, tue, wed, thu, fri, ",True,False,True,False,False,0,4,2.0,123.130049,0,1.0,2,2
u1024,135039,2,2,2,22.154021,-100.976028,,abstemious,,unknown,unknown,unknown,1930,none,none,unknown,yellow,40.0,medium,1.3750000000000002,afghan,seafood,cash,yes,10:00-20:00;,"mon, tue, wed, thu, fri, ",True,False,True,False,False,0,4,2.0,123.130049,0,1.0,2,2
u1024,135045,2,2,0,22.154021,-100.976028,,abstemious,,unknown,unknown,unknown,1930,none,none,unknown,yellow,40.0,medium,1.3750000000000002,afghan,unknown,cash,yes,13:00-23:30;,"mon, tue, wed, thu, fri, ",True,False,True,False,False,0,0,1.0,123.130049,0,1.0,2,2
u1024,135027,1,2,0,22.154021,-100.976028,,abstemious,,unknown,unknown,unknown,1930,none,none,unknown,yellow,40.0,medium,1.3750000000000002,afghan,mexican,cash,none,08:00-22:00;,"mon, tue, wed, thu, fri, ",True,False,True,False,False,0,0,1.0,123.130049,0,0.0,2,2
u1024,135073,1,2,0,22.154021,-100.976028,,abstemious,,unknown,unknown,unknown,1930,none,none,unknown,yellow,40.0,medium,1.3750000000000002,afghan,bar,cash,yes,09:30-23:30;,"mon, tue, wed, thu, fri, ",True,False,True,False,False,0,0,1.0,123.130049,0,1.0,2,2
u1024,135051,1,1,0,22.154021,-100.976028,,abstemious,,unknown,unknown,unknown,1930,none,none,unknown,yellow,40.0,medium,1.3750000000000002,afghan,unknown,cash,none,08:00-23:30;,"mon, tue, wed, thu, fri, ",True,False,True,False,False,0,0,0.5,123.130049,0,0.0,2,2
u1024,135041,1,1,1,22.154021,-100.976028,,abstemious,,unknown,unknown,unknown,1930,none,none,unknown,yellow,40.0,medium,1.3750000000000002,afghan,bar,cash,none,00:00-00:00;,"mon, tue, wed, thu, fri, ",True,False,True,False,False,0,2,1.0,123.130049,0,0.0,2,2
u1024,135038,1,1,0,22.154021,-100.976028,,abstemious,,unknown,unknown,unknown,1930,none,none,unknown,yellow,40.0,medium,1.3750000000000002,afghan,unknown,cash,none,08:00-17:00;,"mon, tue, wed, thu, fri, ",True,False,True,False,False,0,0,0.5,123.130049,0,0.0,2,2
u1024,135028,1,1,1,22.154021,-100.976028,,abstemious,,unknown,unknown,unknown,1930,none,none,unknown,yellow,40.0,medium,1.3750000000000002,afghan,mexican,cash,none,13:00-23:30;,"mon, tue, wed, thu, fri, ",True,False,True,False,False,0,2,1.0,123.130049,0,0.0,2,2
u1024,135030,1,1,1,22.154021,-100.976028,,abstemious,,unknown,unknown,unknown,1930,none,none,unknown,yellow,40.0,medium,1.3750000000000002,afghan,cafe-coffee_shop,cash,none,00:00-00:00;,"mon, tue, wed, thu, fri, ",True,False,True,False,False,0,2,1.0,123.130049,0,0.0,2,2
u1132,135038,1,1,1,22.15,-100.983,False,casual drinker,informal,solitary,public,unknown,1991,none,none,student,blue,55.0,medium,1.6,mexican,unknown,cash,none,08:00-17:00;,"mon, tue, wed, thu, fri, ",True,False,True,False,False,0,2,1.0,123.13300000000001,0,2.0,4,2
u1132,132825,2,2,2,22.15,-100.983,False,casual drinker,informal,solitary,public,unknown,1991,none,none,student,blue,55.0,medium,1.6,mexican,mexican,cash,none,09:00-12:00;,"mon, tue, wed, thu, fri, ",True,False,True,False,False,0,4,2.0,123.13300000000001,1,2.0,4,2
u1132,135085,2,2,2,22.15,-100.983,False,casual drinker,informal,solitary,public,unknown,1991,none,none,student,blue,55.0,medium,1.6,mexican,fast_food,cash,public,00:00-00:00;,"mon, tue, wed, thu, fri, ",True,False,True,False,False,0,4,2.0,123.13300000000001,0,3.0,4,2
u1132,135062,2,1,1,22.15,-100.983,False,casual drinker,informal,solitary,public,unknown,1991,none,none,student,blue,55.0,medium,1.6,mexican,unknown,cash,yes,00:00-23:30;,"mon, tue, wed, thu, fri, ",True,False,True,False,False,0,2,1.0,123.13300000000001,0,3.0,4,2
u1132,135025,1,1,2,22.15,-100.983,False,casual drinker,informal,solitary,public,unknown,1991,none,none,student,blue,55.0,medium,1.6,mexican,mexican,cash,none,18:00-23:30;,"mon, tue, wed, thu, fri, ",True,False,True,False,False,0,4,1.5,123.13300000000001,1,2.0,4,2
u1132,135052,2,2,2,22.15,-100.983,False,casual drinker,informal,solitary,public,unknown,1991,none,none,student,blue,55.0,medium,1.6,mexican,bar,cash,none,08:00-23:30;,"mon, tue, wed, thu, fri, ",True,False,True,False,False,0,4,2.0,123.13300000000001,0,2.0,4,2
u1132,135028,2,2,2,22.15,-100.983,False,casual drinker,informal,solitary,public,unknown,1991,none,none,student,blue,55.0,medium,1.6,mexican,mexican,cash,none,13:00-23:30;,"mon, tue, wed, thu, fri, ",True,False,True,False,False,0,4,2.0,123.13300000000001,1,2.0,4,2
u1132,135032,1,0,1,22.15,-100.983,False,casual drinker,informal,solitary,public,unknown,1991,none,none,student,blue,55.0,medium,1.6,mexican,cafeteria,cash,public,07:00-23:30;,"mon, tue, wed, thu, fri, ",True,False,True,False,False,0,2,0.5,123.13300000000001,0,3.0,4,2
u1132,135051,1,1,0,22.15,-100.983,False,casual drinker,informal,solitary,public,unknown,1991,none,none,student,blue,55.0,medium,1.6,mexican,unknown,cash,none,08:00-23:30;,"mon, tue, wed, thu, fri, ",True,False,True,False,False,0,0,0.5,123.13300000000001,0,2.0,4,2
u1132,135027,2,1,0,22.15,-100.983,False,casual drinker,informal,solitary,public,unknown,1991,none,none,student,blue,55.0,medium,1.6,mexican,mexican,cash,none,08:00-22:00;,"mon, tue, wed, thu, fri, ",True,False,True,False,False,0,0,0.5,123.13300000000001,1,2.0,4,2
u1005,135050,1,2,1,22.183477,-100.959891,False,abstemious,no preference,family,public,independent,1992,none,catholic,student,black,65.0,medium,1.69,american,unknown,cash,yes,12:00-19:30;,"mon, tue, wed, thu, fri, ",True,False,False,False,True,0,2,1.5,123.143368,0,3.0,1,2
u1005,135076,2,2,1,22.183477,-100.959891,False,abstemious,no preference,family,public,independent,1992,none,catholic,student,black,65.0,medium,1.69,american,unknown,cash,yes,12:00-23:30;,"mon, tue, wed, thu, fri, ",True,False,False,False,True,0,2,1.5,123.143368,0,3.0,1,2
u1005,132830,1,1,0,22.183477,-100.959891,False,abstemious,no preference,family,public,independent,1992,none,catholic,student,black,65.0,medium,1.69,american,unknown,unknown,none,00:00-23:30;,"mon, tue, wed, thu, fri, ",True,False,False,False,True,0,0,0.5,123.143368,0,2.0,1,2
u1005,135066,2,1,1,22.183477,-100.959891,False,abstemious,no preference,family,public,independent,1992,none,catholic,student,black,65.0,medium,1.69,american,unknown,cash,yes,07:00-23:00;,"sat, ",True,False,False,False,True,0,2,1.0,123.143368,0,3.0,1,2
u1005,135041,1,1,1,22.183477,-100.959891,False,abstemious,no preference,family,public,independent,1992,none,catholic,student,black,65.0,medium,1.69,american,bar,cash,none,00:00-00:00;,"mon, tue, wed, thu, fri, ",True,False,False,False,True,0,2,1.0,123.143368,0,2.0,1,2
u1005,135057,1,2,1,22.183477,-100.959891,False,abstemious,no preference,family,public,independent,1992,none,catholic,student,black,65.0,medium,1.69,american,bar,cash,yes,13:00-23:00;,"mon, tue, wed, thu, fri, ",True,False,False,False,True,0,2,1.5,123.143368,0,3.0,1,2
u1005,135043,0,2,0,22.183477,-100.959891,False,abstemious,no preference,family,public,independent,1992,none,catholic,student,black,65.0,medium,1.69,american,fast_food,cash,none,00:00-00:00;,"mon, tue, wed, thu, fri, ",True,False,False,False,True,0,0,1.0,123.143368,0,2.0,1,2
u1005,135042,2,1,2,22.183477,-100.959891,False,abstemious,no preference,family,public,independent,1992,none,catholic,student,black,65.0,medium,1.69,american,chinese,cash,none,11:00-21:30;,"mon, tue, wed, thu, fri, ",True,False,False,False,True,0,4,1.5,123.143368,0,2.0,1,2
u1005,135032,2,1,2,22.183477,-100.959891,False,abstemious,no preference,family,public,independent,1992,none,catholic,student,black,65.0,medium,1.69,american,cafeteria,cash,public,07:00-23:30;,"mon, tue, wed, thu, fri, ",True,False,False,False,True,0,4,1.5,123.143368,0,3.0,1,2
u1120,135085,0,0,0,22.121857,-100.904279,False,abstemious,informal,friends,public,independent,1930,variety,none,student,green,47.0,low,1.57,mexican,fast_food,cash,public,00:00-00:00;,"mon, tue, wed, thu, fri, ",True,False,True,False,False,0,0,0.0,123.02613600000001,0,3.0,4,1
u1120,132845,1,0,2,22.121857,-100.904279,False,abstemious,informal,friends,public,independent,1930,variety,none,student,green,47.0,low,1.57,mexican,mexican,cash,none,19:30-23:30;,"mon, tue, wed, thu, fri, ",True,False,True,False,False,0,2,1.0,123.02613600000001,1,2.0,4,1
u1120,135032,1,1,1,22.121857,-100.904279,False,abstemious,informal,friends,public,independent,1930,variety,none,student,green,47.0,low,1.57,mexican,cafeteria,cash,public,07:00-23:30;,"mon, tue, wed, thu, fri, ",True,False,True,False,False,0,1,1.0,123.02613600000001,0,3.0,4,1
u1120,135045,1,2,2,22.121857,-100.904279,False,abstemious,informal,friends,public,independent,1930,variety,none,student,green,47.0,low,1.57,mexican,unknown,cash,yes,13:00-23:30;,"mon, tue, wed, thu, fri, ",True,False,True,False,False,0,2,2.0,123.02613600000001,0,3.0,4,1
u1120,135038,0,0,0,22.121857,-100.904279,False,abstemious,informal,friends,public,independent,1930,variety,none,student,green,47.0,low,1.57,mexican,unknown,cash,none,08:00-17:00;,"mon, tue, wed, thu, fri, ",True,False,True,False,False,0,0,0.0,123.02613600000001,0,2.0,4,1
u1120,135057,2,2,2,22.121857,-100.904279,False,abstemious,informal,friends,public,independent,1930,variety,none,student,green,47.0,low,1.57,mexican,bar,cash,yes,13:00-23:00;,"mon, tue, wed, thu, fri, ",True,False,True,False,False,0,2,2.0,123.02613600000001,0,3.0,4,1
u1120,135026,1,1,1,22.121857,-100.904279,False,abstemious,informal,friends,public,independent,1930,variety,none,student,green,47.0,low,1.57,mexican,bar,unknown,none,13:30-23:30;,"mon, tue, wed, thu, fri, ",True,False,True,False,False,0,1,1.0,123.02613600000001,0,2.0,4,1
u1120,132846,2,2,1,22.121857,-100.904279,False,abstemious,informal,friends,public,independent,1930,variety,none,student,green,47.0,low,1.57,mexican,international,cash,none,08:00-23:30;,"mon, tue, wed, thu, fri, ",True,False,True,False,False,0,1,1.5,123.02613600000001,0,2.0,4,1
u1077,135027,0,1,1,22.156469,-100.98554,False,social drinker,elegant,family,public,kids,1987,technology,catholic,student,blue,65.0,medium,1.71,mexican,mexican,cash,none,08:00-22:00;,"mon, tue, wed, thu, fri, ",False,False,False,False,True,1,2,1.0,123.142009,1,2.0,0,2
u1120,132847,2,2,2,22.121857,-100.904279,False,abstemious,informal,friends,public,independent,1930,variety,none,student,green,47.0,low,1.57,mexican,unknown,cash,none,20:00-01:30;,"mon, tue, wed, thu, fri, ",True,False,True,False,False,0,2,2.0,123.02613600000001,0,2.0,4,1
u1037,135054,2,1,1,22.15031,-100.900536,False,social drinker,no preference,family,public,independent,1990,variety,catholic,student,blue,52.0,low,1.5,mexican,seafood,cash,yes,07:00-19:00;,"mon, tue, wed, thu, fri, ",True,False,False,False,True,0,1,1.0,123.050846,0,3.0,0,1
u1037,135082,0,0,0,22.15031,-100.900536,False,social drinker,no preference,family,public,independent,1990,variety,catholic,student,blue,52.0,low,1.5,mexican,unknown,cash,none,10:00-18:00;,"mon, tue, wed, thu, fri, ",True,False,False,False,True,0,0,0.0,123.050846,0,2.0,0,1
u1037,135070,0,0,0,22.15031,-100.900536,False,social drinker,no preference,family,public,independent,1990,variety,catholic,student,blue,52.0,low,1.5,mexican,unknown,cash,yes,07:00-23:00;,"mon, tue, wed, thu, fri, ",True,False,False,False,True,0,0,0.0,123.050846,0,3.0,0,1
u1037,132845,0,0,0,22.15031,-100.900536,False,social drinker,no preference,family,public,independent,1990,variety,catholic,student,blue,52.0,low,1.5,mexican,mexican,cash,none,19:30-23:30;,"mon, tue, wed, thu, fri, ",True,False,False,False,True,0,0,0.0,123.050846,1,2.0,0,1
u1037,135108,2,2,2,22.15031,-100.900536,False,social drinker,no preference,family,public,independent,1990,variety,catholic,student,blue,52.0,low,1.5,mexican,unknown,unknown,none,00:00-23:30;,"mon, tue, wed, thu, fri, ",True,False,False,False,True,0,2,2.0,123.050846,0,2.0,0,1
u1037,132847,1,1,1,22.15031,-100.900536,False,social drinker,no preference,family,public,independent,1990,variety,catholic,student,blue,52.0,low,1.5,mexican,unknown,cash,none,20:00-01:30;,"mon, tue, wed, thu, fri, ",True,False,False,False,True,0,1,1.0,123.050846,0,2.0,0,1
u1037,132830,2,2,2,22.15031,-100.900536,False,social drinker,no preference,family,public,independent,1990,variety,catholic,student,blue,52.0,low,1.5,mexican,unknown,unknown,none,00:00-23:30;,"mon, tue, wed, thu, fri, ",True,False,False,False,True,0,2,2.0,123.050846,0,2.0,0,1
u1052,132851,1,0,2,22.138055,-100.936005,True,social drinker,no preference,family,on foot,independent,1990,none,catholic,student,blue,85.0,low,1.8,bakery,american,cash,yes,09:00-22:00;,"mon, tue, wed, thu, fri, ",True,False,False,False,False,0,2,1.0,123.07406,0,2.0,0,1
u1036,132834,1,2,2,22.160572,-100.989418,False,social drinker,informal,family,public,independent,1991,none,catholic,student,blue,76.0,medium,1.7,mexican,mexican,cash,public,08:30-15:00;,"mon, tue, wed, thu, fri, ",True,False,True,False,False,0,4,2.0,123.14999,1,3.0,0,2
u1036,135064,2,2,1,22.160572,-100.989418,False,social drinker,informal,family,public,independent,1991,none,catholic,student,blue,76.0,medium,1.7,mexican,unknown,cash,yes,07:00-22:30;,"mon, tue, wed, thu, fri, ",True,False,True,False,False,0,2,1.5,123.14999,0,3.0,0,2
u1036,135079,2,2,2,22.160572,-100.989418,False,social drinker,informal,family,public,independent,1991,none,catholic,student,blue,76.0,medium,1.7,mexican,chinese,cash,none,13:00-22:30;,"mon, tue, wed, thu, fri, ",True,False,True,False,False,0,4,2.0,123.14999,0,2.0,0,2
u1036,135042,2,2,2,22.160572,-100.989418,False,social drinker,informal,family,public,independent,1991,none,catholic,student,blue,76.0,medium,1.7,mexican,chinese,cash,none,11:00-21:30;,"mon, tue, wed, thu, fri, ",True,False,True,False,False,0,4,2.0,123.14999,0,2.0,0,2
u1036,135085,2,2,2,22.160572,-100.989418,False,social drinker,informal,family,public,independent,1991,none,catholic,student,blue,76.0,medium,1.7,mexican,fast_food,cash,public,00:00-00:00;,"mon, tue, wed, thu, fri, ",True,False,True,False,False,0,4,2.0,123.14999,0,3.0,0,2
u1036,135025,2,2,2,22.160572,-100.989418,False,social drinker,informal,family,public,independent,1991,none,catholic,student,blue,76.0,medium,1.7,mexican,mexican,cash,none,18:00-23:30;,"mon, tue, wed, thu, fri, ",True,False,True,False,False,0,4,2.0,123.14999,1,2.0,0,2
u1036,132825,2,2,2,22.160572,-100.989418,False,social drinker,informal,family,public,independent,1991,none,catholic,student,blue,76.0,medium,1.7,mexican,mexican,cash,none,09:00-12:00;,"mon, tue, wed, thu, fri, ",True,False,True,False,False,0,4,2.0,123.14999,1,2.0,0,2
u1036,135059,2,2,2,22.160572,-100.989418,False,social drinker,informal,family,public,independent,1991,none,catholic,student,blue,76.0,medium,1.7,mexican,bar,cash,yes,12:00-23:30;,"mon, tue, wed, thu, fri, ",True,False,True,False,False,0,4,2.0,123.14999,0,3.0,0,2
u1036,135052,2,2,2,22.160572,-100.989418,False,social drinker,informal,family,public,independent,1991,none,catholic,student,blue,76.0,medium,1.7,mexican,bar,cash,none,08:00-23:30;,"mon, tue, wed, thu, fri, ",True,False,True,False,False,0,4,2.0,123.14999,0,2.0,0,2
u1036,132754,2,2,2,22.160572,-100.989418,False,social drinker,informal,family,public,independent,1991,none,catholic,student,blue,76.0,medium,1.7,mexican,mexican,cash,none,08:00-20:00;,"mon, tue, wed, thu, fri, ",True,False,True,False,False,0,4,2.0,123.14999,1,2.0,0,2
u1036,135065,0,0,0,22.160572,-100.989418,False,social drinker,informal,family,public,independent,1991,none,catholic,student,blue,76.0,medium,1.7,mexican,unknown,cash,none,14:00-23:30;,"mon, tue, wed, thu, fri, ",True,False,True,False,False,0,0,0.0,123.14999,0,2.0,0,2
u1036,135045,2,2,2,22.160572,-100.989418,False,social drinker,informal,family,public,independent,1991,none,catholic,student,blue,76.0,medium,1.7,mexican,unknown,cash,yes,13:00-23:30;,"mon, tue, wed, thu, fri, ",True,False,True,False,False,0,4,2.0,123.14999,0,3.0,0,2
u1038,132854,1,2,2,22.125786,-100.943705,True,social drinker,no preference,family,public,independent,1930,variety,catholic,student,blue,97.0,low,1.83,mexican,international,cash,yes,10:30-22:00;,"mon, tue, wed, thu, fri, ",True,False,False,False,True,0,2,2.0,123.069491,0,3.0,0,1
u1038,132856,0,1,1,22.125786,-100.943705,True,social drinker,no preference,family,public,independent,1930,variety,catholic,student,blue,97.0,low,1.83,mexican,italian,cash,none,10:30-22:30;,"mon, tue, wed, thu, fri, ",True,False,False,False,True,0,1,1.0,123.069491,0,2.0,0,1
u1038,132858,0,2,1,22.125786,-100.943705,True,social drinker,no preference,family,public,independent,1930,variety,catholic,student,blue,97.0,low,1.83,mexican,burgers,cash,none,18:30-23:30;,"mon, tue, wed, thu, fri, ",True,False,False,False,True,0,1,1.5,123.069491,0,2.0,0,1
u1038,132861,1,1,2,22.125786,-100.943705,True,social drinker,no preference,family,public,independent,1930,variety,catholic,student,blue,97.0,low,1.83,mexican,burgers,cash,yes,10:00-23:30;,"mon, tue, wed, thu, fri, ",True,False,False,False,True,0,2,1.5,123.069491,0,3.0,0,1
u1038,132862,2,2,2,22.125786,-100.943705,True,social drinker,no preference,family,public,independent,1930,variety,catholic,student,blue,97.0,low,1.83,mexican,international,cash,valet parking,09:30-23:30;,"mon, tue, wed, thu, fri, ",True,False,False,False,True,0,2,2.0,123.069491,0,2.0,0,1
u1071,132862,2,2,2,22.154339,-100.975342,False,abstemious,formal,friends,car owner,independent,1930,none,none,student,blue,40.0,high,1.73,mexican,international,cash,valet parking,09:30-23:30;,"mon, tue, wed, thu, fri, ",True,False,False,True,False,0,6,2.0,123.129681,0,3.0,4,3
u1071,135063,2,1,2,22.154339,-100.975342,False,abstemious,formal,friends,car owner,independent,1930,none,none,student,blue,40.0,high,1.73,mexican,unknown,cash,none,08:30-19:30;,"mon, tue, wed, thu, fri, ",True,False,False,True,False,0,6,1.5,123.129681,0,3.0,4,3
u1071,135052,2,2,2,22.154339,-100.975342,False,abstemious,formal,friends,car owner,independent,1930,none,none,student,blue,40.0,high,1.73,mexican,bar,cash,none,08:00-23:30;,"mon, tue, wed, thu, fri, ",True,False,False,True,False,0,6,2.0,123.129681,0,3.0,4,3
u1071,135060,1,2,2,22.154339,-100.975342,False,abstemious,formal,friends,car owner,independent,1930,none,none,student,blue,40.0,high,1.73,mexican,seafood,cash,none,11:30-19:00;,"mon, tue, wed, thu, fri, ",True,False,False,True,False,0,6,2.0,123.129681,0,3.0,4,3
u1071,135042,2,2,2,22.154339,-100.975342,False,abstemious,formal,friends,car owner,independent,1930,none,none,student,blue,40.0,high,1.73,mexican,chinese,cash,none,11:00-21:30;,"mon, tue, wed, thu, fri, ",True,False,False,True,False,0,6,2.0,123.129681,0,3.0,4,3
u1071,132825,2,2,2,22.154339,-100.975342,False,abstemious,formal,friends,car owner,independent,1930,none,none,student,blue,40.0,high,1.73,mexican,mexican,cash,none,09:00-12:00;,"mon, tue, wed, thu, fri, ",True,False,False,True,False,0,6,2.0,123.129681,1,3.0,4,3
u1071,132856,2,2,2,22.154339,-100.975342,False,abstemious,formal,friends,car owner,independent,1930,none,none,student,blue,40.0,high,1.73,mexican,italian,cash,none,10:30-22:30;,"mon, tue, wed, thu, fri, ",True,False,False,True,False,0,6,2.0,123.129681,0,3.0,4,3
u1071,135032,2,2,2,22.154339,-100.975342,False,abstemious,formal,friends,car owner,independent,1930,none,none,student,blue,40.0,high,1.73,mexican,cafeteria,cash,public,07:00-23:30;,"mon, tue, wed, thu, fri, ",True,False,False,True,False,0,6,2.0,123.129681,0,4.0,4,3
u1071,132834,1,1,1,22.154339,-100.975342,False,abstemious,formal,friends,car owner,independent,1930,none,none,student,blue,40.0,high,1.73,mexican,mexican,cash,public,08:30-15:00;,"mon, tue, wed, thu, fri, ",True,False,False,True,False,0,3,1.0,123.129681,1,4.0,4,3
u1071,135039,2,2,2,22.154339,-100.975342,False,abstemious,formal,friends,car owner,independent,1930,none,none,student,blue,40.0,high,1.73,mexican,seafood,cash,yes,10:00-20:00;,"mon, tue, wed, thu, fri, ",True,False,False,True,False,0,6,2.0,123.129681,0,4.0,4,3
u1071,135028,2,2,2,22.154339,-100.975342,False,abstemious,formal,friends,car owner,independent,1930,none,none,student,blue,40.0,high,1.73,mexican,mexican,cash,none,13:00-23:30;,"mon, tue, wed, thu, fri, ",True,False,False,True,False,0,6,2.0,123.129681,1,3.0,4,3
u1071,135025,2,2,2,22.154339,-100.975342,False,abstemious,formal,friends,car owner,independent,1930,none,none,student,blue,40.0,high,1.73,mexican,mexican,cash,none,18:00-23:30;,"mon, tue, wed, thu, fri, ",True,False,False,True,False,0,6,2.0,123.129681,1,3.0,4,3
u1071,135030,2,2,2,22.154339,-100.975342,False,abstemious,formal,friends,car owner,independent,1930,none,none,student,blue,40.0,high,1.73,mexican,cafe-coffee_shop,cash,none,00:00-00:00;,"mon, tue, wed, thu, fri, ",True,False,False,True,False,0,6,2.0,123.129681,0,3.0,4,3
u1114,135053,0,0,0,22.177726,-101.014094,False,abstemious,no preference,family,on foot,independent,1991,variety,catholic,student,blue,58.0,medium,1.68,mexican,cafeteria,cash,yes,11:00-22:00;,"mon, tue, wed, thu, fri, ",True,False,True,False,False,0,0,0.0,123.19182,0,2.0,1,2
u1084,135058,1,0,2,22.172524,-101.005758,True,casual drinker,formal,family,public,independent,1991,variety,catholic,student,red,65.0,medium,1.6,mexican,pizzeria,cash,public,13:00-23:00;,"mon, tue, wed, thu, fri, ",True,False,False,False,True,0,4,1.0,123.178282,0,3.0,2,2
u1084,132862,2,2,2,22.172524,-101.005758,True,casual drinker,formal,family,public,independent,1991,variety,catholic,student,red,65.0,medium,1.6,mexican,international,cash,valet parking,09:30-23:30;,"mon, tue, wed, thu, fri, ",True,False,False,False,True,0,4,2.0,123.178282,0,2.0,2,2
u1084,135072,2,2,2,22.172524,-101.005758,True,casual drinker,formal,family,public,independent,1991,variety,catholic,student,red,65.0,medium,1.6,mexican,japanese,cash,none,13:00-23:00;,"mon, tue, wed, thu, fri, ",True,False,False,False,True,0,4,2.0,123.178282,0,2.0,2,2
u1084,135030,2,2,2,22.172524,-101.005758,True,casual drinker,formal,family,public,independent,1991,variety,catholic,student,red,65.0,medium,1.6,mexican,cafe-coffee_shop,cash,none,00:00-00:00;,"mon, tue, wed, thu, fri, ",True,False,False,False,True,0,4,2.0,123.178282,0,2.0,2,2
u1084,135026,2,2,2,22.172524,-101.005758,True,casual drinker,formal,family,public,independent,1991,variety,catholic,student,red,65.0,medium,1.6,mexican,bar,unknown,none,13:30-23:30;,"mon, tue, wed, thu, fri, ",True,False,False,False,True,0,4,2.0,123.178282,0,2.0,2,2
u1084,135035,2,2,2,22.172524,-101.005758,True,casual drinker,formal,family,public,independent,1991,variety,catholic,student,red,65.0,medium,1.6,mexican,italian,cash,yes,13:30-23:30;,"mon, tue, wed, thu, fri, ",True,False,False,False,True,0,4,2.0,123.178282,0,3.0,2,2
u1084,135045,2,2,2,22.172524,-101.005758,True,casual drinker,formal,family,public,independent,1991,variety,catholic,student,red,65.0,medium,1.6,mexican,unknown,cash,yes,13:00-23:30;,"mon, tue, wed, thu, fri, ",True,False,False,False,True,0,4,2.0,123.178282,0,3.0,2,2
u1084,132861,2,2,2,22.172524,-101.005758,True,casual drinker,formal,family,public,independent,1991,variety,catholic,student,red,65.0,medium,1.6,mexican,burgers,cash,yes,10:00-23:30;,"mon, tue, wed, thu, fri, ",True,False,False,False,True,0,4,2.0,123.178282,0,3.0,2,2
u1084,135085,2,2,2,22.172524,-101.005758,True,casual drinker,formal,family,public,independent,1991,variety,catholic,student,red,65.0,medium,1.6,mexican,fast_food,cash,public,00:00-00:00;,"mon, tue, wed, thu, fri, ",True,False,False,False,True,0,4,2.0,123.178282,0,3.0,2,2
u1084,132723,1,0,1,22.172524,-101.005758,True,casual drinker,formal,family,public,independent,1991,variety,catholic,student,red,65.0,medium,1.6,mexican,mexican,cash,public,06:30-15:00;,"mon, tue, wed, thu, fri, ",True,False,False,False,True,0,2,0.5,123.178282,1,3.0,2,2
u1049,132825,0,0,0,22.15,-100.983,False,casual drinker,informal,solitary,public,unknown,1991,none,none,student,blue,55.0,medium,1.6,mexican,mexican,cash,none,09:00-12:00;,"mon, tue, wed, thu, fri, ",True,False,True,False,False,0,0,0.0,123.13300000000001,1,2.0,4,2
u1049,135041,0,0,0,22.15,-100.983,False,casual drinker,informal,solitary,public,unknown,1991,none,none,student,blue,55.0,medium,1.6,mexican,bar,cash,none,00:00-00:00;,"mon, tue, wed, thu, fri, ",True,False,True,False,False,0,0,0.0,123.13300000000001,0,2.0,4,2
u1019,132830,0,0,0,22.153385,-100.975294,False,casual drinker,no preference,family,public,independent,1989,variety,catholic,student,purple,59.0,medium,1.6,family,unknown,unknown,none,00:00-23:30;,"mon, tue, wed, thu, fri, ",True,False,False,False,True,0,0,0.0,123.128679,0,2.0,2,2
u1019,135076,0,0,0,22.153385,-100.975294,False,casual drinker,no preference,family,public,independent,1989,variety,catholic,student,purple,59.0,medium,1.6,family,unknown,cash,yes,12:00-23:30;,"mon, tue, wed, thu, fri, ",True,False,False,False,True,0,0,0.0,123.128679,0,3.0,2,2
u1019,135038,0,0,0,22.153385,-100.975294,False,casual drinker,no preference,family,public,independent,1989,variety,catholic,student,purple,59.0,medium,1.6,family,unknown,cash,none,08:00-17:00;,"mon, tue, wed, thu, fri, ",True,False,False,False,True,0,0,0.0,123.128679,0,2.0,2,2
u1019,132856,0,0,0,22.153385,-100.975294,False,casual drinker,no preference,family,public,independent,1989,variety,catholic,student,purple,59.0,medium,1.6,family,italian,cash,none,10:30-22:30;,"mon, tue, wed, thu, fri, ",True,False,False,False,True,0,0,0.0,123.128679,0,2.0,2,2
u1113,135038,1,2,0,22.137343,-100.913935,False,casual drinker,formal,family,public,independent,1990,none,catholic,student,blue,75.0,medium,1.73,burgers,unknown,cash,none,08:00-17:00;,"mon, tue, wed, thu, fri, ",True,False,False,False,True,0,0,1.0,123.051278,0,2.0,2,2
u1113,135057,2,2,1,22.137343,-100.913935,False,casual drinker,formal,family,public,independent,1990,none,catholic,student,blue,75.0,medium,1.73,burgers,bar,cash,yes,13:00-23:00;,"mon, tue, wed, thu, fri, ",True,False,False,False,True,0,2,1.5,123.051278,0,3.0,2,2
u1113,135085,1,2,1,22.137343,-100.913935,False,casual drinker,formal,family,public,independent,1990,none,catholic,student,blue,75.0,medium,1.73,burgers,fast_food,cash,public,00:00-00:00;,"mon, tue, wed, thu, fri, ",True,False,False,False,True,0,2,1.5,123.051278,0,3.0,2,2
u1113,135032,0,0,0,22.137343,-100.913935,False,casual drinker,formal,family,public,independent,1990,none,catholic,student,blue,75.0,medium,1.73,burgers,cafeteria,cash,public,07:00-23:30;,"mon, tue, wed, thu, fri, ",True,False,False,False,True,0,0,0.0,123.051278,0,3.0,2,2
u1113,135079,1,2,1,22.137343,-100.913935,False,casual drinker,formal,family,public,independent,1990,none,catholic,student,blue,75.0,medium,1.73,burgers,chinese,cash,none,13:00-22:30;,"mon, tue, wed, thu, fri, ",True,False,False,False,True,0,2,1.5,123.051278,0,2.0,2,2
u1113,135046,2,2,1,22.137343,-100.913935,False,casual drinker,formal,family,public,independent,1990,none,catholic,student,blue,75.0,medium,1.73,burgers,fast_food,cash,yes,08:30-21:00;,"mon, tue, wed, thu, fri, ",True,False,False,False,True,0,2,1.5,123.051278,0,3.0,2,2
u1113,132856,0,1,0,22.137343,-100.913935,False,casual drinker,formal,family,public,independent,1990,none,catholic,student,blue,75.0,medium,1.73,burgers,italian,cash,none,10:30-22:30;,"mon, tue, wed, thu, fri, ",True,False,False,False,True,0,0,0.5,123.051278,0,2.0,2,2
u1113,132854,0,0,0,22.137343,-100.913935,False,casual drinker,formal,family,public,independent,1990,none,catholic,student,blue,75.0,medium,1.73,burgers,international,cash,yes,10:30-22:00;,"mon, tue, wed, thu, fri, ",True,False,False,False,True,0,0,0.0,123.051278,0,3.0,2,2
u1104,135039,0,0,1,22.149005,-100.978153,True,social drinker,no preference,family,car owner,independent,1991,technology,catholic,student,blue,75.0,medium,1.71,italian,seafood,cash,yes,10:00-20:00;,"mon, tue, wed, thu, fri, ",True,False,False,True,False,0,2,0.5,123.12715800000001,0,4.0,0,2
u1104,132825,1,2,1,22.149005,-100.978153,True,social drinker,no preference,family,car owner,independent,1991,technology,catholic,student,blue,75.0,medium,1.71,italian,mexican,cash,none,09:00-12:00;,"mon, tue, wed, thu, fri, ",True,False,False,True,False,0,2,1.5,123.12715800000001,0,3.0,0,2
u1104,135085,2,2,1,22.149005,-100.978153,True,social drinker,no preference,family,car owner,independent,1991,technology,catholic,student,blue,75.0,medium,1.71,italian,fast_food,cash,public,00:00-00:00;,"mon, tue, wed, thu, fri, ",True,False,False,True,False,0,2,1.5,123.12715800000001,0,4.0,0,2
u1104,135030,2,1,1,22.149005,-100.978153,True,social drinker,no preference,family,car owner,independent,1991,technology,catholic,student,blue,75.0,medium,1.71,italian,cafe-coffee_shop,cash,none,00:00-00:00;,"mon, tue, wed, thu, fri, ",True,False,False,True,False,0,2,1.0,123.12715800000001,0,3.0,0,2
u1104,135062,1,1,2,22.149005,-100.978153,True,social drinker,no preference,family,car owner,independent,1991,technology,catholic,student,blue,75.0,medium,1.71,italian,unknown,cash,yes,00:00-23:30;,"mon, tue, wed, thu, fri, ",True,False,False,True,False,0,4,1.5,123.12715800000001,0,4.0,0,2
u1104,132834,1,2,1,22.149005,-100.978153,True,social drinker,no preference,family,car owner,independent,1991,technology,catholic,student,blue,75.0,medium,1.71,italian,mexican,cash,public,08:30-15:00;,"mon, tue, wed, thu, fri, ",True,False,False,True,False,0,2,1.5,123.12715800000001,0,4.0,0,2
u1104,135052,1,1,1,22.149005,-100.978153,True,social drinker,no preference,family,car owner,independent,1991,technology,catholic,student,blue,75.0,medium,1.71,italian,bar,cash,none,08:00-23:30;,"mon, tue, wed, thu, fri, ",True,False,False,True,False,0,2,1.0,123.12715800000001,0,3.0,0,2
u1104,135032,2,1,1,22.149005,-100.978153,True,social drinker,no preference,family,car owner,independent,1991,technology,catholic,student,blue,75.0,medium,1.71,italian,cafeteria,cash,public,07:00-23:30;,"mon, tue, wed, thu, fri, ",True,False,False,True,False,0,2,1.0,123.12715800000001,0,4.0,0,2
u1104,135025,2,1,1,22.149005,-100.978153,True,social drinker,no preference,family,car owner,independent,1991,technology,catholic,student,blue,75.0,medium,1.71,italian,mexican,cash,none,18:00-23:30;,"mon, tue, wed, thu, fri, ",True,False,False,True,False,0,2,1.0,123.12715800000001,0,3.0,0,2
u1104,135047,1,2,1,22.149005,-100.978153,True,social drinker,no preference,family,car owner,independent,1991,technology,catholic,student,blue,75.0,medium,1.71,italian,unknown,cash,yes,08:00-23:30;,"mon, tue, wed, thu, fri, ",True,False,False,True,False,0,2,1.5,123.12715800000001,0,4.0,0,2
u1052,132866,2,2,1,22.138055,-100.936005,True,social drinker,no preference,family,on foot,independent,1990,none,catholic,student,blue,85.0,low,1.8,bakery,bakery,cash,yes,09:00-22:00;,"mon, tue, wed, thu, fri, ",True,False,False,False,False,0,1,1.5,123.07406,1,2.0,0,1
u1104,135033,1,1,2,22.149005,-100.978153,True,social drinker,no preference,family,car owner,independent,1991,technology,catholic,student,blue,75.0,medium,1.71,italian,unknown,cash,none,09:00-21:00;,"mon, tue, wed, thu, fri, ",True,False,False,True,False,0,4,1.5,123.12715800000001,0,3.0,0,2
u1052,132869,2,2,1,22.138055,-100.936005,True,social drinker,no preference,family,on foot,independent,1990,none,catholic,student,blue,85.0,low,1.8,bakery,pizzeria,cash,yes,10:00-23:00;,"mon, tue, wed, thu, fri, ",True,False,False,False,False,0,1,1.5,123.07406,0,2.0,0,1
u1052,132870,1,1,1,22.138055,-100.936005,True,social drinker,no preference,family,on foot,independent,1990,none,catholic,student,blue,85.0,low,1.8,bakery,burgers,cash,none,10:30-23:00;,"mon, tue, wed, thu, fri, ",True,False,False,False,False,0,1,1.0,123.07406,0,1.0,0,1
u1104,135041,1,2,1,22.149005,-100.978153,True,social drinker,no preference,family,car owner,independent,1991,technology,catholic,student,blue,75.0,medium,1.71,italian,bar,cash,none,00:00-00:00;,"mon, tue, wed, thu, fri, ",True,False,False,True,False,0,2,1.5,123.12715800000001,0,3.0,0,2
u1045,132825,2,1,1,22.156724,-100.984268,False,casual drinker,elegant,friends,car owner,independent,1991,technology,mormon,student,orange,68.0,high,1.6,middle_eastern,mexican,cash,none,09:00-12:00;,"mon, tue, wed, thu, fri, ",True,False,False,False,True,0,3,1.0,123.140992,0,3.0,5,3
u1045,135064,0,0,0,22.156724,-100.984268,False,casual drinker,elegant,friends,car owner,independent,1991,technology,mormon,student,orange,68.0,high,1.6,middle_eastern,unknown,cash,yes,07:00-22:30;,"mon, tue, wed, thu, fri, ",True,False,False,False,True,0,0,0.0,123.140992,0,4.0,5,3
u1045,132856,1,2,2,22.156724,-100.984268,False,casual drinker,elegant,friends,car owner,independent,1991,technology,mormon,student,orange,68.0,high,1.6,middle_eastern,italian,cash,none,10:30-22:30;,"mon, tue, wed, thu, fri, ",True,False,False,False,True,0,6,2.0,123.140992,0,3.0,5,3
u1045,135085,2,2,2,22.156724,-100.984268,False,casual drinker,elegant,friends,car owner,independent,1991,technology,mormon,student,orange,68.0,high,1.6,middle_eastern,fast_food,cash,public,00:00-00:00;,"mon, tue, wed, thu, fri, ",True,False,False,False,True,0,6,2.0,123.140992,0,4.0,5,3
u1045,135032,0,0,0,22.156724,-100.984268,False,casual drinker,elegant,friends,car owner,independent,1991,technology,mormon,student,orange,68.0,high,1.6,middle_eastern,cafeteria,cash,public,07:00-23:30;,"mon, tue, wed, thu, fri, ",True,False,False,False,True,0,0,0.0,123.140992,0,4.0,5,3
u1045,132834,1,1,1,22.156724,-100.984268,False,casual drinker,elegant,friends,car owner,independent,1991,technology,mormon,student,orange,68.0,high,1.6,middle_eastern,mexican,cash,public,08:30-15:00;,"mon, tue, wed, thu, fri, ",True,False,False,False,True,0,3,1.0,123.140992,0,4.0,5,3
u1045,135052,1,2,2,22.156724,-100.984268,False,casual drinker,elegant,friends,car owner,independent,1991,technology,mormon,student,orange,68.0,high,1.6,middle_eastern,bar,cash,none,08:00-23:30;,"mon, tue, wed, thu, fri, ",True,False,False,False,True,0,6,2.0,123.140992,0,3.0,5,3
u1045,135060,2,2,2,22.156724,-100.984268,False,casual drinker,elegant,friends,car owner,independent,1991,technology,mormon,student,orange,68.0,high,1.6,middle_eastern,seafood,cash,none,11:30-19:00;,"mon, tue, wed, thu, fri, ",True,False,False,False,True,0,6,2.0,123.140992,0,3.0,5,3
u1045,135051,2,2,2,22.156724,-100.984268,False,casual drinker,elegant,friends,car owner,independent,1991,technology,mormon,student,orange,68.0,high,1.6,middle_eastern,unknown,cash,none,08:00-23:30;,"mon, tue, wed, thu, fri, ",True,False,False,False,True,0,6,2.0,123.140992,0,3.0,5,3
u1045,135041,1,2,1,22.156724,-100.984268,False,casual drinker,elegant,friends,car owner,independent,1991,technology,mormon,student,orange,68.0,high,1.6,middle_eastern,bar,cash,none,00:00-00:00;,"mon, tue, wed, thu, fri, ",True,False,False,False,True,0,3,1.5,123.140992,0,3.0,5,3
u1009,132754,1,2,1,22.159427,-100.990448,False,abstemious,formal,family,on foot,kids,1991,variety,catholic,student,green,75.0,medium,1.78,diner,mexican,cash,none,08:00-20:00;,"mon, tue, wed, thu, fri, ",True,False,False,False,True,1,2,1.5,123.14987500000001,0,1.0,1,2
u1009,132862,2,1,2,22.159427,-100.990448,False,abstemious,formal,family,on foot,kids,1991,variety,catholic,student,green,75.0,medium,1.78,diner,international,cash,valet parking,09:30-23:30;,"mon, tue, wed, thu, fri, ",True,False,False,False,True,1,4,1.5,123.14987500000001,0,1.0,1,2
u1009,135060,1,1,1,22.159427,-100.990448,False,abstemious,formal,family,on foot,kids,1991,variety,catholic,student,green,75.0,medium,1.78,diner,seafood,cash,none,11:30-19:00;,"mon, tue, wed, thu, fri, ",True,False,False,False,True,1,2,1.0,123.14987500000001,0,1.0,1,2
u1009,135059,2,1,1,22.159427,-100.990448,False,abstemious,formal,family,on foot,kids,1991,variety,catholic,student,green,75.0,medium,1.78,diner,bar,cash,yes,12:00-23:30;,"mon, tue, wed, thu, fri, ",True,False,False,False,True,1,2,1.0,123.14987500000001,0,2.0,1,2
u1009,132834,2,2,1,22.159427,-100.990448,False,abstemious,formal,family,on foot,kids,1991,variety,catholic,student,green,75.0,medium,1.78,diner,mexican,cash,public,08:30-15:00;,"mon, tue, wed, thu, fri, ",True,False,False,False,True,1,2,1.5,123.14987500000001,0,2.0,1,2
u1009,135058,1,1,2,22.159427,-100.990448,False,abstemious,formal,family,on foot,kids,1991,variety,catholic,student,green,75.0,medium,1.78,diner,pizzeria,cash,public,13:00-23:00;,"mon, tue, wed, thu, fri, ",True,False,False,False,True,1,4,1.5,123.14987500000001,0,2.0,1,2
u1009,135038,2,2,2,22.159427,-100.990448,False,abstemious,formal,family,on foot,kids,1991,variety,catholic,student,green,75.0,medium,1.78,diner,unknown,cash,none,08:00-17:00;,"mon, tue, wed, thu, fri, ",True,False,False,False,True,1,4,2.0,123.14987500000001,0,1.0,1,2
u1009,132825,1,1,0,22.159427,-100.990448,False,abstemious,formal,family,on foot,kids,1991,variety,catholic,student,green,75.0,medium,1.78,diner,mexican,cash,none,09:00-12:00;,"mon, tue, wed, thu, fri, ",True,False,False,False,True,1,0,0.5,123.14987500000001,0,1.0,1,2
u1009,135052,2,1,0,22.159427,-100.990448,False,abstemious,formal,family,on foot,kids,1991,variety,catholic,student,green,75.0,medium,1.78,diner,bar,cash,none,08:00-23:30;,"mon, tue, wed, thu, fri, ",True,False,False,False,True,1,0,0.5,123.14987500000001,0,1.0,1,2
u1009,135063,0,0,0,22.159427,-100.990448,False,abstemious,formal,family,on foot,kids,1991,variety,catholic,student,green,75.0,medium,1.78,diner,unknown,cash,none,08:30-19:30;,"mon, tue, wed, thu, fri, ",True,False,False,False,True,1,0,0.0,123.14987500000001,0,1.0,1,2
u1009,135079,1,2,2,22.159427,-100.990448,False,abstemious,formal,family,on foot,kids,1991,variety,catholic,student,green,75.0,medium,1.78,diner,chinese,cash,none,13:00-22:30;,"mon, tue, wed, thu, fri, ",True,False,False,False,True,1,4,2.0,123.14987500000001,0,1.0,1,2
u1016,132834,2,2,2,22.156247,-100.977402,False,casual drinker,informal,friends,on foot,independent,1991,eco-friendly,catholic,student,green,70.0,medium,1.67,cafe-coffee_shop,mexican,cash,public,08:30-15:00;,"mon, tue, wed, thu, fri, ",True,False,False,False,True,0,4,2.0,123.13364899999999,0,2.0,5,2
u1016,135042,1,2,2,22.156247,-100.977402,False,casual drinker,informal,friends,on foot,independent,1991,eco-friendly,catholic,student,green,70.0,medium,1.67,cafe-coffee_shop,chinese,cash,none,11:00-21:30;,"mon, tue, wed, thu, fri, ",True,False,False,False,True,0,4,2.0,123.13364899999999,0,1.0,5,2
u1016,135032,2,2,2,22.156247,-100.977402,False,casual drinker,informal,friends,on foot,independent,1991,eco-friendly,catholic,student,green,70.0,medium,1.67,cafe-coffee_shop,cafeteria,cash,public,07:00-23:30;,"mon, tue, wed, thu, fri, ",True,False,False,False,True,0,4,2.0,123.13364899999999,0,2.0,5,2
u1016,135106,2,2,2,22.156247,-100.977402,False,casual drinker,informal,friends,on foot,independent,1991,eco-friendly,catholic,student,green,70.0,medium,1.67,cafe-coffee_shop,mexican,cash,none,18:00-23:30;,"mon, tue, wed, thu, fri, ",True,False,False,False,True,0,4,2.0,123.13364899999999,0,1.0,5,2
u1016,132856,2,2,2,22.156247,-100.977402,False,casual drinker,informal,friends,on foot,independent,1991,eco-friendly,catholic,student,green,70.0,medium,1.67,cafe-coffee_shop,italian,cash,none,10:30-22:30;,"mon, tue, wed, thu, fri, ",True,False,False,False,True,0,4,2.0,123.13364899999999,0,1.0,5,2
u1016,135045,2,2,2,22.156247,-100.977402,False,casual drinker,informal,friends,on foot,independent,1991,eco-friendly,catholic,student,green,70.0,medium,1.67,cafe-coffee_shop,unknown,cash,yes,13:00-23:30;,"mon, tue, wed, thu, fri, ",True,False,False,False,True,0,4,2.0,123.13364899999999,0,2.0,5,2
u1016,135060,2,2,2,22.156247,-100.977402,False,casual drinker,informal,friends,on foot,independent,1991,eco-friendly,catholic,student,green,70.0,medium,1.67,cafe-coffee_shop,seafood,cash,none,11:30-19:00;,"mon, tue, wed, thu, fri, ",True,False,False,False,True,0,4,2.0,123.13364899999999,0,1.0,5,2
u1016,135066,2,2,2,22.156247,-100.977402,False,casual drinker,informal,friends,on foot,independent,1991,eco-friendly,catholic,student,green,70.0,medium,1.67,cafe-coffee_shop,unknown,cash,yes,07:00-23:00;,"sat, ",True,False,False,False,True,0,4,2.0,123.13364899999999,0,2.0,5,2
u1016,135085,2,2,0,22.156247,-100.977402,False,casual drinker,informal,friends,on foot,independent,1991,eco-friendly,catholic,student,green,70.0,medium,1.67,cafe-coffee_shop,fast_food,cash,public,00:00-00:00;,"mon, tue, wed, thu, fri, ",True,False,False,False,True,0,0,1.0,123.13364899999999,0,2.0,5,2
u1016,135052,2,2,2,22.156247,-100.977402,False,casual drinker,informal,friends,on foot,independent,1991,eco-friendly,catholic,student,green,70.0,medium,1.67,cafe-coffee_shop,bar,cash,none,08:00-23:30;,"mon, tue, wed, thu, fri, ",True,False,False,False,True,0,4,2.0,123.13364899999999,0,1.0,5,2
u1016,132862,2,2,2,22.156247,-100.977402,False,casual drinker,informal,friends,on foot,independent,1991,eco-friendly,catholic,student,green,70.0,medium,1.67,cafe-coffee_shop,international,cash,valet parking,09:30-23:30;,"mon, tue, wed, thu, fri, ",True,False,False,False,True,0,4,2.0,123.13364899999999,0,1.0,5,2
u1016,135051,2,2,0,22.156247,-100.977402,False,casual drinker,informal,friends,on foot,independent,1991,eco-friendly,catholic,student,green,70.0,medium,1.67,cafe-coffee_shop,unknown,cash,none,08:00-23:30;,"mon, tue, wed, thu, fri, ",True,False,False,False,True,0,0,1.0,123.13364899999999,0,1.0,5,2
u1016,135062,2,2,2,22.156247,-100.977402,False,casual drinker,informal,friends,on foot,independent,1991,eco-friendly,catholic,student,green,70.0,medium,1.67,cafe-coffee_shop,unknown,cash,yes,00:00-23:30;,"mon, tue, wed, thu, fri, ",True,False,False,False,True,0,4,2.0,123.13364899999999,0,2.0,5,2
u1047,132875,0,0,0,22.142429,-100.949147,False,abstemious,no preference,family,public,independent,1992,retro,catholic,student,purple,60.0,medium,1.63,american,japanese,cash,valet parking,00:00-23:30;,"mon, tue, wed, thu, fri, ",True,False,False,False,True,0,0,0.0,123.091576,0,2.0,1,2
u1047,132877,0,0,0,22.142429,-100.949147,False,abstemious,no preference,family,public,independent,1992,retro,catholic,student,purple,60.0,medium,1.63,american,unknown,unknown,none,00:00-23:30;,"mon, tue, wed, thu, fri, ",True,False,False,False,True,0,0,0.0,123.091576,0,2.0,1,2
u1047,132884,0,0,0,22.142429,-100.949147,False,abstemious,no preference,family,public,independent,1992,retro,catholic,student,purple,60.0,medium,1.63,american,unknown,unknown,none,00:00-23:30;,"mon, tue, wed, thu, fri, ",True,False,False,False,True,0,0,0.0,123.091576,0,2.0,1,2
u1095,132872,1,2,2,22.179865,-101.018547,False,abstemious,formal,family,public,independent,1986,variety,catholic,student,blue,65.0,medium,1.65,italian,american,cash,public,09:00-21:00;,"mon, tue, wed, thu, fri, ",False,False,False,False,True,0,4,2.0,123.19841199999999,0,3.0,1,2
u1095,135034,2,2,2,22.179865,-101.018547,False,abstemious,formal,family,public,independent,1986,variety,catholic,student,blue,65.0,medium,1.65,italian,japanese,cash,none,13:30-23:00;,"mon, tue, wed, thu, fri, ",False,False,False,False,True,0,4,2.0,123.19841199999999,0,2.0,1,2
u1095,135058,1,2,2,22.179865,-101.018547,False,abstemious,formal,family,public,independent,1986,variety,catholic,student,blue,65.0,medium,1.65,italian,pizzeria,cash,public,13:00-23:00;,"mon, tue, wed, thu, fri, ",False,False,False,False,True,0,4,2.0,123.19841199999999,0,3.0,1,2
u1034,135086,1,1,1,22.137178,-101.013169,False,casual drinker,informal,family,public,independent,1990,technology,catholic,student,yellow,50.0,medium,1.58,mexican,burgers,cash,yes,08:00-23:00;,"mon, tue, wed, thu, fri, ",True,False,False,False,True,0,2,1.0,123.15034700000001,0,3.0,2,2
u1095,132861,1,1,1,22.179865,-101.018547,False,abstemious,formal,family,public,independent,1986,variety,catholic,student,blue,65.0,medium,1.65,italian,burgers,cash,yes,10:00-23:30;,"mon, tue, wed, thu, fri, ",False,False,False,False,True,0,2,1.0,123.19841199999999,0,3.0,1,2
u1034,135049,0,0,0,22.137178,-101.013169,False,casual drinker,informal,family,public,independent,1990,technology,catholic,student,yellow,50.0,medium,1.58,mexican,seafood,cash,none,12:00-20:00;,"mon, tue, wed, thu, fri, ",True,False,False,False,True,0,0,0.0,123.15034700000001,0,2.0,2,2
u1034,132723,1,0,1,22.137178,-101.013169,False,casual drinker,informal,family,public,independent,1990,technology,catholic,student,yellow,50.0,medium,1.58,mexican,mexican,cash,public,06:30-15:00;,"mon, tue, wed, thu, fri, ",True,False,False,False,True,0,2,0.5,123.15034700000001,1,3.0,2,2
u1095,132723,2,2,2,22.179865,-101.018547,False,abstemious,formal,family,public,independent,1986,variety,catholic,student,blue,65.0,medium,1.65,italian,mexican,cash,public,06:30-15:00;,"mon, tue, wed, thu, fri, ",False,False,False,False,True,0,4,2.0,123.19841199999999,0,3.0,1,2
u1095,135086,1,2,1,22.179865,-101.018547,False,abstemious,formal,family,public,independent,1986,variety,catholic,student,blue,65.0,medium,1.65,italian,burgers,cash,yes,08:00-23:00;,"mon, tue, wed, thu, fri, ",False,False,False,False,True,0,2,1.5,123.19841199999999,0,3.0,1,2
u1095,135055,2,2,2,22.179865,-101.018547,False,abstemious,formal,family,public,independent,1986,variety,catholic,student,blue,65.0,medium,1.65,italian,mexican,cash,yes,14:00-22:00;,"mon, tue, wed, thu, fri, ",False,False,False,False,True,0,4,2.0,123.19841199999999,0,3.0,1,2
u1007,135058,1,2,1,22.118464,-100.938256,False,casual drinker,informal,solitary,public,independent,1989,variety,catholic,student,purple,60.0,low,1.59,family,pizzeria,cash,public,13:00-23:00;,"mon, tue, wed, thu, fri, ",True,False,False,False,True,0,1,1.5,123.05672,0,3.0,4,1
u1007,135085,1,2,0,22.118464,-100.938256,False,casual drinker,informal,solitary,public,independent,1989,variety,catholic,student,purple,60.0,low,1.59,family,fast_food,cash,public,00:00-00:00;,"mon, tue, wed, thu, fri, ",True,False,False,False,True,0,0,1.0,123.05672,0,3.0,4,1
u1095,135064,1,1,1,22.179865,-101.018547,False,abstemious,formal,family,public,independent,1986,variety,catholic,student,blue,65.0,medium,1.65,italian,unknown,cash,yes,07:00-22:30;,"mon, tue, wed, thu, fri, ",False,False,False,False,True,0,2,1.0,123.19841199999999,0,3.0,1,2
u1095,135035,2,2,2,22.179865,-101.018547,False,abstemious,formal,family,public,independent,1986,variety,catholic,student,blue,65.0,medium,1.65,italian,italian,cash,yes,13:30-23:30;,"mon, tue, wed, thu, fri, ",False,False,False,False,True,0,4,2.0,123.19841199999999,1,3.0,1,2
u1095,135072,2,2,2,22.179865,-101.018547,False,abstemious,formal,family,public,independent,1986,variety,catholic,student,blue,65.0,medium,1.65,italian,japanese,cash,none,13:00-23:00;,"mon, tue, wed, thu, fri, ",False,False,False,False,True,0,4,2.0,123.19841199999999,0,2.0,1,2
u1007,135025,1,1,1,22.118464,-100.938256,False,casual drinker,informal,solitary,public,independent,1989,variety,catholic,student,purple,60.0,low,1.59,family,mexican,cash,none,18:00-23:30;,"mon, tue, wed, thu, fri, ",True,False,False,False,True,0,1,1.0,123.05672,0,2.0,4,1
u1007,135032,1,1,0,22.118464,-100.938256,False,casual drinker,informal,solitary,public,independent,1989,variety,catholic,student,purple,60.0,low,1.59,family,cafeteria,cash,public,07:00-23:30;,"mon, tue, wed, thu, fri, ",True,False,False,False,True,0,0,0.5,123.05672,0,3.0,4,1
u1007,135086,0,0,0,22.118464,-100.938256,False,casual drinker,informal,solitary,public,independent,1989,variety,catholic,student,purple,60.0,low,1.59,family,burgers,cash,yes,08:00-23:00;,"mon, tue, wed, thu, fri, ",True,False,False,False,True,0,0,0.0,123.05672,0,3.0,4,1
u1007,132572,1,1,1,22.118464,-100.938256,False,casual drinker,informal,solitary,public,independent,1989,variety,catholic,student,purple,60.0,low,1.59,family,cafeteria,cash,yes,00:00-23:30;,"mon, tue, wed, thu, fri, ",True,False,False,False,True,0,1,1.0,123.05672,0,3.0,4,1
u1007,135038,1,1,0,22.118464,-100.938256,False,casual drinker,informal,solitary,public,independent,1989,variety,catholic,student,purple,60.0,low,1.59,family,unknown,cash,none,08:00-17:00;,"mon, tue, wed, thu, fri, ",True,False,False,False,True,0,0,0.5,123.05672,0,2.0,4,1
u1078,132885,1,1,1,22.172109,-100.963199,True,social drinker,informal,solitary,car owner,independent,1983,variety,catholic,professional,blue,69.0,medium,1.69,mexican,cafeteria,cash,public,08:00-23:30;,"mon, tue, wed, thu, fri, ",True,False,True,False,False,0,2,1.0,123.13530800000001,0,4.0,2,2
u1099,135076,1,1,0,22.184862,-100.970535,True,social drinker,informal,family,public,independent,1989,technology,catholic,student,purple,70.0,high,1.975,mexican,unknown,cash,yes,12:00-23:30;,"mon, tue, wed, thu, fri, ",True,False,False,False,False,0,0,0.5,123.155397,0,3.0,0,3
u1099,132834,2,2,2,22.184862,-100.970535,True,social drinker,informal,family,public,independent,1989,technology,catholic,student,purple,70.0,high,1.975,mexican,mexican,cash,public,08:30-15:00;,"mon, tue, wed, thu, fri, ",True,False,False,False,False,0,6,2.0,123.155397,1,3.0,0,3
u1008,132866,1,1,1,22.122989,-100.923811,False,social drinker,formal,solitary,public,independent,1989,technology,catholic,student,green,68.0,low,1.72,cafe-coffee_shop,bakery,cash,yes,09:00-22:00;,"mon, tue, wed, thu, fri, ",True,False,True,False,False,0,1,1.0,123.0468,0,3.0,2,1
u1008,132858,1,2,1,22.122989,-100.923811,False,social drinker,formal,solitary,public,independent,1989,technology,catholic,student,green,68.0,low,1.72,cafe-coffee_shop,burgers,cash,none,18:30-23:30;,"mon, tue, wed, thu, fri, ",True,False,True,False,False,0,1,1.5,123.0468,0,2.0,2,1
u1099,135043,2,2,2,22.184862,-100.970535,True,social drinker,informal,family,public,independent,1989,technology,catholic,student,purple,70.0,high,1.975,mexican,fast_food,cash,none,00:00-00:00;,"mon, tue, wed, thu, fri, ",True,False,False,False,False,0,6,2.0,123.155397,0,2.0,0,3
u1099,132885,0,0,0,22.184862,-100.970535,True,social drinker,informal,family,public,independent,1989,technology,catholic,student,purple,70.0,high,1.975,mexican,cafeteria,cash,public,08:00-23:30;,"mon, tue, wed, thu, fri, ",True,False,False,False,False,0,0,0.0,123.155397,0,3.0,0,3
u1008,132854,2,2,1,22.122989,-100.923811,False,social drinker,formal,solitary,public,independent,1989,technology,catholic,student,green,68.0,low,1.72,cafe-coffee_shop,international,cash,yes,10:30-22:00;,"mon, tue, wed, thu, fri, ",True,False,True,False,False,0,1,1.5,123.0468,0,3.0,2,1
u1099,132872,1,1,2,22.184862,-100.970535,True,social drinker,informal,family,public,independent,1989,technology,catholic,student,purple,70.0,high,1.975,mexican,american,cash,public,09:00-21:00;,"mon, tue, wed, thu, fri, ",True,False,False,False,False,0,6,1.5,123.155397,0,3.0,0,3
u1008,135108,1,1,0,22.122989,-100.923811,False,social drinker,formal,solitary,public,independent,1989,technology,catholic,student,green,68.0,low,1.72,cafe-coffee_shop,unknown,unknown,none,00:00-23:30;,"mon, tue, wed, thu, fri, ",True,False,True,False,False,0,0,0.5,123.0468,0,2.0,2,1
u1008,132851,1,1,1,22.122989,-100.923811,False,social drinker,formal,solitary,public,independent,1989,technology,catholic,student,green,68.0,low,1.72,cafe-coffee_shop,american,cash,yes,09:00-22:00;,"mon, tue, wed, thu, fri, ",True,False,True,False,False,0,1,1.0,123.0468,0,3.0,2,1
u1099,132856,1,1,0,22.184862,-100.970535,True,social drinker,informal,family,public,independent,1989,technology,catholic,student,purple,70.0,high,1.975,mexican,italian,cash,none,10:30-22:30;,"mon, tue, wed, thu, fri, ",True,False,False,False,False,0,0,0.5,123.155397,0,2.0,0,3
u1008,132869,1,1,1,22.122989,-100.923811,False,social drinker,formal,solitary,public,independent,1989,technology,catholic,student,green,68.0,low,1.72,cafe-coffee_shop,pizzeria,cash,yes,10:00-23:00;,"mon, tue, wed, thu, fri, ",True,False,True,False,False,0,1,1.0,123.0468,0,3.0,2,1
u1099,135066,1,1,1,22.184862,-100.970535,True,social drinker,informal,family,public,independent,1989,technology,catholic,student,purple,70.0,high,1.975,mexican,unknown,cash,yes,07:00-23:00;,"sat, ",True,False,False,False,False,0,3,1.0,123.155397,0,3.0,0,3
u1008,135069,1,1,1,22.122989,-100.923811,False,social drinker,formal,solitary,public,independent,1989,technology,catholic,student,green,68.0,low,1.72,cafe-coffee_shop,bar,cash,yes,09:00-23:30;,"mon, tue, wed, thu, fri, ",True,False,True,False,False,0,1,1.0,123.0468,0,3.0,2,1
u1099,135038,0,1,1,22.184862,-100.970535,True,social drinker,informal,family,public,independent,1989,technology,catholic,student,purple,70.0,high,1.975,mexican,unknown,cash,none,08:00-17:00;,"mon, tue, wed, thu, fri, ",True,False,False,False,False,0,3,1.0,123.155397,0,2.0,0,3
u1099,135060,2,2,2,22.184862,-100.970535,True,social drinker,informal,family,public,independent,1989,technology,catholic,student,purple,70.0,high,1.975,mexican,seafood,cash,none,11:30-19:00;,"mon, tue, wed, thu, fri, ",True,False,False,False,False,0,6,2.0,123.155397,0,2.0,0,3
u1099,135045,1,1,1,22.184862,-100.970535,True,social drinker,informal,family,public,independent,1989,technology,catholic,student,purple,70.0,high,1.975,mexican,unknown,cash,yes,13:00-23:30;,"mon, tue, wed, thu, fri, ",True,False,False,False,False,0,3,1.0,123.155397,0,3.0,0,3
u1008,132846,1,1,1,22.122989,-100.923811,False,social drinker,formal,solitary,public,independent,1989,technology,catholic,student,green,68.0,low,1.72,cafe-coffee_shop,international,cash,none,08:00-23:30;,"mon, tue, wed, thu, fri, ",True,False,True,False,False,0,1,1.0,123.0468,0,2.0,2,1
u1008,135054,1,1,1,22.122989,-100.923811,False,social drinker,formal,solitary,public,independent,1989,technology,catholic,student,green,68.0,low,1.72,cafe-coffee_shop,seafood,cash,yes,07:00-19:00;,"mon, tue, wed, thu, fri, ",True,False,True,False,False,0,1,1.0,123.0468,0,3.0,2,1
u1099,135042,1,1,1,22.184862,-100.970535,True,social drinker,informal,family,public,independent,1989,technology,catholic,student,purple,70.0,high,1.975,mexican,chinese,cash,none,11:00-21:30;,"mon, tue, wed, thu, fri, ",True,False,False,False,False,0,3,1.0,123.155397,0,2.0,0,3
u1013,135079,1,1,1,22.174624,-100.993873,False,abstemious,no preference,friends,public,independent,1982,retro,none,professional,blue,80.0,medium,1.75,japanese,chinese,cash,none,13:00-22:30;,"mon, tue, wed, thu, fri, ",False,True,False,False,True,0,2,1.0,123.168497,0,2.0,4,2
u1013,135072,2,1,1,22.174624,-100.993873,False,abstemious,no preference,friends,public,independent,1982,retro,none,professional,blue,80.0,medium,1.75,japanese,japanese,cash,none,13:00-23:00;,"mon, tue, wed, thu, fri, ",False,True,False,False,True,0,2,1.0,123.168497,1,2.0,4,2
u1013,135085,1,2,0,22.174624,-100.993873,False,abstemious,no preference,friends,public,independent,1982,retro,none,professional,blue,80.0,medium,1.75,japanese,fast_food,cash,public,00:00-00:00;,"mon, tue, wed, thu, fri, ",False,True,False,False,True,0,0,1.0,123.168497,0,3.0,4,2
u1013,135076,1,1,0,22.174624,-100.993873,False,abstemious,no preference,friends,public,independent,1982,retro,none,professional,blue,80.0,medium,1.75,japanese,unknown,cash,yes,12:00-23:30;,"mon, tue, wed, thu, fri, ",False,True,False,False,True,0,0,0.5,123.168497,0,3.0,4,2
u1054,135062,2,2,0,22.150683,-100.975342,False,social drinker,formal,family,public,independent,1992,technology,catholic,student,blue,59.0,medium,1.7,mexican,unknown,cash,yes,00:00-23:30;,"mon, tue, wed, thu, fri, ",True,False,False,False,True,0,0,1.0,123.126025,0,3.0,0,2
u1054,135060,2,2,2,22.150683,-100.975342,False,social drinker,formal,family,public,independent,1992,technology,catholic,student,blue,59.0,medium,1.7,mexican,seafood,cash,none,11:30-19:00;,"mon, tue, wed, thu, fri, ",True,False,False,False,True,0,4,2.0,123.126025,0,2.0,0,2
u1054,135039,2,2,1,22.150683,-100.975342,False,social drinker,formal,family,public,independent,1992,technology,catholic,student,blue,59.0,medium,1.7,mexican,seafood,cash,yes,10:00-20:00;,"mon, tue, wed, thu, fri, ",True,False,False,False,True,0,2,1.5,123.126025,0,3.0,0,2
u1054,135052,2,2,1,22.150683,-100.975342,False,social drinker,formal,family,public,independent,1992,technology,catholic,student,blue,59.0,medium,1.7,mexican,bar,cash,none,08:00-23:30;,"mon, tue, wed, thu, fri, ",True,False,False,False,True,0,2,1.5,123.126025,0,2.0,0,2
u1054,132856,2,2,2,22.150683,-100.975342,False,social drinker,formal,family,public,independent,1992,technology,catholic,student,blue,59.0,medium,1.7,mexican,italian,cash,none,10:30-22:30;,"mon, tue, wed, thu, fri, ",True,False,False,False,True,0,4,2.0,123.126025,0,2.0,0,2
u1054,135051,2,2,0,22.150683,-100.975342,False,social drinker,formal,family,public,independent,1992,technology,catholic,student,blue,59.0,medium,1.7,mexican,unknown,cash,none,08:00-23:30;,"mon, tue, wed, thu, fri, ",True,False,False,False,True,0,0,1.0,123.126025,0,2.0,0,2
u1054,135025,2,2,2,22.150683,-100.975342,False,social drinker,formal,family,public,independent,1992,technology,catholic,student,blue,59.0,medium,1.7,mexican,mexican,cash,none,18:00-23:30;,"mon, tue, wed, thu, fri, ",True,False,False,False,True,0,4,2.0,123.126025,1,2.0,0,2
u1054,135041,2,2,2,22.150683,-100.975342,False,social drinker,formal,family,public,independent,1992,technology,catholic,student,blue,59.0,medium,1.7,mexican,bar,cash,none,00:00-00:00;,"mon, tue, wed, thu, fri, ",True,False,False,False,True,0,4,2.0,123.126025,0,2.0,0,2
u1054,135038,2,1,1,22.150683,-100.975342,False,social drinker,formal,family,public,independent,1992,technology,catholic,student,blue,59.0,medium,1.7,mexican,unknown,cash,none,08:00-17:00;,"mon, tue, wed, thu, fri, ",True,False,False,False,True,0,2,1.0,123.126025,0,2.0,0,2
u1054,135032,1,1,1,22.150683,-100.975342,False,social drinker,formal,family,public,independent,1992,technology,catholic,student,blue,59.0,medium,1.7,mexican,cafeteria,cash,public,07:00-23:30;,"mon, tue, wed, thu, fri, ",True,False,False,False,True,0,2,1.0,123.126025,0,3.0,0,2
u1054,135045,2,1,2,22.150683,-100.975342,False,social drinker,formal,family,public,independent,1992,technology,catholic,student,blue,59.0,medium,1.7,mexican,unknown,cash,yes,13:00-23:30;,"mon, tue, wed, thu, fri, ",True,False,False,False,True,0,4,1.5,123.126025,0,3.0,0,2
u1111,132845,2,2,1,22.143078,-100.908523,True,casual drinker,formal,friends,car owner,independent,1991,none,catholic,student,white,69.0,medium,1.69,mexican,mexican,cash,none,19:30-23:30;,"mon, tue, wed, thu, fri, ",True,False,True,False,False,0,2,1.5,123.051601,1,3.0,5,2
u1111,135071,2,2,2,22.143078,-100.908523,True,casual drinker,formal,friends,car owner,independent,1991,none,catholic,student,white,69.0,medium,1.69,mexican,bar,cash,yes,13:00-23:30;,"mon, tue, wed, thu, fri, ",True,False,True,False,False,0,4,2.0,123.051601,0,4.0,5,2
u1111,132858,1,1,1,22.143078,-100.908523,True,casual drinker,formal,friends,car owner,independent,1991,none,catholic,student,white,69.0,medium,1.69,mexican,burgers,cash,none,18:30-23:30;,"mon, tue, wed, thu, fri, ",True,False,True,False,False,0,2,1.0,123.051601,0,3.0,5,2
u1111,132854,2,2,2,22.143078,-100.908523,True,casual drinker,formal,friends,car owner,independent,1991,none,catholic,student,white,69.0,medium,1.69,mexican,international,cash,yes,10:30-22:00;,"mon, tue, wed, thu, fri, ",True,False,True,False,False,0,4,2.0,123.051601,0,4.0,5,2
u1111,132877,1,1,1,22.143078,-100.908523,True,casual drinker,formal,friends,car owner,independent,1991,none,catholic,student,white,69.0,medium,1.69,mexican,unknown,unknown,none,00:00-23:30;,"mon, tue, wed, thu, fri, ",True,False,True,False,False,0,2,1.0,123.051601,0,3.0,5,2
u1037,135071,1,0,0,22.15031,-100.900536,False,social drinker,no preference,family,public,independent,1990,variety,catholic,student,blue,52.0,low,1.5,mexican,bar,cash,yes,13:00-23:30;,"mon, tue, wed, thu, fri, ",True,False,False,False,True,0,0,0.0,123.050846,0,3.0,0,1
u1111,132851,2,1,0,22.143078,-100.908523,True,casual drinker,formal,friends,car owner,independent,1991,none,catholic,student,white,69.0,medium,1.69,mexican,american,cash,yes,09:00-22:00;,"mon, tue, wed, thu, fri, ",True,False,True,False,False,0,0,0.5,123.051601,0,4.0,5,2
u1111,135108,2,1,0,22.143078,-100.908523,True,casual drinker,formal,friends,car owner,independent,1991,none,catholic,student,white,69.0,medium,1.69,mexican,unknown,unknown,none,00:00-23:30;,"mon, tue, wed, thu, fri, ",True,False,True,False,False,0,0,0.5,123.051601,0,3.0,5,2
u1111,132869,0,0,0,22.143078,-100.908523,True,casual drinker,formal,friends,car owner,independent,1991,none,catholic,student,white,69.0,medium,1.69,mexican,pizzeria,cash,yes,10:00-23:00;,"mon, tue, wed, thu, fri, ",True,False,True,False,False,0,0,0.0,123.051601,0,4.0,5,2
u1037,132869,1,1,2,22.15031,-100.900536,False,social drinker,no preference,family,public,independent,1990,variety,catholic,student,blue,52.0,low,1.5,mexican,pizzeria,cash,yes,10:00-23:00;,"mon, tue, wed, thu, fri, ",True,False,False,False,True,0,2,1.5,123.050846,0,3.0,0,1
u1111,132870,0,0,0,22.143078,-100.908523,True,casual drinker,formal,friends,car owner,independent,1991,none,catholic,student,white,69.0,medium,1.69,mexican,burgers,cash,none,10:30-23:00;,"mon, tue, wed, thu, fri, ",True,False,True,False,False,0,0,0.0,123.051601,0,3.0,5,2
u1037,132851,2,2,1,22.15031,-100.900536,False,social drinker,no preference,family,public,independent,1990,variety,catholic,student,blue,52.0,low,1.5,mexican,american,cash,yes,09:00-22:00;,"mon, tue, wed, thu, fri, ",True,False,False,False,True,0,1,1.5,123.050846,0,3.0,0,1
u1111,132847,0,0,0,22.143078,-100.908523,True,casual drinker,formal,friends,car owner,independent,1991,none,catholic,student,white,69.0,medium,1.69,mexican,unknown,cash,none,20:00-01:30;,"mon, tue, wed, thu, fri, ",True,False,True,False,False,0,0,0.0,123.051601,0,3.0,5,2
u1111,135082,1,0,0,22.143078,-100.908523,True,casual drinker,formal,friends,car owner,independent,1991,none,catholic,student,white,69.0,medium,1.69,mexican,unknown,cash,none,10:00-18:00;,"mon, tue, wed, thu, fri, ",True,False,True,False,False,0,0,0.0,123.051601,0,3.0,5,2
u1037,132854,1,2,0,22.15031,-100.900536,False,social drinker,no preference,family,public,independent,1990,variety,catholic,student,blue,52.0,low,1.5,mexican,international,cash,yes,10:30-22:00;,"mon, tue, wed, thu, fri, ",True,False,False,False,True,0,0,1.0,123.050846,0,3.0,0,1
u1015,132845,1,1,1,22.12676,-100.905209,True,social drinker,informal,family,public,independent,1989,technology,catholic,student,black,87.0,medium,1.67,mexican,mexican,cash,none,19:30-23:30;,"mon, tue, wed, thu, fri, ",True,False,False,False,True,0,2,1.0,123.031969,1,2.0,0,2
u1015,132866,0,1,1,22.12676,-100.905209,True,social drinker,informal,family,public,independent,1989,technology,catholic,student,black,87.0,medium,1.67,mexican,bakery,cash,yes,09:00-22:00;,"mon, tue, wed, thu, fri, ",True,False,False,False,True,0,2,1.0,123.031969,0,3.0,0,2
u1015,132870,0,0,1,22.12676,-100.905209,True,social drinker,informal,family,public,independent,1989,technology,catholic,student,black,87.0,medium,1.67,mexican,burgers,cash,none,10:30-23:00;,"mon, tue, wed, thu, fri, ",True,False,False,False,True,0,2,0.5,123.031969,0,2.0,0,2
u1015,135054,1,1,1,22.12676,-100.905209,True,social drinker,informal,family,public,independent,1989,technology,catholic,student,black,87.0,medium,1.67,mexican,seafood,cash,yes,07:00-19:00;,"mon, tue, wed, thu, fri, ",True,False,False,False,True,0,2,1.0,123.031969,0,3.0,0,2
u1015,132869,2,2,2,22.12676,-100.905209,True,social drinker,informal,family,public,independent,1989,technology,catholic,student,black,87.0,medium,1.67,mexican,pizzeria,cash,yes,10:00-23:00;,"mon, tue, wed, thu, fri, ",True,False,False,False,True,0,4,2.0,123.031969,0,3.0,0,2
u1015,132851,1,1,1,22.12676,-100.905209,True,social drinker,informal,family,public,independent,1989,technology,catholic,student,black,87.0,medium,1.67,mexican,american,cash,yes,09:00-22:00;,"mon, tue, wed, thu, fri, ",True,False,False,False,True,0,2,1.0,123.031969,0,3.0,0,2
u1015,132877,1,1,2,22.12676,-100.905209,True,social drinker,informal,family,public,independent,1989,technology,catholic,student,black,87.0,medium,1.67,mexican,unknown,unknown,none,00:00-23:30;,"mon, tue, wed, thu, fri, ",True,False,False,False,True,0,4,1.5,123.031969,0,2.0,0,2
u1128,132872,0,0,0,22.187236,-100.994213,False,casual drinker,no preference,friends,public,independent,1986,variety,catholic,student,red,66.0,low,1.72,cafeteria,american,cash,public,09:00-21:00;,"mon, tue, wed, thu, fri, ",True,False,False,False,True,0,0,0.0,123.181449,0,3.0,5,1
u1062,132872,0,0,0,22.195826,-101.006317,False,casual drinker,informal,friends,car owner,independent,1985,variety,catholic,student,yellow,88.0,medium,1.68,mexican,american,cash,public,09:00-21:00;,"mon, tue, wed, thu, fri, ",True,False,True,False,False,0,0,0.0,123.20214299999999,0,4.0,5,2
u1101,135039,1,1,1,22.150891,-100.974891,False,casual drinker,no preference,friends,car owner,independent,1988,eco-friendly,catholic,student,white,50.0,low,1.69,chinese,seafood,cash,yes,10:00-20:00;,"mon, tue, wed, thu, fri, ",True,False,False,True,False,0,1,1.0,123.125782,0,4.0,5,1
u1101,135027,2,1,1,22.150891,-100.974891,False,casual drinker,no preference,friends,car owner,independent,1988,eco-friendly,catholic,student,white,50.0,low,1.69,chinese,mexican,cash,none,08:00-22:00;,"mon, tue, wed, thu, fri, ",True,False,False,True,False,0,1,1.0,123.125782,0,3.0,5,1
u1101,135073,1,1,1,22.150891,-100.974891,False,casual drinker,no preference,friends,car owner,independent,1988,eco-friendly,catholic,student,white,50.0,low,1.69,chinese,bar,cash,yes,09:30-23:30;,"mon, tue, wed, thu, fri, ",True,False,False,True,False,0,1,1.0,123.125782,0,4.0,5,1
u1101,135106,0,0,0,22.150891,-100.974891,False,casual drinker,no preference,friends,car owner,independent,1988,eco-friendly,catholic,student,white,50.0,low,1.69,chinese,mexican,cash,none,18:00-23:30;,"mon, tue, wed, thu, fri, ",True,False,False,True,False,0,0,0.0,123.125782,0,3.0,5,1
u1101,132856,1,0,1,22.150891,-100.974891,False,casual drinker,no preference,friends,car owner,independent,1988,eco-friendly,catholic,student,white,50.0,low,1.69,chinese,italian,cash,none,10:30-22:30;,"mon, tue, wed, thu, fri, ",True,False,False,True,False,0,1,0.5,123.125782,0,3.0,5,1
u1101,135032,2,2,1,22.150891,-100.974891,False,casual drinker,no preference,friends,car owner,independent,1988,eco-friendly,catholic,student,white,50.0,low,1.69,chinese,cafeteria,cash,public,07:00-23:30;,"mon, tue, wed, thu, fri, ",True,False,False,True,False,0,1,1.5,123.125782,0,4.0,5,1
u1101,135038,2,2,1,22.150891,-100.974891,False,casual drinker,no preference,friends,car owner,independent,1988,eco-friendly,catholic,student,white,50.0,low,1.69,chinese,unknown,cash,none,08:00-17:00;,"mon, tue, wed, thu, fri, ",True,False,False,True,False,0,1,1.5,123.125782,0,3.0,5,1
u1101,135051,2,0,2,22.150891,-100.974891,False,casual drinker,no preference,friends,car owner,independent,1988,eco-friendly,catholic,student,white,50.0,low,1.69,chinese,unknown,cash,none,08:00-23:30;,"mon, tue, wed, thu, fri, ",True,False,False,True,False,0,2,1.0,123.125782,0,3.0,5,1
u1101,135052,2,1,1,22.150891,-100.974891,False,casual drinker,no preference,friends,car owner,independent,1988,eco-friendly,catholic,student,white,50.0,low,1.69,chinese,bar,cash,none,08:00-23:30;,"mon, tue, wed, thu, fri, ",True,False,False,True,False,0,1,1.0,123.125782,0,3.0,5,1
u1101,135041,0,0,0,22.150891,-100.974891,False,casual drinker,no preference,friends,car owner,independent,1988,eco-friendly,catholic,student,white,50.0,low,1.69,chinese,bar,cash,none,00:00-00:00;,"mon, tue, wed, thu, fri, ",True,False,False,True,False,0,0,0.0,123.125782,0,3.0,5,1
u1001,135085,0,1,1,22.139997,-100.978803,False,abstemious,informal,family,on foot,independent,1989,variety,none,student,black,69.0,medium,1.77,american,fast_food,cash,public,00:00-00:00;,"mon, tue, wed, thu, fri, ",True,False,False,False,True,0,2,1.0,123.1188,0,2.0,1,2
u1001,135040,1,1,1,22.139997,-100.978803,False,abstemious,informal,family,on foot,independent,1989,variety,none,student,black,69.0,medium,1.77,american,unknown,cash,yes,08:00-23:30;,"mon, tue, wed, thu, fri, ",True,False,False,False,True,0,2,1.0,123.1188,0,2.0,1,2
u1001,135039,1,1,1,22.139997,-100.978803,False,abstemious,informal,family,on foot,independent,1989,variety,none,student,black,69.0,medium,1.77,american,seafood,cash,yes,10:00-20:00;,"mon, tue, wed, thu, fri, ",True,False,False,False,True,0,2,1.0,123.1188,0,2.0,1,2
u1001,135045,1,1,1,22.139997,-100.978803,False,abstemious,informal,family,on foot,independent,1989,variety,none,student,black,69.0,medium,1.77,american,unknown,cash,yes,13:00-23:30;,"mon, tue, wed, thu, fri, ",True,False,False,False,True,0,2,1.0,123.1188,0,2.0,1,2
u1001,135033,1,1,1,22.139997,-100.978803,False,abstemious,informal,family,on foot,independent,1989,variety,none,student,black,69.0,medium,1.77,american,unknown,cash,none,09:00-21:00;,"mon, tue, wed, thu, fri, ",True,False,False,False,True,0,2,1.0,123.1188,0,1.0,1,2
u1001,135025,2,2,2,22.139997,-100.978803,False,abstemious,informal,family,on foot,independent,1989,variety,none,student,black,69.0,medium,1.77,american,mexican,cash,none,18:00-23:30;,"mon, tue, wed, thu, fri, ",True,False,False,False,True,0,4,2.0,123.1188,0,1.0,1,2
u1001,135051,1,1,2,22.139997,-100.978803,False,abstemious,informal,family,on foot,independent,1989,variety,none,student,black,69.0,medium,1.77,american,unknown,cash,none,08:00-23:30;,"mon, tue, wed, thu, fri, ",True,False,False,False,True,0,4,1.5,123.1188,0,1.0,1,2
u1135,135085,0,0,0,22.170396,-100.949936,False,casual drinker,informal,family,on foot,kids,1988,variety,catholic,student,purple,66.0,low,1.54,organic-healthy,fast_food,cash,public,00:00-00:00;,"mon, tue, wed, thu, fri, ",True,False,False,True,False,1,0,0.0,123.12033199999999,0,2.0,2,1
u1135,135106,0,0,0,22.170396,-100.949936,False,casual drinker,informal,family,on foot,kids,1988,variety,catholic,student,purple,66.0,low,1.54,organic-healthy,mexican,cash,none,18:00-23:30;,"mon, tue, wed, thu, fri, ",True,False,False,True,False,1,0,0.0,123.12033199999999,0,1.0,2,1
u1135,135052,0,0,0,22.170396,-100.949936,False,casual drinker,informal,family,on foot,kids,1988,variety,catholic,student,purple,66.0,low,1.54,organic-healthy,bar,cash,none,08:00-23:30;,"mon, tue, wed, thu, fri, ",True,False,False,True,False,1,0,0.0,123.12033199999999,0,1.0,2,1
u1135,135041,0,0,0,22.170396,-100.949936,False,casual drinker,informal,family,on foot,kids,1988,variety,catholic,student,purple,66.0,low,1.54,organic-healthy,bar,cash,none,00:00-00:00;,"mon, tue, wed, thu, fri, ",True,False,False,True,False,1,0,0.0,123.12033199999999,0,1.0,2,1
u1032,132872,1,1,1,22.169184,-100.986843,False,abstemious,formal,family,public,independent,1989,variety,catholic,student,blue,40.0,medium,1.75,mexican,american,cash,public,09:00-21:00;,"mon, tue, wed, thu, fri, ",True,False,True,False,False,0,2,1.0,123.156027,0,3.0,1,2
u1032,135058,2,1,0,22.169184,-100.986843,False,abstemious,formal,family,public,independent,1989,variety,catholic,student,blue,40.0,medium,1.75,mexican,pizzeria,cash,public,13:00-23:00;,"mon, tue, wed, thu, fri, ",True,False,True,False,False,0,0,0.5,123.156027,0,3.0,1,2
u1032,135079,2,2,0,22.169184,-100.986843,False,abstemious,formal,family,public,independent,1989,variety,catholic,student,blue,40.0,medium,1.75,mexican,chinese,cash,none,13:00-22:30;,"mon, tue, wed, thu, fri, ",True,False,True,False,False,0,0,1.0,123.156027,0,2.0,1,2
u1032,135085,1,1,1,22.169184,-100.986843,False,abstemious,formal,family,public,independent,1989,variety,catholic,student,blue,40.0,medium,1.75,mexican,fast_food,cash,public,00:00-00:00;,"mon, tue, wed, thu, fri, ",True,False,True,False,False,0,2,1.0,123.156027,0,3.0,1,2
u1032,135042,0,1,0,22.169184,-100.986843,False,abstemious,formal,family,public,independent,1989,variety,catholic,student,blue,40.0,medium,1.75,mexican,chinese,cash,none,11:00-21:30;,"mon, tue, wed, thu, fri, ",True,False,True,False,False,0,0,0.5,123.156027,0,2.0,1,2
u1032,132856,1,1,0,22.169184,-100.986843,False,abstemious,formal,family,public,independent,1989,variety,catholic,student,blue,40.0,medium,1.75,mexican,italian,cash,none,10:30-22:30;,"mon, tue, wed, thu, fri, ",True,False,True,False,False,0,0,0.5,123.156027,0,2.0,1,2
u1135,132825,0,0,0,22.170396,-100.949936,False,casual drinker,informal,family,on foot,kids,1988,variety,catholic,student,purple,66.0,low,1.54,organic-healthy,mexican,cash,none,09:00-12:00;,"mon, tue, wed, thu, fri, ",True,False,False,True,False,1,0,0.0,123.12033199999999,0,1.0,2,1
u1135,132834,0,0,0,22.170396,-100.949936,False,casual drinker,informal,family,on foot,kids,1988,variety,catholic,student,purple,66.0,low,1.54,organic-healthy,mexican,cash,public,08:30-15:00;,"mon, tue, wed, thu, fri, ",True,False,False,True,False,1,0,0.0,123.12033199999999,0,2.0,2,1
u1032,135038,1,1,0,22.169184,-100.986843,False,abstemious,formal,family,public,independent,1989,variety,catholic,student,blue,40.0,medium,1.75,mexican,unknown,cash,none,08:00-17:00;,"mon, tue, wed, thu, fri, ",True,False,True,False,False,0,0,0.5,123.156027,0,2.0,1,2
u1032,132834,1,1,0,22.169184,-100.986843,False,abstemious,formal,family,public,independent,1989,variety,catholic,student,blue,40.0,medium,1.75,mexican,mexican,cash,public,08:30-15:00;,"mon, tue, wed, thu, fri, ",True,False,True,False,False,0,0,0.5,123.156027,1,3.0,1,2
u1032,135060,1,1,1,22.169184,-100.986843,False,abstemious,formal,family,public,independent,1989,variety,catholic,student,blue,40.0,medium,1.75,mexican,seafood,cash,none,11:30-19:00;,"mon, tue, wed, thu, fri, ",True,False,True,False,False,0,2,1.0,123.156027,0,2.0,1,2
u1135,135058,0,0,0,22.170396,-100.949936,False,casual drinker,informal,family,on foot,kids,1988,variety,catholic,student,purple,66.0,low,1.54,organic-healthy,pizzeria,cash,public,13:00-23:00;,"mon, tue, wed, thu, fri, ",True,False,False,True,False,1,0,0.0,123.12033199999999,0,2.0,2,1
u1032,135032,0,0,0,22.169184,-100.986843,False,abstemious,formal,family,public,independent,1989,variety,catholic,student,blue,40.0,medium,1.75,mexican,cafeteria,cash,public,07:00-23:30;,"mon, tue, wed, thu, fri, ",True,False,True,False,False,0,0,0.0,123.156027,0,3.0,1,2
u1135,135063,0,0,0,22.170396,-100.949936,False,casual drinker,informal,family,on foot,kids,1988,variety,catholic,student,purple,66.0,low,1.54,organic-healthy,unknown,cash,none,08:30-19:30;,"mon, tue, wed, thu, fri, ",True,False,False,True,False,1,0,0.0,123.12033199999999,0,1.0,2,1
u1135,132856,0,0,0,22.170396,-100.949936,False,casual drinker,informal,family,on foot,kids,1988,variety,catholic,student,purple,66.0,low,1.54,organic-healthy,italian,cash,none,10:30-22:30;,"mon, tue, wed, thu, fri, ",True,False,False,True,False,1,0,0.0,123.12033199999999,0,1.0,2,1
u1135,135045,0,0,0,22.170396,-100.949936,False,casual drinker,informal,family,on foot,kids,1988,variety,catholic,student,purple,66.0,low,1.54,organic-healthy,unknown,cash,yes,13:00-23:30;,"mon, tue, wed, thu, fri, ",True,False,False,True,False,1,0,0.0,123.12033199999999,0,2.0,2,1
u1135,135028,0,0,0,22.170396,-100.949936,False,casual drinker,informal,family,on foot,kids,1988,variety,catholic,student,purple,66.0,low,1.54,organic-healthy,mexican,cash,none,13:00-23:30;,"mon, tue, wed, thu, fri, ",True,False,False,True,False,1,0,0.0,123.12033199999999,0,1.0,2,1
u1135,135032,0,0,0,22.170396,-100.949936,False,casual drinker,informal,family,on foot,kids,1988,variety,catholic,student,purple,66.0,low,1.54,organic-healthy,cafeteria,cash,public,07:00-23:30;,"mon, tue, wed, thu, fri, ",True,False,False,True,False,1,0,0.0,123.12033199999999,0,2.0,2,1
u1135,135042,0,0,0,22.170396,-100.949936,False,casual drinker,informal,family,on foot,kids,1988,variety,catholic,student,purple,66.0,low,1.54,organic-healthy,chinese,cash,none,11:00-21:30;,"mon, tue, wed, thu, fri, ",True,False,False,True,False,1,0,0.0,123.12033199999999,0,1.0,2,1
u1135,135060,0,0,0,22.170396,-100.949936,False,casual drinker,informal,family,on foot,kids,1988,variety,catholic,student,purple,66.0,low,1.54,organic-healthy,seafood,cash,none,11:30-19:00;,"mon, tue, wed, thu, fri, ",True,False,False,True,False,1,0,0.0,123.12033199999999,0,1.0,2,1
u1048,135049,1,0,2,22.142208,-101.022785,True,casual drinker,no preference,unknown,public,independent,1988,eco-friendly,none,student,green,65.0,medium,1.7,mexican,seafood,cash,none,12:00-20:00;,"mon, tue, wed, thu, fri, ",True,False,False,False,True,0,4,1.0,123.164993,0,2.0,3,2
u1048,135026,2,2,2,22.142208,-101.022785,True,casual drinker,no preference,unknown,public,independent,1988,eco-friendly,none,student,green,65.0,medium,1.7,mexican,bar,unknown,none,13:30-23:30;,"mon, tue, wed, thu, fri, ",True,False,False,False,True,0,4,2.0,123.164993,0,2.0,3,2
u1048,135034,2,2,1,22.142208,-101.022785,True,casual drinker,no preference,unknown,public,independent,1988,eco-friendly,none,student,green,65.0,medium,1.7,mexican,japanese,cash,none,13:30-23:00;,"mon, tue, wed, thu, fri, ",True,False,False,False,True,0,2,1.5,123.164993,0,2.0,3,2
u1048,135048,0,1,0,22.142208,-101.022785,True,casual drinker,no preference,unknown,public,independent,1988,eco-friendly,none,student,green,65.0,medium,1.7,mexican,bar,cash,yes,11:00-22:30;,"mon, tue, wed, thu, fri, ",True,False,False,False,True,0,0,0.5,123.164993,0,3.0,3,2
u1048,135065,2,2,0,22.142208,-101.022785,True,casual drinker,no preference,unknown,public,independent,1988,eco-friendly,none,student,green,65.0,medium,1.7,mexican,unknown,cash,none,14:00-23:30;,"mon, tue, wed, thu, fri, ",True,False,False,False,True,0,0,1.0,123.164993,0,2.0,3,2
u1048,132755,2,2,2,22.142208,-101.022785,True,casual drinker,no preference,unknown,public,independent,1988,eco-friendly,none,student,green,65.0,medium,1.7,mexican,mexican,cash,public,00:00-23:30;,"mon, tue, wed, thu, fri, ",True,False,False,False,True,0,4,2.0,123.164993,1,3.0,3,2
u1048,132723,2,2,2,22.142208,-101.022785,True,casual drinker,no preference,unknown,public,independent,1988,eco-friendly,none,student,green,65.0,medium,1.7,mexican,mexican,cash,public,06:30-15:00;,"mon, tue, wed, thu, fri, ",True,False,False,False,True,0,4,2.0,123.164993,1,3.0,3,2
u1062,135085,0,0,0,22.195826,-101.006317,False,casual drinker,informal,friends,car owner,independent,1985,variety,catholic,student,yellow,88.0,medium,1.68,mexican,fast_food,cash,public,00:00-00:00;,"mon, tue, wed, thu, fri, ",True,False,True,False,False,0,0,0.0,123.20214299999999,0,4.0,5,2
u1062,135053,0,0,0,22.195826,-101.006317,False,casual drinker,informal,friends,car owner,independent,1985,variety,catholic,student,yellow,88.0,medium,1.68,mexican,cafeteria,cash,yes,11:00-22:00;,"mon, tue, wed, thu, fri, ",True,False,True,False,False,0,0,0.0,123.20214299999999,0,4.0,5,2
u1092,135071,1,0,0,22.125365,-100.947888,False,abstemious,formal,solitary,public,dependent,1990,variety,catholic,unknown,red,70.0,medium,1.69,game,bar,cash,yes,13:00-23:30;,"mon, tue, wed, thu, fri, ",True,False,False,False,True,0,0,0.0,123.07325300000001,0,3.0,3,2
u1062,132825,0,0,0,22.195826,-101.006317,False,casual drinker,informal,friends,car owner,independent,1985,variety,catholic,student,yellow,88.0,medium,1.68,mexican,mexican,cash,none,09:00-12:00;,"mon, tue, wed, thu, fri, ",True,False,True,False,False,0,0,0.0,123.20214299999999,1,3.0,5,2
u1092,135085,0,0,0,22.125365,-100.947888,False,abstemious,formal,solitary,public,dependent,1990,variety,catholic,unknown,red,70.0,medium,1.69,game,fast_food,cash,public,00:00-00:00;,"mon, tue, wed, thu, fri, ",True,False,False,False,True,0,0,0.0,123.07325300000001,0,3.0,3,2
u1062,135052,0,0,0,22.195826,-101.006317,False,casual drinker,informal,friends,car owner,independent,1985,variety,catholic,student,yellow,88.0,medium,1.68,mexican,bar,cash,none,08:00-23:30;,"mon, tue, wed, thu, fri, ",True,False,True,False,False,0,0,0.0,123.20214299999999,0,3.0,5,2
u1092,135046,0,0,0,22.125365,-100.947888,False,abstemious,formal,solitary,public,dependent,1990,variety,catholic,unknown,red,70.0,medium,1.69,game,fast_food,cash,yes,08:30-21:00;,"mon, tue, wed, thu, fri, ",True,False,False,False,True,0,0,0.0,123.07325300000001,0,3.0,3,2
u1062,135062,0,0,0,22.195826,-101.006317,False,casual drinker,informal,friends,car owner,independent,1985,variety,catholic,student,yellow,88.0,medium,1.68,mexican,unknown,cash,yes,00:00-23:30;,"mon, tue, wed, thu, fri, ",True,False,True,False,False,0,0,0.0,123.20214299999999,0,4.0,5,2
u1092,132572,1,0,0,22.125365,-100.947888,False,abstemious,formal,solitary,public,dependent,1990,variety,catholic,unknown,red,70.0,medium,1.69,game,cafeteria,cash,yes,00:00-23:30;,"mon, tue, wed, thu, fri, ",True,False,False,False,True,0,0,0.0,123.07325300000001,0,3.0,3,2
u1062,135038,0,0,0,22.195826,-101.006317,False,casual drinker,informal,friends,car owner,independent,1985,variety,catholic,student,yellow,88.0,medium,1.68,mexican,unknown,cash,none,08:00-17:00;,"mon, tue, wed, thu, fri, ",True,False,True,False,False,0,0,0.0,123.20214299999999,0,3.0,5,2
u1062,135045,0,0,0,22.195826,-101.006317,False,casual drinker,informal,friends,car owner,independent,1985,variety,catholic,student,yellow,88.0,medium,1.68,mexican,unknown,cash,yes,13:00-23:30;,"mon, tue, wed, thu, fri, ",True,False,True,False,False,0,0,0.0,123.20214299999999,0,4.0,5,2
u1092,135025,2,1,1,22.125365,-100.947888,False,abstemious,formal,solitary,public,dependent,1990,variety,catholic,unknown,red,70.0,medium,1.69,game,mexican,cash,none,18:00-23:30;,"mon, tue, wed, thu, fri, ",True,False,False,False,True,0,2,1.0,123.07325300000001,0,2.0,3,2
u1062,132834,0,0,0,22.195826,-101.006317,False,casual drinker,informal,friends,car owner,independent,1985,variety,catholic,student,yellow,88.0,medium,1.68,mexican,mexican,cash,public,08:30-15:00;,"mon, tue, wed, thu, fri, ",True,False,True,False,False,0,0,0.0,123.20214299999999,1,4.0,5,2
u1092,132723,1,1,1,22.125365,-100.947888,False,abstemious,formal,solitary,public,dependent,1990,variety,catholic,unknown,red,70.0,medium,1.69,game,mexican,cash,public,06:30-15:00;,"mon, tue, wed, thu, fri, ",True,False,False,False,True,0,2,1.0,123.07325300000001,0,3.0,3,2
u1013,132875,2,2,1,22.174624,-100.993873,False,abstemious,no preference,friends,public,independent,1982,retro,none,professional,blue,80.0,medium,1.75,japanese,japanese,cash,valet parking,00:00-23:30;,"mon, tue, wed, thu, fri, ",False,True,False,False,True,0,2,1.5,123.168497,1,2.0,4,2
u1085,135043,2,2,2,22.196787,-100.936335,False,abstemious,no preference,solitary,car owner,independent,1988,technology,catholic,student,black,84.0,medium,1.7,mexican,fast_food,cash,none,00:00-00:00;,"mon, tue, wed, thu, fri, ",True,False,False,False,True,0,4,2.0,123.133122,0,3.0,3,2
u1085,132885,0,0,0,22.196787,-100.936335,False,abstemious,no preference,solitary,car owner,independent,1988,technology,catholic,student,black,84.0,medium,1.7,mexican,cafeteria,cash,public,08:00-23:30;,"mon, tue, wed, thu, fri, ",True,False,False,False,True,0,0,0.0,123.133122,0,4.0,3,2
u1085,135050,2,2,2,22.196787,-100.936335,False,abstemious,no preference,solitary,car owner,independent,1988,technology,catholic,student,black,84.0,medium,1.7,mexican,unknown,cash,yes,12:00-19:30;,"mon, tue, wed, thu, fri, ",True,False,False,False,True,0,4,2.0,123.133122,0,4.0,3,2
u1085,135076,2,2,2,22.196787,-100.936335,False,abstemious,no preference,solitary,car owner,independent,1988,technology,catholic,student,black,84.0,medium,1.7,mexican,unknown,cash,yes,12:00-23:30;,"mon, tue, wed, thu, fri, ",True,False,False,False,True,0,4,2.0,123.133122,0,4.0,3,2
u1085,135081,2,2,2,22.196787,-100.936335,False,abstemious,no preference,solitary,car owner,independent,1988,technology,catholic,student,black,84.0,medium,1.7,mexican,unknown,cash,none,14:00-23:30;,"mon, tue, wed, thu, fri, ",True,False,False,False,True,0,4,2.0,123.133122,0,3.0,3,2
u1085,135042,0,0,0,22.196787,-100.936335,False,abstemious,no preference,solitary,car owner,independent,1988,technology,catholic,student,black,84.0,medium,1.7,mexican,chinese,cash,none,11:00-21:30;,"mon, tue, wed, thu, fri, ",True,False,False,False,True,0,0,0.0,123.133122,0,3.0,3,2
u1085,135059,2,2,1,22.196787,-100.936335,False,abstemious,no preference,solitary,car owner,independent,1988,technology,catholic,student,black,84.0,medium,1.7,mexican,bar,cash,yes,12:00-23:30;,"mon, tue, wed, thu, fri, ",True,False,False,False,True,0,2,1.5,123.133122,0,4.0,3,2
u1085,132872,0,2,2,22.196787,-100.936335,False,abstemious,no preference,solitary,car owner,independent,1988,technology,catholic,student,black,84.0,medium,1.7,mexican,american,cash,public,09:00-21:00;,"mon, tue, wed, thu, fri, ",True,False,False,False,True,0,4,2.0,123.133122,0,4.0,3,2
u1085,135055,2,2,2,22.196787,-100.936335,False,abstemious,no preference,solitary,car owner,independent,1988,technology,catholic,student,black,84.0,medium,1.7,mexican,mexican,cash,yes,14:00-22:00;,"mon, tue, wed, thu, fri, ",True,False,False,False,True,0,4,2.0,123.133122,1,4.0,3,2
u1085,132825,2,2,2,22.196787,-100.936335,False,abstemious,no preference,solitary,car owner,independent,1988,technology,catholic,student,black,84.0,medium,1.7,mexican,mexican,cash,none,09:00-12:00;,"mon, tue, wed, thu, fri, ",True,False,False,False,True,0,4,2.0,123.133122,1,3.0,3,2
u1078,135081,1,1,1,22.172109,-100.963199,True,social drinker,informal,solitary,car owner,independent,1983,variety,catholic,professional,blue,69.0,medium,1.69,mexican,unknown,cash,none,14:00-23:30;,"mon, tue, wed, thu, fri, ",True,False,True,False,False,0,2,1.0,123.13530800000001,0,3.0,2,2
u1078,135060,2,2,2,22.172109,-100.963199,True,social drinker,informal,solitary,car owner,independent,1983,variety,catholic,professional,blue,69.0,medium,1.69,mexican,seafood,cash,none,11:30-19:00;,"mon, tue, wed, thu, fri, ",True,False,True,False,False,0,4,2.0,123.13530800000001,0,3.0,2,2
u1078,135106,2,2,2,22.172109,-100.963199,True,social drinker,informal,solitary,car owner,independent,1983,variety,catholic,professional,blue,69.0,medium,1.69,mexican,mexican,cash,none,18:00-23:30;,"mon, tue, wed, thu, fri, ",True,False,True,False,False,0,4,2.0,123.13530800000001,1,3.0,2,2
u1078,135041,2,1,2,22.172109,-100.963199,True,social drinker,informal,solitary,car owner,independent,1983,variety,catholic,professional,blue,69.0,medium,1.69,mexican,bar,cash,none,00:00-00:00;,"mon, tue, wed, thu, fri, ",True,False,True,False,False,0,4,1.5,123.13530800000001,0,3.0,2,2
u1078,132834,0,2,1,22.172109,-100.963199,True,social drinker,informal,solitary,car owner,independent,1983,variety,catholic,professional,blue,69.0,medium,1.69,mexican,mexican,cash,public,08:30-15:00;,"mon, tue, wed, thu, fri, ",True,False,True,False,False,0,2,1.5,123.13530800000001,1,4.0,2,2
u1078,135052,2,2,2,22.172109,-100.963199,True,social drinker,informal,solitary,car owner,independent,1983,variety,catholic,professional,blue,69.0,medium,1.69,mexican,bar,cash,none,08:00-23:30;,"mon, tue, wed, thu, fri, ",True,False,True,False,False,0,4,2.0,123.13530800000001,0,3.0,2,2
u1019,135079,0,0,0,22.153385,-100.975294,False,casual drinker,no preference,family,public,independent,1989,variety,catholic,student,purple,59.0,medium,1.6,family,chinese,cash,none,13:00-22:30;,"mon, tue, wed, thu, fri, ",True,False,False,False,True,0,0,0.0,123.128679,0,2.0,2,2
u1102,132846,2,2,2,22.137131,-100.941151,False,social drinker,no preference,friends,on foot,independent,1989,eco-friendly,none,student,black,90.0,low,1.78,pizzeria,international,cash,none,08:00-23:30;,"mon, tue, wed, thu, fri, ",True,False,False,False,False,0,2,2.0,123.078282,0,1.0,3,1
u1098,132885,1,1,0,22.182571,-100.963232,False,social drinker,formal,family,public,independent,1991,none,catholic,student,green,68.0,medium,1.76,mexican,cafeteria,cash,public,08:00-23:30;,"mon, tue, wed, thu, fri, ",True,False,False,False,True,0,0,0.5,123.145803,0,3.0,0,2
u1098,135060,2,1,2,22.182571,-100.963232,False,social drinker,formal,family,public,independent,1991,none,catholic,student,green,68.0,medium,1.76,mexican,seafood,cash,none,11:30-19:00;,"mon, tue, wed, thu, fri, ",True,False,False,False,True,0,4,1.5,123.145803,0,2.0,0,2
u1098,132856,1,2,1,22.182571,-100.963232,False,social drinker,formal,family,public,independent,1991,none,catholic,student,green,68.0,medium,1.76,mexican,italian,cash,none,10:30-22:30;,"mon, tue, wed, thu, fri, ",True,False,False,False,True,0,2,1.5,123.145803,0,2.0,0,2
u1046,135026,1,0,2,22.144415,-100.933097,False,social drinker,no preference,friends,car owner,independent,1990,retro,catholic,student,black,82.0,medium,1.84,bar,bar,unknown,none,13:30-23:30;,"mon, tue, wed, thu, fri, ",True,False,True,False,False,0,4,1.0,123.077512,1,3.0,3,2
u1122,135066,2,1,1,22.169601,-100.991821,,abstemious,,unknown,unknown,unknown,1930,none,none,unknown,yellow,40.0,medium,1.3750000000000002,afghan,unknown,cash,yes,07:00-23:00;,"sat, ",True,False,True,False,False,0,2,1.0,123.161422,0,1.0,2,2
u1122,135065,2,2,2,22.169601,-100.991821,,abstemious,,unknown,unknown,unknown,1930,none,none,unknown,yellow,40.0,medium,1.3750000000000002,afghan,unknown,cash,none,14:00-23:30;,"mon, tue, wed, thu, fri, ",True,False,True,False,False,0,4,2.0,123.161422,0,0.0,2,2
u1122,132872,2,2,2,22.169601,-100.991821,,abstemious,,unknown,unknown,unknown,1930,none,none,unknown,yellow,40.0,medium,1.3750000000000002,afghan,american,cash,public,09:00-21:00;,"mon, tue, wed, thu, fri, ",True,False,True,False,False,0,4,2.0,123.161422,0,1.0,2,2
u1122,135058,2,0,2,22.169601,-100.991821,,abstemious,,unknown,unknown,unknown,1930,none,none,unknown,yellow,40.0,medium,1.3750000000000002,afghan,pizzeria,cash,public,13:00-23:00;,"mon, tue, wed, thu, fri, ",True,False,True,False,False,0,4,1.0,123.161422,0,1.0,2,2
u1122,132834,2,1,1,22.169601,-100.991821,,abstemious,,unknown,unknown,unknown,1930,none,none,unknown,yellow,40.0,medium,1.3750000000000002,afghan,mexican,cash,public,08:30-15:00;,"mon, tue, wed, thu, fri, ",True,False,True,False,False,0,2,1.0,123.161422,0,1.0,2,2
u1122,132754,2,1,2,22.169601,-100.991821,,abstemious,,unknown,unknown,unknown,1930,none,none,unknown,yellow,40.0,medium,1.3750000000000002,afghan,mexican,cash,none,08:00-20:00;,"mon, tue, wed, thu, fri, ",True,False,True,False,False,0,4,1.5,123.161422,0,0.0,2,2
u1122,135079,2,2,2,22.169601,-100.991821,,abstemious,,unknown,unknown,unknown,1930,none,none,unknown,yellow,40.0,medium,1.3750000000000002,afghan,chinese,cash,none,13:00-22:30;,"mon, tue, wed, thu, fri, ",True,False,True,False,False,0,4,2.0,123.161422,0,0.0,2,2
u1122,135038,2,2,2,22.169601,-100.991821,,abstemious,,unknown,unknown,unknown,1930,none,none,unknown,yellow,40.0,medium,1.3750000000000002,afghan,unknown,cash,none,08:00-17:00;,"mon, tue, wed, thu, fri, ",True,False,True,False,False,0,4,2.0,123.161422,0,0.0,2,2
u1122,135085,2,2,1,22.169601,-100.991821,,abstemious,,unknown,unknown,unknown,1930,none,none,unknown,yellow,40.0,medium,1.3750000000000002,afghan,fast_food,cash,public,00:00-00:00;,"mon, tue, wed, thu, fri, ",True,False,True,False,False,0,2,1.5,123.161422,0,1.0,2,2
u1122,135030,2,1,1,22.169601,-100.991821,,abstemious,,unknown,unknown,unknown,1930,none,none,unknown,yellow,40.0,medium,1.3750000000000002,afghan,cafe-coffee_shop,cash,none,00:00-00:00;,"mon, tue, wed, thu, fri, ",True,False,True,False,False,0,2,1.0,123.161422,0,0.0,2,2
u1122,135064,1,1,1,22.169601,-100.991821,,abstemious,,unknown,unknown,unknown,1930,none,none,unknown,yellow,40.0,medium,1.3750000000000002,afghan,unknown,cash,yes,07:00-22:30;,"mon, tue, wed, thu, fri, ",True,False,True,False,False,0,2,1.0,123.161422,0,1.0,2,2
u1122,135053,2,2,2,22.169601,-100.991821,,abstemious,,unknown,unknown,unknown,1930,none,none,unknown,yellow,40.0,medium,1.3750000000000002,afghan,cafeteria,cash,yes,11:00-22:00;,"mon, tue, wed, thu, fri, ",True,False,True,False,False,0,4,2.0,123.161422,0,1.0,2,2
u1138,132921,2,2,1,22.152884,-100.939663,False,social drinker,formal,friends,public,independent,1991,variety,none,student,blue,54.0,medium,1.55,pizzeria,bar,cash,none,01:00-20:30;,"mon, tue, wed, thu, fri, ",True,False,False,False,True,0,2,1.5,123.092547,0,2.0,3,2
u1138,132922,2,2,2,22.152884,-100.939663,False,social drinker,formal,friends,public,independent,1991,variety,none,student,blue,54.0,medium,1.55,pizzeria,cafeteria,cash,none,19:00-23:00;,"mon, tue, wed, thu, fri, ",True,False,False,False,True,0,4,2.0,123.092547,0,2.0,3,2
u1138,132925,1,2,1,22.152884,-100.939663,False,social drinker,formal,friends,public,independent,1991,variety,none,student,blue,54.0,medium,1.55,pizzeria,mexican,cash,none,09:00-21:00;,"mon, tue, wed, thu, fri, ",True,False,False,False,True,0,2,1.5,123.092547,0,2.0,3,2
u1013,132921,2,2,1,22.174624,-100.993873,False,abstemious,no preference,friends,public,independent,1982,retro,none,professional,blue,80.0,medium,1.75,japanese,bar,cash,none,01:00-20:30;,"mon, tue, wed, thu, fri, ",False,True,False,False,True,0,2,1.5,123.168497,0,2.0,4,2
u1098,135085,1,2,1,22.182571,-100.963232,False,social drinker,formal,family,public,independent,1991,none,catholic,student,green,68.0,medium,1.76,mexican,fast_food,cash,public,00:00-00:00;,"mon, tue, wed, thu, fri, ",True,False,False,False,True,0,2,1.5,123.145803,0,3.0,0,2
u1098,132825,1,1,1,22.182571,-100.963232,False,social drinker,formal,family,public,independent,1991,none,catholic,student,green,68.0,medium,1.76,mexican,mexican,cash,none,09:00-12:00;,"mon, tue, wed, thu, fri, ",True,False,False,False,True,0,2,1.0,123.145803,1,2.0,0,2
u1098,135079,2,1,1,22.182571,-100.963232,False,social drinker,formal,family,public,independent,1991,none,catholic,student,green,68.0,medium,1.76,mexican,chinese,cash,none,13:00-22:30;,"mon, tue, wed, thu, fri, ",True,False,False,False,True,0,2,1.0,123.145803,0,2.0,0,2
u1098,135032,2,1,1,22.182571,-100.963232,False,social drinker,formal,family,public,independent,1991,none,catholic,student,green,68.0,medium,1.76,mexican,cafeteria,cash,public,07:00-23:30;,"mon, tue, wed, thu, fri, ",True,False,False,False,True,0,2,1.0,123.145803,0,3.0,0,2
u1098,135038,1,1,1,22.182571,-100.963232,False,social drinker,formal,family,public,independent,1991,none,catholic,student,green,68.0,medium,1.76,mexican,unknown,cash,none,08:00-17:00;,"mon, tue, wed, thu, fri, ",True,False,False,False,True,0,2,1.0,123.145803,0,2.0,0,2
u1098,132861,2,2,1,22.182571,-100.963232,False,social drinker,formal,family,public,independent,1991,none,catholic,student,green,68.0,medium,1.76,mexican,burgers,cash,yes,10:00-23:30;,"mon, tue, wed, thu, fri, ",True,False,False,False,True,0,2,1.5,123.145803,0,3.0,0,2
u1098,135046,1,2,1,22.182571,-100.963232,False,social drinker,formal,family,public,independent,1991,none,catholic,student,green,68.0,medium,1.76,mexican,fast_food,cash,yes,08:30-21:00;,"mon, tue, wed, thu, fri, ",True,False,False,False,True,0,2,1.5,123.145803,0,3.0,0,2
u1098,132862,1,2,2,22.182571,-100.963232,False,social drinker,formal,family,public,independent,1991,none,catholic,student,green,68.0,medium,1.76,mexican,international,cash,valet parking,09:30-23:30;,"mon, tue, wed, thu, fri, ",True,False,False,False,True,0,4,2.0,123.145803,0,2.0,0,2
u1098,132921,1,2,1,22.182571,-100.963232,False,social drinker,formal,family,public,independent,1991,none,catholic,student,green,68.0,medium,1.76,mexican,bar,cash,none,01:00-20:30;,"mon, tue, wed, thu, fri, ",True,False,False,False,True,0,2,1.5,123.145803,0,2.0,0,2
u1034,132884,0,0,0,22.137178,-101.013169,False,casual drinker,informal,family,public,independent,1990,technology,catholic,student,yellow,50.0,medium,1.58,mexican,unknown,unknown,none,00:00-23:30;,"mon, tue, wed, thu, fri, ",True,False,False,False,True,0,0,0.0,123.15034700000001,0,2.0,2,2
u1034,135055,0,0,0,22.137178,-101.013169,False,casual drinker,informal,family,public,independent,1990,technology,catholic,student,yellow,50.0,medium,1.58,mexican,mexican,cash,yes,14:00-22:00;,"mon, tue, wed, thu, fri, ",True,False,False,False,True,0,0,0.0,123.15034700000001,1,3.0,2,2
u1034,135035,1,1,1,22.137178,-101.013169,False,casual drinker,informal,family,public,independent,1990,technology,catholic,student,yellow,50.0,medium,1.58,mexican,italian,cash,yes,13:30-23:30;,"mon, tue, wed, thu, fri, ",True,False,False,False,True,0,2,1.0,123.15034700000001,0,3.0,2,2
u1033,135065,1,1,1,22.15,-100.983,False,social drinker,no preference,family,on foot,unknown,1991,none,none,student,yellow,54.0,low,1.6,mexican,unknown,cash,none,14:00-23:30;,"mon, tue, wed, thu, fri, ",True,False,True,False,False,0,1,1.0,123.13300000000001,0,1.0,0,1
u1033,135028,2,1,1,22.15,-100.983,False,social drinker,no preference,family,on foot,unknown,1991,none,none,student,yellow,54.0,low,1.6,mexican,mexican,cash,none,13:00-23:30;,"mon, tue, wed, thu, fri, ",True,False,True,False,False,0,1,1.0,123.13300000000001,1,1.0,0,1
u1033,135085,2,2,2,22.15,-100.983,False,social drinker,no preference,family,on foot,unknown,1991,none,none,student,yellow,54.0,low,1.6,mexican,fast_food,cash,public,00:00-00:00;,"mon, tue, wed, thu, fri, ",True,False,True,False,False,0,2,2.0,123.13300000000001,0,2.0,0,1
u1033,135046,2,1,1,22.15,-100.983,False,social drinker,no preference,family,on foot,unknown,1991,none,none,student,yellow,54.0,low,1.6,mexican,fast_food,cash,yes,08:30-21:00;,"mon, tue, wed, thu, fri, ",True,False,True,False,False,0,1,1.0,123.13300000000001,0,2.0,0,1
u1033,135045,2,1,2,22.15,-100.983,False,social drinker,no preference,family,on foot,unknown,1991,none,none,student,yellow,54.0,low,1.6,mexican,unknown,cash,yes,13:00-23:30;,"mon, tue, wed, thu, fri, ",True,False,True,False,False,0,2,1.5,123.13300000000001,0,2.0,0,1
u1033,132951,2,1,0,22.15,-100.983,False,social drinker,no preference,family,on foot,unknown,1991,none,none,student,yellow,54.0,low,1.6,mexican,american,cash,yes,00:00-23:30;,"mon, tue, wed, thu, fri, ",True,False,True,False,False,0,0,0.5,123.13300000000001,0,2.0,0,1
u1033,132572,1,0,0,22.15,-100.983,False,social drinker,no preference,family,on foot,unknown,1991,none,none,student,yellow,54.0,low,1.6,mexican,cafeteria,cash,yes,00:00-23:30;,"mon, tue, wed, thu, fri, ",True,False,True,False,False,0,0,0.0,123.13300000000001,0,2.0,0,1
u1033,132921,2,1,1,22.15,-100.983,False,social drinker,no preference,family,on foot,unknown,1991,none,none,student,yellow,54.0,low,1.6,mexican,bar,cash,none,01:00-20:30;,"mon, tue, wed, thu, fri, ",True,False,True,False,False,0,1,1.0,123.13300000000001,0,1.0,0,1
u1033,135075,2,1,0,22.15,-100.983,False,social drinker,no preference,family,on foot,unknown,1991,none,none,student,yellow,54.0,low,1.6,mexican,seafood,cash,yes,00:00-23:30;,"mon, tue, wed, thu, fri, ",True,False,True,False,False,0,0,0.5,123.13300000000001,0,2.0,0,1
u1033,135038,1,1,1,22.15,-100.983,False,social drinker,no preference,family,on foot,unknown,1991,none,none,student,yellow,54.0,low,1.6,mexican,unknown,cash,none,08:00-17:00;,"mon, tue, wed, thu, fri, ",True,False,True,False,False,0,1,1.0,123.13300000000001,0,1.0,0,1
u1033,135030,2,1,1,22.15,-100.983,False,social drinker,no preference,family,on foot,unknown,1991,none,none,student,yellow,54.0,low,1.6,mexican,cafe-coffee_shop,cash,none,00:00-00:00;,"mon, tue, wed, thu, fri, ",True,False,True,False,False,0,1,1.0,123.13300000000001,0,1.0,0,1
u1089,135058,1,1,1,22.162562,-100.99313,True,casual drinker,informal,family,public,independent,1990,variety,catholic,student,white,54.0,low,1.6,mexican,pizzeria,cash,public,13:00-23:00;,"mon, tue, wed, thu, fri, ",True,False,False,False,False,0,1,1.0,123.15569199999999,0,3.0,2,1
u1089,135064,1,1,1,22.162562,-100.99313,True,casual drinker,informal,family,public,independent,1990,variety,catholic,student,white,54.0,low,1.6,mexican,unknown,cash,yes,07:00-22:30;,"mon, tue, wed, thu, fri, ",True,False,False,False,False,0,1,1.0,123.15569199999999,0,3.0,2,1
u1089,135028,1,1,1,22.162562,-100.99313,True,casual drinker,informal,family,public,independent,1990,variety,catholic,student,white,54.0,low,1.6,mexican,mexican,cash,none,13:00-23:30;,"mon, tue, wed, thu, fri, ",True,False,False,False,False,0,1,1.0,123.15569199999999,1,2.0,2,1
u1089,132951,1,1,1,22.162562,-100.99313,True,casual drinker,informal,family,public,independent,1990,variety,catholic,student,white,54.0,low,1.6,mexican,american,cash,yes,00:00-23:30;,"mon, tue, wed, thu, fri, ",True,False,False,False,False,0,1,1.0,123.15569199999999,0,3.0,2,1
u1003,135064,0,0,0,22.119847,-100.946527,False,social drinker,formal,family,public,independent,1989,none,catholic,student,blue,60.0,low,1.69,mexican,unknown,cash,yes,07:00-22:30;,"mon, tue, wed, thu, fri, ",True,False,True,False,False,0,0,0.0,123.066374,0,3.0,0,1
u1089,132921,1,1,1,22.162562,-100.99313,True,casual drinker,informal,family,public,independent,1990,variety,catholic,student,white,54.0,low,1.6,mexican,bar,cash,none,01:00-20:30;,"mon, tue, wed, thu, fri, ",True,False,False,False,False,0,1,1.0,123.15569199999999,0,2.0,2,1
u1003,132825,2,2,1,22.119847,-100.946527,False,social drinker,formal,family,public,independent,1989,none,catholic,student,blue,60.0,low,1.69,mexican,mexican,cash,none,09:00-12:00;,"mon, tue, wed, thu, fri, ",True,False,True,False,False,0,1,1.5,123.066374,1,2.0,0,1
u1089,132754,1,1,1,22.162562,-100.99313,True,casual drinker,informal,family,public,independent,1990,variety,catholic,student,white,54.0,low,1.6,mexican,mexican,cash,none,08:00-20:00;,"mon, tue, wed, thu, fri, ",True,False,False,False,False,0,1,1.0,123.15569199999999,1,2.0,2,1
u1003,135075,2,2,2,22.119847,-100.946527,False,social drinker,formal,family,public,independent,1989,none,catholic,student,blue,60.0,low,1.69,mexican,seafood,cash,yes,00:00-23:30;,"mon, tue, wed, thu, fri, ",True,False,True,False,False,0,2,2.0,123.066374,0,3.0,0,1
u1089,135026,1,1,1,22.162562,-100.99313,True,casual drinker,informal,family,public,independent,1990,variety,catholic,student,white,54.0,low,1.6,mexican,bar,unknown,none,13:30-23:30;,"mon, tue, wed, thu, fri, ",True,False,False,False,False,0,1,1.0,123.15569199999999,0,2.0,2,1
u1003,132862,1,2,2,22.119847,-100.946527,False,social drinker,formal,family,public,independent,1989,none,catholic,student,blue,60.0,low,1.69,mexican,international,cash,valet parking,09:30-23:30;,"mon, tue, wed, thu, fri, ",True,False,True,False,False,0,2,2.0,123.066374,0,2.0,0,1
u1089,132872,1,1,1,22.162562,-100.99313,True,casual drinker,informal,family,public,independent,1990,variety,catholic,student,white,54.0,low,1.6,mexican,american,cash,public,09:00-21:00;,"mon, tue, wed, thu, fri, ",True,False,False,False,False,0,1,1.0,123.15569199999999,0,3.0,2,1
u1089,135085,1,1,1,22.162562,-100.99313,True,casual drinker,informal,family,public,independent,1990,variety,catholic,student,white,54.0,low,1.6,mexican,fast_food,cash,public,00:00-00:00;,"mon, tue, wed, thu, fri, ",True,False,False,False,False,0,1,1.0,123.15569199999999,0,3.0,2,1
u1003,135041,0,1,1,22.119847,-100.946527,False,social drinker,formal,family,public,independent,1989,none,catholic,student,blue,60.0,low,1.69,mexican,bar,cash,none,00:00-00:00;,"mon, tue, wed, thu, fri, ",True,False,True,False,False,0,1,1.0,123.066374,0,2.0,0,1
u1089,135072,1,1,1,22.162562,-100.99313,True,casual drinker,informal,family,public,independent,1990,variety,catholic,student,white,54.0,low,1.6,mexican,japanese,cash,none,13:00-23:00;,"mon, tue, wed, thu, fri, ",True,False,False,False,False,0,1,1.0,123.15569199999999,0,2.0,2,1
u1089,132834,1,1,1,22.162562,-100.99313,True,casual drinker,informal,family,public,independent,1990,variety,catholic,student,white,54.0,low,1.6,mexican,mexican,cash,public,08:30-15:00;,"mon, tue, wed, thu, fri, ",True,False,False,False,False,0,1,1.0,123.15569199999999,1,3.0,2,1
u1003,132937,2,2,1,22.119847,-100.946527,False,social drinker,formal,family,public,independent,1989,none,catholic,student,blue,60.0,low,1.69,mexican,bar,cash,none,21:00-02:00;,"mon, tue, wed, thu, fri, ",True,False,True,False,False,0,1,1.5,123.066374,0,2.0,0,1
u1089,132875,1,1,1,22.162562,-100.99313,True,casual drinker,informal,family,public,independent,1990,variety,catholic,student,white,54.0,low,1.6,mexican,japanese,cash,valet parking,00:00-23:30;,"mon, tue, wed, thu, fri, ",True,False,False,False,False,0,1,1.0,123.15569199999999,0,2.0,2,1
u1089,135038,0,0,0,22.162562,-100.99313,True,casual drinker,informal,family,public,independent,1990,variety,catholic,student,white,54.0,low,1.6,mexican,unknown,cash,none,08:00-17:00;,"mon, tue, wed, thu, fri, ",True,False,False,False,False,0,0,0.0,123.15569199999999,0,2.0,2,1
u1003,132922,2,2,2,22.119847,-100.946527,False,social drinker,formal,family,public,independent,1989,none,catholic,student,blue,60.0,low,1.69,mexican,cafeteria,cash,none,19:00-23:00;,"mon, tue, wed, thu, fri, ",True,False,True,False,False,0,2,2.0,123.066374,0,2.0,0,1
u1091,132825,0,1,1,22.154677,-100.949013,False,casual drinker,no preference,family,car owner,independent,1989,eco-friendly,none,student,red,40.0,low,1.7,american,mexican,cash,none,09:00-12:00;,"mon, tue, wed, thu, fri, ",True,False,False,False,True,0,1,1.0,123.10369,0,3.0,2,1
u1091,135075,2,2,2,22.154677,-100.949013,False,casual drinker,no preference,family,car owner,independent,1989,eco-friendly,none,student,red,40.0,low,1.7,american,seafood,cash,yes,00:00-23:30;,"mon, tue, wed, thu, fri, ",True,False,False,False,True,0,2,2.0,123.10369,0,4.0,2,1
u1089,135079,0,0,0,22.162562,-100.99313,True,casual drinker,informal,family,public,independent,1990,variety,catholic,student,white,54.0,low,1.6,mexican,chinese,cash,none,13:00-22:30;,"mon, tue, wed, thu, fri, ",True,False,False,False,False,0,0,0.0,123.15569199999999,0,2.0,2,1
u1003,132723,2,2,1,22.119847,-100.946527,False,social drinker,formal,family,public,independent,1989,none,catholic,student,blue,60.0,low,1.69,mexican,mexican,cash,public,06:30-15:00;,"mon, tue, wed, thu, fri, ",True,False,True,False,False,0,1,1.5,123.066374,1,3.0,0,1
u1091,132861,1,1,1,22.154677,-100.949013,False,casual drinker,no preference,family,car owner,independent,1989,eco-friendly,none,student,red,40.0,low,1.7,american,burgers,cash,yes,10:00-23:30;,"mon, tue, wed, thu, fri, ",True,False,False,False,True,0,1,1.0,123.10369,0,4.0,2,1
u1003,132755,2,2,1,22.119847,-100.946527,False,social drinker,formal,family,public,independent,1989,none,catholic,student,blue,60.0,low,1.69,mexican,mexican,cash,public,00:00-23:30;,"mon, tue, wed, thu, fri, ",True,False,True,False,False,0,1,1.5,123.066374,1,3.0,0,1
u1091,132875,1,2,2,22.154677,-100.949013,False,casual drinker,no preference,family,car owner,independent,1989,eco-friendly,none,student,red,40.0,low,1.7,american,japanese,cash,valet parking,00:00-23:30;,"mon, tue, wed, thu, fri, ",True,False,False,False,True,0,2,2.0,123.10369,0,3.0,2,1
u1003,135080,2,1,2,22.119847,-100.946527,False,social drinker,formal,family,public,independent,1989,none,catholic,student,blue,60.0,low,1.69,mexican,unknown,cash,none,14:00-23:30;,"mon, tue, wed, thu, fri, ",True,False,True,False,False,0,2,1.5,123.066374,0,2.0,0,1
u1091,135086,1,1,1,22.154677,-100.949013,False,casual drinker,no preference,family,car owner,independent,1989,eco-friendly,none,student,red,40.0,low,1.7,american,burgers,cash,yes,08:00-23:00;,"mon, tue, wed, thu, fri, ",True,False,False,False,True,0,1,1.0,123.10369,0,4.0,2,1
u1003,135079,2,2,2,22.119847,-100.946527,False,social drinker,formal,family,public,independent,1989,none,catholic,student,blue,60.0,low,1.69,mexican,chinese,cash,none,13:00-22:30;,"mon, tue, wed, thu, fri, ",True,False,True,False,False,0,2,2.0,123.066374,0,2.0,0,1
u1027,135066,0,0,0,22.16515,-100.987015,True,social drinker,no preference,unknown,public,independent,1989,retro,catholic,student,purple,60.0,low,1.65,family,unknown,cash,yes,07:00-23:00;,"sat, ",True,False,False,False,True,0,0,0.0,123.152165,0,3.0,1,1
u1091,135080,0,1,1,22.154677,-100.949013,False,casual drinker,no preference,family,car owner,independent,1989,eco-friendly,none,student,red,40.0,low,1.7,american,unknown,cash,none,14:00-23:30;,"mon, tue, wed, thu, fri, ",True,False,False,False,True,0,1,1.0,123.10369,0,3.0,2,1
u1027,132921,1,1,1,22.16515,-100.987015,True,social drinker,no preference,unknown,public,independent,1989,retro,catholic,student,purple,60.0,low,1.65,family,bar,cash,none,01:00-20:30;,"mon, tue, wed, thu, fri, ",True,False,False,False,True,0,1,1.0,123.152165,0,2.0,1,1
u1091,132572,2,2,2,22.154677,-100.949013,False,casual drinker,no preference,family,car owner,independent,1989,eco-friendly,none,student,red,40.0,low,1.7,american,cafeteria,cash,yes,00:00-23:30;,"mon, tue, wed, thu, fri, ",True,False,False,False,True,0,2,2.0,123.10369,0,4.0,2,1
u1027,135052,1,1,1,22.16515,-100.987015,True,social drinker,no preference,unknown,public,independent,1989,retro,catholic,student,purple,60.0,low,1.65,family,bar,cash,none,08:00-23:30;,"mon, tue, wed, thu, fri, ",True,False,False,False,True,0,1,1.0,123.152165,0,2.0,1,1
u1091,132884,2,2,2,22.154677,-100.949013,False,casual drinker,no preference,family,car owner,independent,1989,eco-friendly,none,student,red,40.0,low,1.7,american,unknown,unknown,none,00:00-23:30;,"mon, tue, wed, thu, fri, ",True,False,False,False,True,0,2,2.0,123.10369,0,3.0,2,1
u1091,135035,1,1,1,22.154677,-100.949013,False,casual drinker,no preference,family,car owner,independent,1989,eco-friendly,none,student,red,40.0,low,1.7,american,italian,cash,yes,13:30-23:30;,"mon, tue, wed, thu, fri, ",True,False,False,False,True,0,1,1.0,123.10369,0,4.0,2,1
u1027,132937,1,1,1,22.16515,-100.987015,True,social drinker,no preference,unknown,public,independent,1989,retro,catholic,student,purple,60.0,low,1.65,family,bar,cash,none,21:00-02:00;,"mon, tue, wed, thu, fri, ",True,False,False,False,True,0,1,1.0,123.152165,0,2.0,1,1
u1027,132951,1,1,1,22.16515,-100.987015,True,social drinker,no preference,unknown,public,independent,1989,retro,catholic,student,purple,60.0,low,1.65,family,american,cash,yes,00:00-23:30;,"mon, tue, wed, thu, fri, ",True,False,False,False,True,0,1,1.0,123.152165,0,3.0,1,1
u1027,132925,1,1,1,22.16515,-100.987015,True,social drinker,no preference,unknown,public,independent,1989,retro,catholic,student,purple,60.0,low,1.65,family,mexican,cash,none,09:00-21:00;,"mon, tue, wed, thu, fri, ",True,False,False,False,True,0,1,1.0,123.152165,0,2.0,1,1
u1027,132872,1,1,1,22.16515,-100.987015,True,social drinker,no preference,unknown,public,independent,1989,retro,catholic,student,purple,60.0,low,1.65,family,american,cash,public,09:00-21:00;,"mon, tue, wed, thu, fri, ",True,False,False,False,True,0,1,1.0,123.152165,0,3.0,1,1
u1027,132875,1,1,1,22.16515,-100.987015,True,social drinker,no preference,unknown,public,independent,1989,retro,catholic,student,purple,60.0,low,1.65,family,japanese,cash,valet parking,00:00-23:30;,"mon, tue, wed, thu, fri, ",True,False,False,False,True,0,1,1.0,123.152165,0,2.0,1,1
u1027,135085,1,1,1,22.16515,-100.987015,True,social drinker,no preference,unknown,public,independent,1989,retro,catholic,student,purple,60.0,low,1.65,family,fast_food,cash,public,00:00-00:00;,"mon, tue, wed, thu, fri, ",True,False,False,False,True,0,1,1.0,123.152165,0,3.0,1,1
u1027,135042,1,1,1,22.16515,-100.987015,True,social drinker,no preference,unknown,public,independent,1989,retro,catholic,student,purple,60.0,low,1.65,family,chinese,cash,none,11:00-21:30;,"mon, tue, wed, thu, fri, ",True,False,False,False,True,0,1,1.0,123.152165,0,2.0,1,1
u1027,135062,1,1,1,22.16515,-100.987015,True,social drinker,no preference,unknown,public,independent,1989,retro,catholic,student,purple,60.0,low,1.65,family,unknown,cash,yes,00:00-23:30;,"mon, tue, wed, thu, fri, ",True,False,False,False,True,0,1,1.0,123.152165,0,3.0,1,1
u1029,135047,1,1,1,22.151796,-100.989075,True,casual drinker,formal,family,public,independent,1990,variety,catholic,student,white,58.0,low,1.6,mexican,unknown,cash,yes,08:00-23:30;,"mon, tue, wed, thu, fri, ",True,False,False,False,False,0,1,1.0,123.140871,0,3.0,2,1
u1029,135059,2,1,1,22.151796,-100.989075,True,casual drinker,formal,family,public,independent,1990,variety,catholic,student,white,58.0,low,1.6,mexican,bar,cash,yes,12:00-23:30;,"mon, tue, wed, thu, fri, ",True,False,False,False,False,0,1,1.0,123.140871,0,3.0,2,1
u1029,132937,1,1,1,22.151796,-100.989075,True,casual drinker,formal,family,public,independent,1990,variety,catholic,student,white,58.0,low,1.6,mexican,bar,cash,none,21:00-02:00;,"mon, tue, wed, thu, fri, ",True,False,False,False,False,0,1,1.0,123.140871,0,2.0,2,1
u1029,135085,1,1,1,22.151796,-100.989075,True,casual drinker,formal,family,public,independent,1990,variety,catholic,student,white,58.0,low,1.6,mexican,fast_food,cash,public,00:00-00:00;,"mon, tue, wed, thu, fri, ",True,False,False,False,False,0,1,1.0,123.140871,0,3.0,2,1
u1029,132834,0,1,0,22.151796,-100.989075,True,casual drinker,formal,family,public,independent,1990,variety,catholic,student,white,58.0,low,1.6,mexican,mexican,cash,public,08:30-15:00;,"mon, tue, wed, thu, fri, ",True,False,False,False,False,0,0,0.5,123.140871,1,3.0,2,1
u1029,132754,0,0,0,22.151796,-100.989075,True,casual drinker,formal,family,public,independent,1990,variety,catholic,student,white,58.0,low,1.6,mexican,mexican,cash,none,08:00-20:00;,"mon, tue, wed, thu, fri, ",True,False,False,False,False,0,0,0.0,123.140871,1,2.0,2,1
u1029,132825,1,1,0,22.151796,-100.989075,True,casual drinker,formal,family,public,independent,1990,variety,catholic,student,white,58.0,low,1.6,mexican,mexican,cash,none,09:00-12:00;,"mon, tue, wed, thu, fri, ",True,False,False,False,False,0,0,0.5,123.140871,1,2.0,2,1
u1029,132921,1,1,1,22.151796,-100.989075,True,casual drinker,formal,family,public,independent,1990,variety,catholic,student,white,58.0,low,1.6,mexican,bar,cash,none,01:00-20:30;,"mon, tue, wed, thu, fri, ",True,False,False,False,False,0,1,1.0,123.140871,0,2.0,2,1
u1029,132862,1,1,1,22.151796,-100.989075,True,casual drinker,formal,family,public,independent,1990,variety,catholic,student,white,58.0,low,1.6,mexican,international,cash,valet parking,09:30-23:30;,"mon, tue, wed, thu, fri, ",True,False,False,False,False,0,1,1.0,123.140871,0,2.0,2,1
u1029,132922,1,1,1,22.151796,-100.989075,True,casual drinker,formal,family,public,independent,1990,variety,catholic,student,white,58.0,low,1.6,mexican,cafeteria,cash,none,19:00-23:00;,"mon, tue, wed, thu, fri, ",True,False,False,False,False,0,1,1.0,123.140871,0,2.0,2,1
u1086,135063,1,1,1,22.157281,-100.98444,False,social drinker,no preference,family,car owner,independent,1991,variety,catholic,student,red,49.0,medium,1.59,italian,unknown,cash,none,08:30-19:30;,"mon, tue, wed, thu, fri, ",True,False,False,True,False,0,2,1.0,123.141721,0,3.0,0,2
u1086,132921,1,1,1,22.157281,-100.98444,False,social drinker,no preference,family,car owner,independent,1991,variety,catholic,student,red,49.0,medium,1.59,italian,bar,cash,none,01:00-20:30;,"mon, tue, wed, thu, fri, ",True,False,False,True,False,0,2,1.0,123.141721,0,3.0,0,2
u1086,135085,2,1,1,22.157281,-100.98444,False,social drinker,no preference,family,car owner,independent,1991,variety,catholic,student,red,49.0,medium,1.59,italian,fast_food,cash,public,00:00-00:00;,"mon, tue, wed, thu, fri, ",True,False,False,True,False,0,2,1.0,123.141721,0,4.0,0,2
u1086,132922,2,1,2,22.157281,-100.98444,False,social drinker,no preference,family,car owner,independent,1991,variety,catholic,student,red,49.0,medium,1.59,italian,cafeteria,cash,none,19:00-23:00;,"mon, tue, wed, thu, fri, ",True,False,False,True,False,0,4,1.5,123.141721,0,3.0,0,2
u1086,132937,2,0,1,22.157281,-100.98444,False,social drinker,no preference,family,car owner,independent,1991,variety,catholic,student,red,49.0,medium,1.59,italian,bar,cash,none,21:00-02:00;,"mon, tue, wed, thu, fri, ",True,False,False,True,False,0,2,0.5,123.141721,0,3.0,0,2
u1086,135045,2,2,2,22.157281,-100.98444,False,social drinker,no preference,family,car owner,independent,1991,variety,catholic,student,red,49.0,medium,1.59,italian,unknown,cash,yes,13:00-23:30;,"mon, tue, wed, thu, fri, ",True,False,False,True,False,0,4,2.0,123.141721,0,4.0,0,2
u1086,135041,2,2,2,22.157281,-100.98444,False,social drinker,no preference,family,car owner,independent,1991,variety,catholic,student,red,49.0,medium,1.59,italian,bar,cash,none,00:00-00:00;,"mon, tue, wed, thu, fri, ",True,False,False,True,False,0,4,2.0,123.141721,0,3.0,0,2
u1086,135060,1,1,1,22.157281,-100.98444,False,social drinker,no preference,family,car owner,independent,1991,variety,catholic,student,red,49.0,medium,1.59,italian,seafood,cash,none,11:30-19:00;,"mon, tue, wed, thu, fri, ",True,False,False,True,False,0,2,1.0,123.141721,0,3.0,0,2
u1086,132951,1,1,1,22.157281,-100.98444,False,social drinker,no preference,family,car owner,independent,1991,variety,catholic,student,red,49.0,medium,1.59,italian,american,cash,yes,00:00-23:30;,"mon, tue, wed, thu, fri, ",True,False,False,True,False,0,2,1.0,123.141721,0,4.0,0,2
u1019,132921,0,0,0,22.153385,-100.975294,False,casual drinker,no preference,family,public,independent,1989,variety,catholic,student,purple,59.0,medium,1.6,family,bar,cash,none,01:00-20:30;,"mon, tue, wed, thu, fri, ",True,False,False,False,True,0,0,0.0,123.128679,0,2.0,2,2
u1019,132834,0,0,0,22.153385,-100.975294,False,casual drinker,no preference,family,public,independent,1989,variety,catholic,student,purple,59.0,medium,1.6,family,mexican,cash,public,08:30-15:00;,"mon, tue, wed, thu, fri, ",True,False,False,False,True,0,0,0.0,123.128679,0,3.0,2,2
u1137,132951,2,2,2,22.144803,-100.944623,False,social drinker,formal,family,public,independent,1989,eco-friendly,catholic,student,blue,72.0,low,1.78,mexican,american,cash,yes,00:00-23:30;,"mon, tue, wed, thu, fri, ",True,False,True,False,False,0,2,2.0,123.089426,0,3.0,0,1
u1019,135062,0,0,0,22.153385,-100.975294,False,casual drinker,no preference,family,public,independent,1989,variety,catholic,student,purple,59.0,medium,1.6,family,unknown,cash,yes,00:00-23:30;,"mon, tue, wed, thu, fri, ",True,False,False,False,True,0,0,0.0,123.128679,0,3.0,2,2
u1019,135086,0,0,0,22.153385,-100.975294,False,casual drinker,no preference,family,public,independent,1989,variety,catholic,student,purple,59.0,medium,1.6,family,burgers,cash,yes,08:00-23:00;,"mon, tue, wed, thu, fri, ",True,False,False,False,True,0,0,0.0,123.128679,0,3.0,2,2
u1137,135085,2,1,2,22.144803,-100.944623,False,social drinker,formal,family,public,independent,1989,eco-friendly,catholic,student,blue,72.0,low,1.78,mexican,fast_food,cash,public,00:00-00:00;,"mon, tue, wed, thu, fri, ",True,False,True,False,False,0,2,1.5,123.089426,0,3.0,0,1
u1137,132834,2,2,2,22.144803,-100.944623,False,social drinker,formal,family,public,independent,1989,eco-friendly,catholic,student,blue,72.0,low,1.78,mexican,mexican,cash,public,08:30-15:00;,"mon, tue, wed, thu, fri, ",True,False,True,False,False,0,2,2.0,123.089426,1,3.0,0,1
u1090,132572,1,1,2,22.158473,-100.984268,False,social drinker,no preference,friends,car owner,independent,1988,variety,catholic,student,blue,50.0,medium,1.54,tex-mex,cafeteria,cash,yes,00:00-23:30;,"mon, tue, wed, thu, fri, ",True,False,False,False,True,0,4,1.5,123.142741,0,4.0,3,2
u1137,132862,2,2,2,22.144803,-100.944623,False,social drinker,formal,family,public,independent,1989,eco-friendly,catholic,student,blue,72.0,low,1.78,mexican,international,cash,valet parking,09:30-23:30;,"mon, tue, wed, thu, fri, ",True,False,True,False,False,0,2,2.0,123.089426,0,2.0,0,1
u1137,135058,0,2,2,22.144803,-100.944623,False,social drinker,formal,family,public,independent,1989,eco-friendly,catholic,student,blue,72.0,low,1.78,mexican,pizzeria,cash,public,13:00-23:00;,"mon, tue, wed, thu, fri, ",True,False,True,False,False,0,2,2.0,123.089426,0,3.0,0,1
u1137,135059,2,0,2,22.144803,-100.944623,False,social drinker,formal,family,public,independent,1989,eco-friendly,catholic,student,blue,72.0,low,1.78,mexican,bar,cash,yes,12:00-23:30;,"mon, tue, wed, thu, fri, ",True,False,True,False,False,0,2,1.0,123.089426,0,3.0,0,1
u1137,135062,2,2,2,22.144803,-100.944623,False,social drinker,formal,family,public,independent,1989,eco-friendly,catholic,student,blue,72.0,low,1.78,mexican,unknown,cash,yes,00:00-23:30;,"mon, tue, wed, thu, fri, ",True,False,True,False,False,0,2,2.0,123.089426,0,3.0,0,1
u1137,132825,2,2,1,22.144803,-100.944623,False,social drinker,formal,family,public,independent,1989,eco-friendly,catholic,student,blue,72.0,low,1.78,mexican,mexican,cash,none,09:00-12:00;,"mon, tue, wed, thu, fri, ",True,False,True,False,False,0,1,1.5,123.089426,1,2.0,0,1
u1137,132723,2,2,2,22.144803,-100.944623,False,social drinker,formal,family,public,independent,1989,eco-friendly,catholic,student,blue,72.0,low,1.78,mexican,mexican,cash,public,06:30-15:00;,"mon, tue, wed, thu, fri, ",True,False,True,False,False,0,2,2.0,123.089426,1,3.0,0,1
u1137,132755,2,2,2,22.144803,-100.944623,False,social drinker,formal,family,public,independent,1989,eco-friendly,catholic,student,blue,72.0,low,1.78,mexican,mexican,cash,public,00:00-23:30;,"mon, tue, wed, thu, fri, ",True,False,True,False,False,0,2,2.0,123.089426,1,3.0,0,1
u1137,135042,2,2,2,22.144803,-100.944623,False,social drinker,formal,family,public,independent,1989,eco-friendly,catholic,student,blue,72.0,low,1.78,mexican,chinese,cash,none,11:00-21:30;,"mon, tue, wed, thu, fri, ",True,False,True,False,False,0,2,2.0,123.089426,0,2.0,0,1
u1137,132884,2,2,2,22.144803,-100.944623,False,social drinker,formal,family,public,independent,1989,eco-friendly,catholic,student,blue,72.0,low,1.78,mexican,unknown,unknown,none,00:00-23:30;,"mon, tue, wed, thu, fri, ",True,False,True,False,False,0,2,2.0,123.089426,0,2.0,0,1
u1137,135049,2,2,2,22.144803,-100.944623,False,social drinker,formal,family,public,independent,1989,eco-friendly,catholic,student,blue,72.0,low,1.78,mexican,seafood,cash,none,12:00-20:00;,"mon, tue, wed, thu, fri, ",True,False,True,False,False,0,2,2.0,123.089426,0,2.0,0,1
u1137,135075,2,2,2,22.144803,-100.944623,False,social drinker,formal,family,public,independent,1989,eco-friendly,catholic,student,blue,72.0,low,1.78,mexican,seafood,cash,yes,00:00-23:30;,"mon, tue, wed, thu, fri, ",True,False,True,False,False,0,2,2.0,123.089426,0,3.0,0,1
u1114,132825,0,0,0,22.177726,-101.014094,False,abstemious,no preference,family,on foot,independent,1991,variety,catholic,student,blue,58.0,medium,1.68,mexican,mexican,cash,none,09:00-12:00;,"mon, tue, wed, thu, fri, ",True,False,True,False,False,0,0,0.0,123.19182,1,1.0,1,2
u1114,135065,0,0,0,22.177726,-101.014094,False,abstemious,no preference,family,on foot,independent,1991,variety,catholic,student,blue,58.0,medium,1.68,mexican,unknown,cash,none,14:00-23:30;,"mon, tue, wed, thu, fri, ",True,False,True,False,False,0,0,0.0,123.19182,0,1.0,1,2
u1114,135058,0,0,0,22.177726,-101.014094,False,abstemious,no preference,family,on foot,independent,1991,variety,catholic,student,blue,58.0,medium,1.68,mexican,pizzeria,cash,public,13:00-23:00;,"mon, tue, wed, thu, fri, ",True,False,True,False,False,0,0,0.0,123.19182,0,2.0,1,2
u1114,132723,0,0,0,22.177726,-101.014094,False,abstemious,no preference,family,on foot,independent,1991,variety,catholic,student,blue,58.0,medium,1.68,mexican,mexican,cash,public,06:30-15:00;,"mon, tue, wed, thu, fri, ",True,False,True,False,False,0,0,0.0,123.19182,1,2.0,1,2
u1114,132951,0,0,0,22.177726,-101.014094,False,abstemious,no preference,family,on foot,independent,1991,variety,catholic,student,blue,58.0,medium,1.68,mexican,american,cash,yes,00:00-23:30;,"mon, tue, wed, thu, fri, ",True,False,True,False,False,0,0,0.0,123.19182,0,2.0,1,2
u1114,132872,1,1,1,22.177726,-101.014094,False,abstemious,no preference,family,on foot,independent,1991,variety,catholic,student,blue,58.0,medium,1.68,mexican,american,cash,public,09:00-21:00;,"mon, tue, wed, thu, fri, ",True,False,True,False,False,0,2,1.0,123.19182,0,2.0,1,2
u1114,132834,0,0,0,22.177726,-101.014094,False,abstemious,no preference,family,on foot,independent,1991,variety,catholic,student,blue,58.0,medium,1.68,mexican,mexican,cash,public,08:30-15:00;,"mon, tue, wed, thu, fri, ",True,False,True,False,False,0,0,0.0,123.19182,1,2.0,1,2
u1114,135072,0,0,0,22.177726,-101.014094,False,abstemious,no preference,family,on foot,independent,1991,variety,catholic,student,blue,58.0,medium,1.68,mexican,japanese,cash,none,13:00-23:00;,"mon, tue, wed, thu, fri, ",True,False,True,False,False,0,0,0.0,123.19182,0,1.0,1,2
u1114,132754,0,0,0,22.177726,-101.014094,False,abstemious,no preference,family,on foot,independent,1991,variety,catholic,student,blue,58.0,medium,1.68,mexican,mexican,cash,none,08:00-20:00;,"mon, tue, wed, thu, fri, ",True,False,True,False,False,0,0,0.0,123.19182,1,1.0,1,2
u1114,132755,1,2,1,22.177726,-101.014094,False,abstemious,no preference,family,on foot,independent,1991,variety,catholic,student,blue,58.0,medium,1.68,mexican,mexican,cash,public,00:00-23:30;,"mon, tue, wed, thu, fri, ",True,False,True,False,False,0,2,1.5,123.19182,1,2.0,1,2
u1061,132825,1,2,1,22.140388,-100.937321,False,social drinker,no preference,friends,car owner,independent,1990,none,catholic,professional,blue,40.0,medium,1.76,mexican,mexican,cash,none,09:00-12:00;,"mon, tue, wed, thu, fri, ",True,False,True,False,False,0,2,1.5,123.077709,1,3.0,3,2
u1061,135048,2,2,2,22.140388,-100.937321,False,social drinker,no preference,friends,car owner,independent,1990,none,catholic,professional,blue,40.0,medium,1.76,mexican,bar,cash,yes,11:00-22:30;,"mon, tue, wed, thu, fri, ",True,False,True,False,False,0,4,2.0,123.077709,0,4.0,3,2
u1061,132921,1,2,1,22.140388,-100.937321,False,social drinker,no preference,friends,car owner,independent,1990,none,catholic,professional,blue,40.0,medium,1.76,mexican,bar,cash,none,01:00-20:30;,"mon, tue, wed, thu, fri, ",True,False,True,False,False,0,2,1.5,123.077709,0,3.0,3,2
u1061,135026,2,2,2,22.140388,-100.937321,False,social drinker,no preference,friends,car owner,independent,1990,none,catholic,professional,blue,40.0,medium,1.76,mexican,bar,unknown,none,13:30-23:30;,"mon, tue, wed, thu, fri, ",True,False,True,False,False,0,4,2.0,123.077709,0,3.0,3,2
u1061,132723,2,2,1,22.140388,-100.937321,False,social drinker,no preference,friends,car owner,independent,1990,none,catholic,professional,blue,40.0,medium,1.76,mexican,mexican,cash,public,06:30-15:00;,"mon, tue, wed, thu, fri, ",True,False,True,False,False,0,2,1.5,123.077709,1,4.0,3,2
u1061,135075,2,2,2,22.140388,-100.937321,False,social drinker,no preference,friends,car owner,independent,1990,none,catholic,professional,blue,40.0,medium,1.76,mexican,seafood,cash,yes,00:00-23:30;,"mon, tue, wed, thu, fri, ",True,False,True,False,False,0,4,2.0,123.077709,0,4.0,3,2
u1061,135034,2,2,2,22.140388,-100.937321,False,social drinker,no preference,friends,car owner,independent,1990,none,catholic,professional,blue,40.0,medium,1.76,mexican,japanese,cash,none,13:30-23:00;,"mon, tue, wed, thu, fri, ",True,False,True,False,False,0,4,2.0,123.077709,0,3.0,3,2
u1061,135041,2,2,2,22.140388,-100.937321,False,social drinker,no preference,friends,car owner,independent,1990,none,catholic,professional,blue,40.0,medium,1.76,mexican,bar,cash,none,00:00-00:00;,"mon, tue, wed, thu, fri, ",True,False,True,False,False,0,4,2.0,123.077709,0,3.0,3,2
u1013,132572,1,1,0,22.174624,-100.993873,False,abstemious,no preference,friends,public,independent,1982,retro,none,professional,blue,80.0,medium,1.75,japanese,cafeteria,cash,yes,00:00-23:30;,"mon, tue, wed, thu, fri, ",False,True,False,False,True,0,0,0.5,123.168497,0,3.0,4,2
u1013,135075,2,2,1,22.174624,-100.993873,False,abstemious,no preference,friends,public,independent,1982,retro,none,professional,blue,80.0,medium,1.75,japanese,seafood,cash,yes,00:00-23:30;,"mon, tue, wed, thu, fri, ",False,True,False,False,True,0,2,1.5,123.168497,0,3.0,4,2
u1061,135046,1,2,1,22.140388,-100.937321,False,social drinker,no preference,friends,car owner,independent,1990,none,catholic,professional,blue,40.0,medium,1.76,mexican,fast_food,cash,yes,08:30-21:00;,"mon, tue, wed, thu, fri, ",True,False,True,False,False,0,2,1.5,123.077709,0,4.0,3,2
u1061,132572,1,2,2,22.140388,-100.937321,False,social drinker,no preference,friends,car owner,independent,1990,none,catholic,professional,blue,40.0,medium,1.76,mexican,cafeteria,cash,yes,00:00-23:30;,"mon, tue, wed, thu, fri, ",True,False,True,False,False,0,4,2.0,123.077709,0,4.0,3,2
u1061,135058,1,1,1,22.140388,-100.937321,False,social drinker,no preference,friends,car owner,independent,1990,none,catholic,professional,blue,40.0,medium,1.76,mexican,pizzeria,cash,public,13:00-23:00;,"mon, tue, wed, thu, fri, ",True,False,True,False,False,0,2,1.0,123.077709,0,4.0,3,2
u1046,135044,1,1,0,22.144415,-100.933097,False,social drinker,no preference,friends,car owner,independent,1990,retro,catholic,student,black,82.0,medium,1.84,bar,chinese,cash,none,13:00-22:30;,"mon, tue, wed, thu, fri, ",True,False,True,False,False,0,0,0.5,123.077512,0,3.0,3,2
u1046,135065,2,2,2,22.144415,-100.933097,False,social drinker,no preference,friends,car owner,independent,1990,retro,catholic,student,black,82.0,medium,1.84,bar,unknown,cash,none,14:00-23:30;,"mon, tue, wed, thu, fri, ",True,False,True,False,False,0,4,2.0,123.077512,0,3.0,3,2
u1046,132921,2,1,2,22.144415,-100.933097,False,social drinker,no preference,friends,car owner,independent,1990,retro,catholic,student,black,82.0,medium,1.84,bar,bar,cash,none,01:00-20:30;,"mon, tue, wed, thu, fri, ",True,False,True,False,False,0,4,1.5,123.077512,1,3.0,3,2
u1046,135085,1,2,1,22.144415,-100.933097,False,social drinker,no preference,friends,car owner,independent,1990,retro,catholic,student,black,82.0,medium,1.84,bar,fast_food,cash,public,00:00-00:00;,"mon, tue, wed, thu, fri, ",True,False,True,False,False,0,2,1.5,123.077512,0,4.0,3,2
u1046,132572,1,2,0,22.144415,-100.933097,False,social drinker,no preference,friends,car owner,independent,1990,retro,catholic,student,black,82.0,medium,1.84,bar,cafeteria,cash,yes,00:00-23:30;,"mon, tue, wed, thu, fri, ",True,False,True,False,False,0,0,1.0,123.077512,0,4.0,3,2
u1046,135058,2,2,1,22.144415,-100.933097,False,social drinker,no preference,friends,car owner,independent,1990,retro,catholic,student,black,82.0,medium,1.84,bar,pizzeria,cash,public,13:00-23:00;,"mon, tue, wed, thu, fri, ",True,False,True,False,False,0,2,1.5,123.077512,0,4.0,3,2
u1046,132951,1,1,2,22.144415,-100.933097,False,social drinker,no preference,friends,car owner,independent,1990,retro,catholic,student,black,82.0,medium,1.84,bar,american,cash,yes,00:00-23:30;,"mon, tue, wed, thu, fri, ",True,False,True,False,False,0,4,1.5,123.077512,0,4.0,3,2
u1046,132861,1,2,2,22.144415,-100.933097,False,social drinker,no preference,friends,car owner,independent,1990,retro,catholic,student,black,82.0,medium,1.84,bar,burgers,cash,yes,10:00-23:30;,"mon, tue, wed, thu, fri, ",True,False,True,False,False,0,4,2.0,123.077512,0,4.0,3,2
u1003,132754,2,2,2,22.119847,-100.946527,False,social drinker,formal,family,public,independent,1989,none,catholic,student,blue,60.0,low,1.69,mexican,mexican,cash,none,08:00-20:00;,"mon, tue, wed, thu, fri, ",True,False,True,False,False,0,2,2.0,123.066374,1,2.0,0,1
u1061,132834,1,2,1,22.140388,-100.937321,False,social drinker,no preference,friends,car owner,independent,1990,none,catholic,professional,blue,40.0,medium,1.76,mexican,mexican,cash,public,08:30-15:00;,"mon, tue, wed, thu, fri, ",True,False,True,False,False,0,2,1.5,123.077709,1,4.0,3,2
u1061,135086,1,1,2,22.140388,-100.937321,False,social drinker,no preference,friends,car owner,independent,1990,none,catholic,professional,blue,40.0,medium,1.76,mexican,burgers,cash,yes,08:00-23:00;,"mon, tue, wed, thu, fri, ",True,False,True,False,False,0,4,1.5,123.077709,0,4.0,3,2
u1061,132754,2,2,2,22.140388,-100.937321,False,social drinker,no preference,friends,car owner,independent,1990,none,catholic,professional,blue,40.0,medium,1.76,mexican,mexican,cash,none,08:00-20:00;,"mon, tue, wed, thu, fri, ",True,False,True,False,False,0,4,2.0,123.077709,1,3.0,3,2
u1061,135080,2,2,2,22.140388,-100.937321,False,social drinker,no preference,friends,car owner,independent,1990,none,catholic,professional,blue,40.0,medium,1.76,mexican,unknown,cash,none,14:00-23:30;,"mon, tue, wed, thu, fri, ",True,False,True,False,False,0,4,2.0,123.077709,0,3.0,3,2
u1090,135062,2,2,2,22.158473,-100.984268,False,social drinker,no preference,friends,car owner,independent,1988,variety,catholic,student,blue,50.0,medium,1.54,tex-mex,unknown,cash,yes,00:00-23:30;,"mon, tue, wed, thu, fri, ",True,False,False,False,True,0,4,2.0,123.142741,0,4.0,3,2
u1090,135052,2,2,2,22.158473,-100.984268,False,social drinker,no preference,friends,car owner,independent,1988,variety,catholic,student,blue,50.0,medium,1.54,tex-mex,bar,cash,none,08:00-23:30;,"mon, tue, wed, thu, fri, ",True,False,False,False,True,0,4,2.0,123.142741,0,3.0,3,2
u1112,135047,0,0,0,22.143078,-100.908523,True,casual drinker,formal,friends,car owner,independent,1991,none,catholic,student,white,69.0,medium,1.69,mexican,unknown,cash,yes,08:00-23:30;,"mon, tue, wed, thu, fri, ",True,False,True,False,False,0,0,0.0,123.051601,0,4.0,5,2
u1112,135026,1,1,1,22.143078,-100.908523,True,casual drinker,formal,friends,car owner,independent,1991,none,catholic,student,white,69.0,medium,1.69,mexican,bar,unknown,none,13:30-23:30;,"mon, tue, wed, thu, fri, ",True,False,True,False,False,0,2,1.0,123.051601,0,3.0,5,2
u1112,135064,0,1,1,22.143078,-100.908523,True,casual drinker,formal,friends,car owner,independent,1991,none,catholic,student,white,69.0,medium,1.69,mexican,unknown,cash,yes,07:00-22:30;,"mon, tue, wed, thu, fri, ",True,False,True,False,False,0,2,1.0,123.051601,0,4.0,5,2
u1090,132862,2,2,2,22.158473,-100.984268,False,social drinker,no preference,friends,car owner,independent,1988,variety,catholic,student,blue,50.0,medium,1.54,tex-mex,international,cash,valet parking,09:30-23:30;,"mon, tue, wed, thu, fri, ",True,False,False,False,True,0,4,2.0,123.142741,0,3.0,3,2
u1057,135070,1,1,1,22.196624,-100.91217,True,casual drinker,formal,friends,public,independent,1989,technology,catholic,student,yellow,69.0,medium,1.83,american,unknown,cash,yes,07:00-23:00;,"mon, tue, wed, thu, fri, ",True,False,False,True,False,0,2,1.0,123.108794,0,3.0,5,2
u1112,132954,0,0,1,22.143078,-100.908523,True,casual drinker,formal,friends,car owner,independent,1991,none,catholic,student,white,69.0,medium,1.69,mexican,breakfast-brunch,cash,yes,08:00-22:30;,"mon, tue, wed, thu, fri, ",True,False,True,False,False,0,2,0.5,123.051601,0,4.0,5,2
u1057,135043,1,1,1,22.196624,-100.91217,True,casual drinker,formal,friends,public,independent,1989,technology,catholic,student,yellow,69.0,medium,1.83,american,fast_food,cash,none,00:00-00:00;,"mon, tue, wed, thu, fri, ",True,False,False,True,False,0,2,1.0,123.108794,0,2.0,5,2
u1112,135079,1,0,0,22.143078,-100.908523,True,casual drinker,formal,friends,car owner,independent,1991,none,catholic,student,white,69.0,medium,1.69,mexican,chinese,cash,none,13:00-22:30;,"mon, tue, wed, thu, fri, ",True,False,True,False,False,0,0,0.0,123.051601,0,3.0,5,2
u1112,135062,0,0,1,22.143078,-100.908523,True,casual drinker,formal,friends,car owner,independent,1991,none,catholic,student,white,69.0,medium,1.69,mexican,unknown,cash,yes,00:00-23:30;,"mon, tue, wed, thu, fri, ",True,False,True,False,False,0,2,0.5,123.051601,0,4.0,5,2
u1090,135051,1,2,1,22.158473,-100.984268,False,social drinker,no preference,friends,car owner,independent,1988,variety,catholic,student,blue,50.0,medium,1.54,tex-mex,unknown,cash,none,08:00-23:30;,"mon, tue, wed, thu, fri, ",True,False,False,False,True,0,2,1.5,123.142741,0,3.0,3,2
u1090,132954,2,2,2,22.158473,-100.984268,False,social drinker,no preference,friends,car owner,independent,1988,variety,catholic,student,blue,50.0,medium,1.54,tex-mex,breakfast-brunch,cash,yes,08:00-22:30;,"mon, tue, wed, thu, fri, ",True,False,False,False,True,0,4,2.0,123.142741,0,4.0,3,2
u1112,135048,0,0,0,22.143078,-100.908523,True,casual drinker,formal,friends,car owner,independent,1991,none,catholic,student,white,69.0,medium,1.69,mexican,bar,cash,yes,11:00-22:30;,"mon, tue, wed, thu, fri, ",True,False,True,False,False,0,0,0.0,123.051601,0,4.0,5,2
u1057,132954,1,0,0,22.196624,-100.91217,True,casual drinker,formal,friends,public,independent,1989,technology,catholic,student,yellow,69.0,medium,1.83,american,breakfast-brunch,cash,yes,08:00-22:30;,"mon, tue, wed, thu, fri, ",True,False,False,True,False,0,0,0.0,123.108794,0,3.0,5,2
u1112,135086,0,0,0,22.143078,-100.908523,True,casual drinker,formal,friends,car owner,independent,1991,none,catholic,student,white,69.0,medium,1.69,mexican,burgers,cash,yes,08:00-23:00;,"mon, tue, wed, thu, fri, ",True,False,True,False,False,0,0,0.0,123.051601,0,4.0,5,2
u1061,132955,2,2,2,22.140388,-100.937321,False,social drinker,no preference,friends,car owner,independent,1990,none,catholic,professional,blue,40.0,medium,1.76,mexican,bar_pub_brewery,cash,none,00:00-23:30;,"mon, tue, wed, thu, fri, ",True,False,True,False,False,0,4,2.0,123.077709,0,3.0,3,2
u1112,132921,1,0,0,22.143078,-100.908523,True,casual drinker,formal,friends,car owner,independent,1991,none,catholic,student,white,69.0,medium,1.69,mexican,bar,cash,none,01:00-20:30;,"mon, tue, wed, thu, fri, ",True,False,True,False,False,0,0,0.0,123.051601,0,3.0,5,2
u1061,132958,2,2,2,22.140388,-100.937321,False,social drinker,no preference,friends,car owner,independent,1990,none,catholic,professional,blue,40.0,medium,1.76,mexican,american,cash,none,10:00-23:30;,"mon, tue, wed, thu, fri, ",True,False,True,False,False,0,4,2.0,123.077709,0,3.0,3,2
u1112,135046,0,0,0,22.143078,-100.908523,True,casual drinker,formal,friends,car owner,independent,1991,none,catholic,student,white,69.0,medium,1.69,mexican,fast_food,cash,yes,08:30-21:00;,"mon, tue, wed, thu, fri, ",True,False,True,False,False,0,0,0.0,123.051601,0,4.0,5,2
u1090,135085,2,2,2,22.158473,-100.984268,False,social drinker,no preference,friends,car owner,independent,1988,variety,catholic,student,blue,50.0,medium,1.54,tex-mex,fast_food,cash,public,00:00-00:00;,"mon, tue, wed, thu, fri, ",True,False,False,False,True,0,4,2.0,123.142741,0,4.0,3,2
u1112,132572,0,0,1,22.143078,-100.908523,True,casual drinker,formal,friends,car owner,independent,1991,none,catholic,student,white,69.0,medium,1.69,mexican,cafeteria,cash,yes,00:00-23:30;,"mon, tue, wed, thu, fri, ",True,False,True,False,False,0,2,0.5,123.051601,0,4.0,5,2
u1090,132922,2,2,2,22.158473,-100.984268,False,social drinker,no preference,friends,car owner,independent,1988,variety,catholic,student,blue,50.0,medium,1.54,tex-mex,cafeteria,cash,none,19:00-23:00;,"mon, tue, wed, thu, fri, ",True,False,False,False,True,0,4,2.0,123.142741,0,3.0,3,2
u1025,132866,2,1,2,22.125603,-100.907844,False,social drinker,no preference,family,public,unknown,1990,none,catholic,student,red,65.0,medium,1.79,mexican,bakery,cash,yes,09:00-22:00;,"mon, tue, wed, thu, fri, ",True,False,False,False,True,0,4,1.5,123.033447,0,3.0,0,2
u1057,135080,1,1,0,22.196624,-100.91217,True,casual drinker,formal,friends,public,independent,1989,technology,catholic,student,yellow,69.0,medium,1.83,american,unknown,cash,none,14:00-23:30;,"mon, tue, wed, thu, fri, ",True,False,False,True,False,0,0,0.5,123.108794,0,2.0,5,2
u1112,132834,1,0,0,22.143078,-100.908523,True,casual drinker,formal,friends,car owner,independent,1991,none,catholic,student,white,69.0,medium,1.69,mexican,mexican,cash,public,08:30-15:00;,"mon, tue, wed, thu, fri, ",True,False,True,False,False,0,0,0.0,123.051601,1,4.0,5,2
u1057,132825,1,1,0,22.196624,-100.91217,True,casual drinker,formal,friends,public,independent,1989,technology,catholic,student,yellow,69.0,medium,1.83,american,mexican,cash,none,09:00-12:00;,"mon, tue, wed, thu, fri, ",True,False,False,True,False,0,0,0.5,123.108794,0,2.0,5,2
u1112,132862,1,1,1,22.143078,-100.908523,True,casual drinker,formal,friends,car owner,independent,1991,none,catholic,student,white,69.0,medium,1.69,mexican,international,cash,valet parking,09:30-23:30;,"mon, tue, wed, thu, fri, ",True,False,True,False,False,0,2,1.0,123.051601,0,3.0,5,2
u1061,132954,2,1,2,22.140388,-100.937321,False,social drinker,no preference,friends,car owner,independent,1990,none,catholic,professional,blue,40.0,medium,1.76,mexican,breakfast-brunch,cash,yes,08:00-22:30;,"mon, tue, wed, thu, fri, ",True,False,True,False,False,0,4,1.5,123.077709,0,4.0,3,2
u1025,132877,1,1,1,22.125603,-100.907844,False,social drinker,no preference,family,public,unknown,1990,none,catholic,student,red,65.0,medium,1.79,mexican,unknown,unknown,none,00:00-23:30;,"mon, tue, wed, thu, fri, ",True,False,False,False,True,0,2,1.0,123.033447,0,2.0,0,2
u1057,135064,1,1,0,22.196624,-100.91217,True,casual drinker,formal,friends,public,independent,1989,technology,catholic,student,yellow,69.0,medium,1.83,american,unknown,cash,yes,07:00-22:30;,"mon, tue, wed, thu, fri, ",True,False,False,True,False,0,0,0.5,123.108794,0,3.0,5,2
u1057,135046,1,0,0,22.196624,-100.91217,True,casual drinker,formal,friends,public,independent,1989,technology,catholic,student,yellow,69.0,medium,1.83,american,fast_food,cash,yes,08:30-21:00;,"mon, tue, wed, thu, fri, ",True,False,False,True,False,0,0,0.0,123.108794,0,3.0,5,2
u1090,135025,2,2,2,22.158473,-100.984268,False,social drinker,no preference,friends,car owner,independent,1988,variety,catholic,student,blue,50.0,medium,1.54,tex-mex,mexican,cash,none,18:00-23:30;,"mon, tue, wed, thu, fri, ",True,False,False,False,True,0,4,2.0,123.142741,0,3.0,3,2
u1090,132925,2,2,2,22.158473,-100.984268,False,social drinker,no preference,friends,car owner,independent,1988,variety,catholic,student,blue,50.0,medium,1.54,tex-mex,mexican,cash,none,09:00-21:00;,"mon, tue, wed, thu, fri, ",True,False,False,False,True,0,4,2.0,123.142741,0,3.0,3,2
u1057,132862,1,0,0,22.196624,-100.91217,True,casual drinker,formal,friends,public,independent,1989,technology,catholic,student,yellow,69.0,medium,1.83,american,international,cash,valet parking,09:30-23:30;,"mon, tue, wed, thu, fri, ",True,False,False,True,False,0,0,0.0,123.108794,0,2.0,5,2
u1057,135075,0,1,1,22.196624,-100.91217,True,casual drinker,formal,friends,public,independent,1989,technology,catholic,student,yellow,69.0,medium,1.83,american,seafood,cash,yes,00:00-23:30;,"mon, tue, wed, thu, fri, ",True,False,False,True,False,0,2,1.0,123.108794,0,3.0,5,2
u1025,132847,2,1,1,22.125603,-100.907844,False,social drinker,no preference,family,public,unknown,1990,none,catholic,student,red,65.0,medium,1.79,mexican,unknown,cash,none,20:00-01:30;,"mon, tue, wed, thu, fri, ",True,False,False,False,True,0,2,1.0,123.033447,0,2.0,0,2
u1057,135030,1,0,1,22.196624,-100.91217,True,casual drinker,formal,friends,public,independent,1989,technology,catholic,student,yellow,69.0,medium,1.83,american,cafe-coffee_shop,cash,none,00:00-00:00;,"mon, tue, wed, thu, fri, ",True,False,False,True,False,0,2,0.5,123.108794,0,2.0,5,2
u1025,135071,2,2,2,22.125603,-100.907844,False,social drinker,no preference,family,public,unknown,1990,none,catholic,student,red,65.0,medium,1.79,mexican,bar,cash,yes,13:00-23:30;,"mon, tue, wed, thu, fri, ",True,False,False,False,True,0,4,2.0,123.033447,0,3.0,0,2
u1057,132834,1,0,1,22.196624,-100.91217,True,casual drinker,formal,friends,public,independent,1989,technology,catholic,student,yellow,69.0,medium,1.83,american,mexican,cash,public,08:30-15:00;,"mon, tue, wed, thu, fri, ",True,False,False,True,False,0,2,0.5,123.108794,0,3.0,5,2
u1025,132958,1,0,0,22.125603,-100.907844,False,social drinker,no preference,family,public,unknown,1990,none,catholic,student,red,65.0,medium,1.79,mexican,american,cash,none,10:00-23:30;,"mon, tue, wed, thu, fri, ",True,False,False,False,True,0,0,0.0,123.033447,0,2.0,0,2
u1025,132825,0,0,0,22.125603,-100.907844,False,social drinker,no preference,family,public,unknown,1990,none,catholic,student,red,65.0,medium,1.79,mexican,mexican,cash,none,09:00-12:00;,"mon, tue, wed, thu, fri, ",True,False,False,False,True,0,0,0.0,123.033447,1,2.0,0,2
u1025,135028,2,1,0,22.125603,-100.907844,False,social drinker,no preference,family,public,unknown,1990,none,catholic,student,red,65.0,medium,1.79,mexican,mexican,cash,none,13:00-23:30;,"mon, tue, wed, thu, fri, ",True,False,False,False,True,0,0,0.5,123.033447,1,2.0,0,2
u1025,135047,1,1,1,22.125603,-100.907844,False,social drinker,no preference,family,public,unknown,1990,none,catholic,student,red,65.0,medium,1.79,mexican,unknown,cash,yes,08:00-23:30;,"mon, tue, wed, thu, fri, ",True,False,False,False,True,0,2,1.0,123.033447,0,3.0,0,2
u1025,132846,2,2,2,22.125603,-100.907844,False,social drinker,no preference,family,public,unknown,1990,none,catholic,student,red,65.0,medium,1.79,mexican,international,cash,none,08:00-23:30;,"mon, tue, wed, thu, fri, ",True,False,False,False,True,0,4,2.0,123.033447,0,2.0,0,2
u1025,135064,2,2,2,22.125603,-100.907844,False,social drinker,no preference,family,public,unknown,1990,none,catholic,student,red,65.0,medium,1.79,mexican,unknown,cash,yes,07:00-22:30;,"mon, tue, wed, thu, fri, ",True,False,False,False,True,0,4,2.0,123.033447,0,3.0,0,2
u1025,132830,2,2,2,22.125603,-100.907844,False,social drinker,no preference,family,public,unknown,1990,none,catholic,student,red,65.0,medium,1.79,mexican,unknown,unknown,none,00:00-23:30;,"mon, tue, wed, thu, fri, ",True,False,False,False,True,0,4,2.0,123.033447,0,2.0,0,2
u1097,135079,2,1,0,22.145471,-100.939588,False,abstemious,formal,family,public,independent,1990,variety,catholic,student,black,58.0,medium,1.64,mexican,chinese,cash,none,13:00-22:30;,"mon, tue, wed, thu, fri, ",True,False,True,False,False,0,0,0.5,123.085059,0,2.0,1,2
u1097,135058,2,1,1,22.145471,-100.939588,False,abstemious,formal,family,public,independent,1990,variety,catholic,student,black,58.0,medium,1.64,mexican,pizzeria,cash,public,13:00-23:00;,"mon, tue, wed, thu, fri, ",True,False,True,False,False,0,2,1.0,123.085059,0,3.0,1,2
u1097,132954,1,1,0,22.145471,-100.939588,False,abstemious,formal,family,public,independent,1990,variety,catholic,student,black,58.0,medium,1.64,mexican,breakfast-brunch,cash,yes,08:00-22:30;,"mon, tue, wed, thu, fri, ",True,False,True,False,False,0,0,0.5,123.085059,0,3.0,1,2
u1097,132958,2,1,1,22.145471,-100.939588,False,abstemious,formal,family,public,independent,1990,variety,catholic,student,black,58.0,medium,1.64,mexican,american,cash,none,10:00-23:30;,"mon, tue, wed, thu, fri, ",True,False,True,False,False,0,2,1.0,123.085059,0,2.0,1,2
u1097,135026,1,0,1,22.145471,-100.939588,False,abstemious,formal,family,public,independent,1990,variety,catholic,student,black,58.0,medium,1.64,mexican,bar,unknown,none,13:30-23:30;,"mon, tue, wed, thu, fri, ",True,False,True,False,False,0,2,0.5,123.085059,0,2.0,1,2
u1128,135053,0,0,0,22.187236,-100.994213,False,casual drinker,no preference,friends,public,independent,1986,variety,catholic,student,red,66.0,low,1.72,cafeteria,cafeteria,cash,yes,11:00-22:00;,"mon, tue, wed, thu, fri, ",True,False,False,False,True,0,0,0.0,123.181449,1,3.0,5,1
u1128,135058,0,0,0,22.187236,-100.994213,False,casual drinker,no preference,friends,public,independent,1986,variety,catholic,student,red,66.0,low,1.72,cafeteria,pizzeria,cash,public,13:00-23:00;,"mon, tue, wed, thu, fri, ",True,False,False,False,True,0,0,0.0,123.181449,0,3.0,5,1
u1128,132875,0,0,0,22.187236,-100.994213,False,casual drinker,no preference,friends,public,independent,1986,variety,catholic,student,red,66.0,low,1.72,cafeteria,japanese,cash,valet parking,00:00-23:30;,"mon, tue, wed, thu, fri, ",True,False,False,False,True,0,0,0.0,123.181449,0,2.0,5,1
u1128,135079,0,0,0,22.187236,-100.994213,False,casual drinker,no preference,friends,public,independent,1986,variety,catholic,student,red,66.0,low,1.72,cafeteria,chinese,cash,none,13:00-22:30;,"mon, tue, wed, thu, fri, ",True,False,False,False,True,0,0,0.0,123.181449,0,2.0,5,1
u1128,132925,0,0,0,22.187236,-100.994213,False,casual drinker,no preference,friends,public,independent,1986,variety,catholic,student,red,66.0,low,1.72,cafeteria,mexican,cash,none,09:00-21:00;,"mon, tue, wed, thu, fri, ",True,False,False,False,True,0,0,0.0,123.181449,0,2.0,5,1
u1128,135064,0,0,0,22.187236,-100.994213,False,casual drinker,no preference,friends,public,independent,1986,variety,catholic,student,red,66.0,low,1.72,cafeteria,unknown,cash,yes,07:00-22:30;,"mon, tue, wed, thu, fri, ",True,False,False,False,True,0,0,0.0,123.181449,0,3.0,5,1
u1128,132921,0,0,0,22.187236,-100.994213,False,casual drinker,no preference,friends,public,independent,1986,variety,catholic,student,red,66.0,low,1.72,cafeteria,bar,cash,none,01:00-20:30;,"mon, tue, wed, thu, fri, ",True,False,False,False,True,0,0,0.0,123.181449,0,2.0,5,1
u1128,135060,0,0,0,22.187236,-100.994213,False,casual drinker,no preference,friends,public,independent,1986,variety,catholic,student,red,66.0,low,1.72,cafeteria,seafood,cash,none,11:30-19:00;,"mon, tue, wed, thu, fri, ",True,False,False,False,True,0,0,0.0,123.181449,0,2.0,5,1
u1128,132954,0,0,0,22.187236,-100.994213,False,casual drinker,no preference,friends,public,independent,1986,variety,catholic,student,red,66.0,low,1.72,cafeteria,breakfast-brunch,cash,yes,08:00-22:30;,"mon, tue, wed, thu, fri, ",True,False,False,False,True,0,0,0.0,123.181449,0,3.0,5,1
u1128,132951,0,0,0,22.187236,-100.994213,False,casual drinker,no preference,friends,public,independent,1986,variety,catholic,student,red,66.0,low,1.72,cafeteria,american,cash,yes,00:00-23:30;,"mon, tue, wed, thu, fri, ",True,False,False,False,True,0,0,0.0,123.181449,0,3.0,5,1
u1097,132921,2,2,1,22.145471,-100.939588,False,abstemious,formal,family,public,independent,1990,variety,catholic,student,black,58.0,medium,1.64,mexican,bar,cash,none,01:00-20:30;,"mon, tue, wed, thu, fri, ",True,False,True,False,False,0,2,1.5,123.085059,0,2.0,1,2
u1097,132955,2,2,1,22.145471,-100.939588,False,abstemious,formal,family,public,independent,1990,variety,catholic,student,black,58.0,medium,1.64,mexican,bar_pub_brewery,cash,none,00:00-23:30;,"mon, tue, wed, thu, fri, ",True,False,True,False,False,0,2,1.5,123.085059,0,2.0,1,2
u1097,132884,1,1,1,22.145471,-100.939588,False,abstemious,formal,family,public,independent,1990,variety,catholic,student,black,58.0,medium,1.64,mexican,unknown,unknown,none,00:00-23:30;,"mon, tue, wed, thu, fri, ",True,False,True,False,False,0,2,1.0,123.085059,0,2.0,1,2
u1097,135049,2,1,1,22.145471,-100.939588,False,abstemious,formal,family,public,independent,1990,variety,catholic,student,black,58.0,medium,1.64,mexican,seafood,cash,none,12:00-20:00;,"mon, tue, wed, thu, fri, ",True,False,True,False,False,0,2,1.0,123.085059,0,2.0,1,2
u1097,135034,2,2,1,22.145471,-100.939588,False,abstemious,formal,family,public,independent,1990,variety,catholic,student,black,58.0,medium,1.64,mexican,japanese,cash,none,13:30-23:00;,"mon, tue, wed, thu, fri, ",True,False,True,False,False,0,2,1.5,123.085059,0,2.0,1,2
u1006,132954,1,1,1,22.15,-100.983,True,social drinker,no preference,friends,car owner,independent,1989,variety,none,student,blue,75.0,medium,1.8,mexican,breakfast-brunch,cash,yes,08:00-22:30;,"mon, tue, wed, thu, fri, ",True,False,True,False,False,0,2,1.0,123.13300000000001,0,4.0,3,2
u1006,135079,1,1,1,22.15,-100.983,True,social drinker,no preference,friends,car owner,independent,1989,variety,none,student,blue,75.0,medium,1.8,mexican,chinese,cash,none,13:00-22:30;,"mon, tue, wed, thu, fri, ",True,False,True,False,False,0,2,1.0,123.13300000000001,0,3.0,3,2
u1006,132875,2,2,2,22.15,-100.983,True,social drinker,no preference,friends,car owner,independent,1989,variety,none,student,blue,75.0,medium,1.8,mexican,japanese,cash,valet parking,00:00-23:30;,"mon, tue, wed, thu, fri, ",True,False,True,False,False,0,4,2.0,123.13300000000001,0,3.0,3,2
u1006,135026,2,2,2,22.15,-100.983,True,social drinker,no preference,friends,car owner,independent,1989,variety,none,student,blue,75.0,medium,1.8,mexican,bar,unknown,none,13:30-23:30;,"mon, tue, wed, thu, fri, ",True,False,True,False,False,0,4,2.0,123.13300000000001,0,3.0,3,2
u1006,132922,2,1,2,22.15,-100.983,True,social drinker,no preference,friends,car owner,independent,1989,variety,none,student,blue,75.0,medium,1.8,mexican,cafeteria,cash,none,19:00-23:00;,"mon, tue, wed, thu, fri, ",True,False,True,False,False,0,4,1.5,123.13300000000001,0,3.0,3,2
u1006,132572,1,0,1,22.15,-100.983,True,social drinker,no preference,friends,car owner,independent,1989,variety,none,student,blue,75.0,medium,1.8,mexican,cafeteria,cash,yes,00:00-23:30;,"mon, tue, wed, thu, fri, ",True,False,True,False,False,0,2,0.5,123.13300000000001,0,4.0,3,2
u1006,135075,1,1,2,22.15,-100.983,True,social drinker,no preference,friends,car owner,independent,1989,variety,none,student,blue,75.0,medium,1.8,mexican,seafood,cash,yes,00:00-23:30;,"mon, tue, wed, thu, fri, ",True,False,True,False,False,0,4,1.5,123.13300000000001,0,4.0,3,2
u1006,132825,1,1,1,22.15,-100.983,True,social drinker,no preference,friends,car owner,independent,1989,variety,none,student,blue,75.0,medium,1.8,mexican,mexican,cash,none,09:00-12:00;,"mon, tue, wed, thu, fri, ",True,False,True,False,False,0,2,1.0,123.13300000000001,1,3.0,3,2
u1006,135048,1,1,2,22.15,-100.983,True,social drinker,no preference,friends,car owner,independent,1989,variety,none,student,blue,75.0,medium,1.8,mexican,bar,cash,yes,11:00-22:30;,"mon, tue, wed, thu, fri, ",True,False,True,False,False,0,4,1.5,123.13300000000001,0,4.0,3,2
u1006,135030,1,1,2,22.15,-100.983,True,social drinker,no preference,friends,car owner,independent,1989,variety,none,student,blue,75.0,medium,1.8,mexican,cafe-coffee_shop,cash,none,00:00-00:00;,"mon, tue, wed, thu, fri, ",True,False,True,False,False,0,4,1.5,123.13300000000001,0,3.0,3,2
u1006,132884,2,2,2,22.15,-100.983,True,social drinker,no preference,friends,car owner,independent,1989,variety,none,student,blue,75.0,medium,1.8,mexican,unknown,unknown,none,00:00-23:30;,"mon, tue, wed, thu, fri, ",True,False,True,False,False,0,4,2.0,123.13300000000001,0,3.0,3,2
u1131,135054,2,1,2,22.138245,-100.910948,True,social drinker,no preference,friends,car owner,kids,1990,eco-friendly,none,student,black,90.0,medium,1.8,mexican,seafood,cash,yes,07:00-19:00;,"mon, tue, wed, thu, fri, ",False,False,True,False,False,1,4,1.5,123.049193,0,4.0,3,2
u1131,132869,1,2,1,22.138245,-100.910948,True,social drinker,no preference,friends,car owner,kids,1990,eco-friendly,none,student,black,90.0,medium,1.8,mexican,pizzeria,cash,yes,10:00-23:00;,"mon, tue, wed, thu, fri, ",False,False,True,False,False,1,2,1.5,123.049193,0,4.0,3,2
u1131,132866,2,2,2,22.138245,-100.910948,True,social drinker,no preference,friends,car owner,kids,1990,eco-friendly,none,student,black,90.0,medium,1.8,mexican,bakery,cash,yes,09:00-22:00;,"mon, tue, wed, thu, fri, ",False,False,True,False,False,1,4,2.0,123.049193,0,4.0,3,2
u1131,135082,0,1,0,22.138245,-100.910948,True,social drinker,no preference,friends,car owner,kids,1990,eco-friendly,none,student,black,90.0,medium,1.8,mexican,unknown,cash,none,10:00-18:00;,"mon, tue, wed, thu, fri, ",False,False,True,False,False,1,0,0.5,123.049193,0,3.0,3,2
u1131,132851,2,2,2,22.138245,-100.910948,True,social drinker,no preference,friends,car owner,kids,1990,eco-friendly,none,student,black,90.0,medium,1.8,mexican,american,cash,yes,09:00-22:00;,"mon, tue, wed, thu, fri, ",False,False,True,False,False,1,4,2.0,123.049193,0,4.0,3,2
u1131,132870,0,2,0,22.138245,-100.910948,True,social drinker,no preference,friends,car owner,kids,1990,eco-friendly,none,student,black,90.0,medium,1.8,mexican,burgers,cash,none,10:30-23:00;,"mon, tue, wed, thu, fri, ",False,False,True,False,False,1,0,1.0,123.049193,0,3.0,3,2
u1073,135062,0,0,0,22.15,-100.983,False,abstemious,informal,solitary,car owner,kids,1989,none,none,Other,yellow,97.75,medium,1.79,american,unknown,cash,yes,00:00-23:30;,"mon, tue, wed, thu, fri, ",False,True,True,False,False,0,0,0.0,123.13300000000001,0,4.0,3,2
u1073,132572,0,0,0,22.15,-100.983,False,abstemious,informal,solitary,car owner,kids,1989,none,none,Other,yellow,97.75,medium,1.79,american,cafeteria,cash,yes,00:00-23:30;,"mon, tue, wed, thu, fri, ",False,True,True,False,False,0,0,0.0,123.13300000000001,0,4.0,3,2
u1073,135064,0,0,0,22.15,-100.983,False,abstemious,informal,solitary,car owner,kids,1989,none,none,Other,yellow,97.75,medium,1.79,american,unknown,cash,yes,07:00-22:30;,"mon, tue, wed, thu, fri, ",False,True,True,False,False,0,0,0.0,123.13300000000001,0,4.0,3,2
u1073,135080,0,0,0,22.15,-100.983,False,abstemious,informal,solitary,car owner,kids,1989,none,none,Other,yellow,97.75,medium,1.79,american,unknown,cash,none,14:00-23:30;,"mon, tue, wed, thu, fri, ",False,True,True,False,False,0,0,0.0,123.13300000000001,0,3.0,3,2
u1073,132951,0,0,0,22.15,-100.983,False,abstemious,informal,solitary,car owner,kids,1989,none,none,Other,yellow,97.75,medium,1.79,american,american,cash,yes,00:00-23:30;,"mon, tue, wed, thu, fri, ",False,True,True,False,False,0,0,0.0,123.13300000000001,1,4.0,3,2
u1073,132954,0,0,0,22.15,-100.983,False,abstemious,informal,solitary,car owner,kids,1989,none,none,Other,yellow,97.75,medium,1.79,american,breakfast-brunch,cash,yes,08:00-22:30;,"mon, tue, wed, thu, fri, ",False,True,True,False,False,0,0,0.0,123.13300000000001,0,4.0,3,2
u1073,135052,0,0,0,22.15,-100.983,False,abstemious,informal,solitary,car owner,kids,1989,none,none,Other,yellow,97.75,medium,1.79,american,bar,cash,none,08:00-23:30;,"mon, tue, wed, thu, fri, ",False,True,True,False,False,0,0,0.0,123.13300000000001,0,3.0,3,2
u1073,132834,0,0,0,22.15,-100.983,False,abstemious,informal,solitary,car owner,kids,1989,none,none,Other,yellow,97.75,medium,1.79,american,mexican,cash,public,08:30-15:00;,"mon, tue, wed, thu, fri, ",False,True,True,False,False,0,0,0.0,123.13300000000001,0,4.0,3,2
u1073,135060,0,0,0,22.15,-100.983,False,abstemious,informal,solitary,car owner,kids,1989,none,none,Other,yellow,97.75,medium,1.79,american,seafood,cash,none,11:30-19:00;,"mon, tue, wed, thu, fri, ",False,True,True,False,False,0,0,0.0,123.13300000000001,0,3.0,3,2
u1073,135065,0,0,0,22.15,-100.983,False,abstemious,informal,solitary,car owner,kids,1989,none,none,Other,yellow,97.75,medium,1.79,american,unknown,cash,none,14:00-23:30;,"mon, tue, wed, thu, fri, ",False,True,True,False,False,0,0,0.0,123.13300000000001,0,3.0,3,2
u1073,132862,0,0,0,22.15,-100.983,False,abstemious,informal,solitary,car owner,kids,1989,none,none,Other,yellow,97.75,medium,1.79,american,international,cash,valet parking,09:30-23:30;,"mon, tue, wed, thu, fri, ",False,True,True,False,False,0,0,0.0,123.13300000000001,0,3.0,3,2
u1049,132921,0,0,0,22.15,-100.983,False,casual drinker,informal,solitary,public,unknown,1991,none,none,student,blue,55.0,medium,1.6,mexican,bar,cash,none,01:00-20:30;,"mon, tue, wed, thu, fri, ",True,False,True,False,False,0,0,0.0,123.13300000000001,0,2.0,4,2
u1049,135042,0,0,0,22.15,-100.983,False,casual drinker,informal,solitary,public,unknown,1991,none,none,student,blue,55.0,medium,1.6,mexican,chinese,cash,none,11:00-21:30;,"mon, tue, wed, thu, fri, ",True,False,True,False,False,0,0,0.0,123.13300000000001,0,2.0,4,2
u1049,135032,0,0,0,22.15,-100.983,False,casual drinker,informal,solitary,public,unknown,1991,none,none,student,blue,55.0,medium,1.6,mexican,cafeteria,cash,public,07:00-23:30;,"mon, tue, wed, thu, fri, ",True,False,True,False,False,0,0,0.0,123.13300000000001,0,3.0,4,2
u1049,135051,0,0,0,22.15,-100.983,False,casual drinker,informal,solitary,public,unknown,1991,none,none,student,blue,55.0,medium,1.6,mexican,unknown,cash,none,08:00-23:30;,"mon, tue, wed, thu, fri, ",True,False,True,False,False,0,0,0.0,123.13300000000001,0,2.0,4,2
u1049,135085,0,0,0,22.15,-100.983,False,casual drinker,informal,solitary,public,unknown,1991,none,none,student,blue,55.0,medium,1.6,mexican,fast_food,cash,public,00:00-00:00;,"mon, tue, wed, thu, fri, ",True,False,True,False,False,0,0,0.0,123.13300000000001,0,3.0,4,2
u1049,132862,0,0,0,22.15,-100.983,False,casual drinker,informal,solitary,public,unknown,1991,none,none,student,blue,55.0,medium,1.6,mexican,international,cash,valet parking,09:30-23:30;,"mon, tue, wed, thu, fri, ",True,False,True,False,False,0,0,0.0,123.13300000000001,0,2.0,4,2
u1049,135052,0,0,0,22.15,-100.983,False,casual drinker,informal,solitary,public,unknown,1991,none,none,student,blue,55.0,medium,1.6,mexican,bar,cash,none,08:00-23:30;,"mon, tue, wed, thu, fri, ",True,False,True,False,False,0,0,0.0,123.13300000000001,0,2.0,4,2
u1058,135076,2,2,2,22.205802,-100.986081,False,abstemious,formal,family,public,independent,1991,variety,catholic,student,red,74.0,low,1.78,cuban,unknown,cash,yes,12:00-23:30;,"mon, tue, wed, thu, fri, ",True,False,True,False,False,0,2,2.0,123.19188299999999,0,3.0,1,1
u1058,135043,1,2,2,22.205802,-100.986081,False,abstemious,formal,family,public,independent,1991,variety,catholic,student,red,74.0,low,1.78,cuban,fast_food,cash,none,00:00-00:00;,"mon, tue, wed, thu, fri, ",True,False,True,False,False,0,2,2.0,123.19188299999999,0,2.0,1,1
u1058,135058,2,2,0,22.205802,-100.986081,False,abstemious,formal,family,public,independent,1991,variety,catholic,student,red,74.0,low,1.78,cuban,pizzeria,cash,public,13:00-23:00;,"mon, tue, wed, thu, fri, ",True,False,True,False,False,0,0,1.0,123.19188299999999,0,3.0,1,1
u1058,135053,2,1,1,22.205802,-100.986081,False,abstemious,formal,family,public,independent,1991,variety,catholic,student,red,74.0,low,1.78,cuban,cafeteria,cash,yes,11:00-22:00;,"mon, tue, wed, thu, fri, ",True,False,True,False,False,0,1,1.0,123.19188299999999,0,3.0,1,1
u1058,132885,1,1,1,22.205802,-100.986081,False,abstemious,formal,family,public,independent,1991,variety,catholic,student,red,74.0,low,1.78,cuban,cafeteria,cash,public,08:00-23:30;,"mon, tue, wed, thu, fri, ",True,False,True,False,False,0,1,1.0,123.19188299999999,0,3.0,1,1
u1058,135050,1,0,0,22.205802,-100.986081,False,abstemious,formal,family,public,independent,1991,variety,catholic,student,red,74.0,low,1.78,cuban,unknown,cash,yes,12:00-19:30;,"mon, tue, wed, thu, fri, ",True,False,True,False,False,0,0,0.0,123.19188299999999,0,3.0,1,1
u1058,132872,2,2,1,22.205802,-100.986081,False,abstemious,formal,family,public,independent,1991,variety,catholic,student,red,74.0,low,1.78,cuban,american,cash,public,09:00-21:00;,"mon, tue, wed, thu, fri, ",True,False,True,False,False,0,1,1.5,123.19188299999999,0,3.0,1,1
u1058,135066,1,1,1,22.205802,-100.986081,False,abstemious,formal,family,public,independent,1991,variety,catholic,student,red,74.0,low,1.78,cuban,unknown,cash,yes,07:00-23:00;,"sat, ",True,False,True,False,False,0,1,1.0,123.19188299999999,0,3.0,1,1
u1002,132921,2,1,1,22.150087,-100.983325,False,abstemious,informal,family,public,independent,1990,technology,catholic,student,red,40.0,low,1.87,mexican,bar,cash,none,01:00-20:30;,"mon, tue, wed, thu, fri, ",True,False,False,True,False,0,1,1.0,123.13341199999999,0,2.0,1,1
u1002,135062,1,2,1,22.150087,-100.983325,False,abstemious,informal,family,public,independent,1990,technology,catholic,student,red,40.0,low,1.87,mexican,unknown,cash,yes,00:00-23:30;,"mon, tue, wed, thu, fri, ",True,False,False,True,False,0,1,1.5,123.13341199999999,0,3.0,1,1
u1002,135106,1,1,1,22.150087,-100.983325,False,abstemious,informal,family,public,independent,1990,technology,catholic,student,red,40.0,low,1.87,mexican,mexican,cash,none,18:00-23:30;,"mon, tue, wed, thu, fri, ",True,False,False,True,False,0,1,1.0,123.13341199999999,1,2.0,1,1
u1002,132825,2,2,0,22.150087,-100.983325,False,abstemious,informal,family,public,independent,1990,technology,catholic,student,red,40.0,low,1.87,mexican,mexican,cash,none,09:00-12:00;,"mon, tue, wed, thu, fri, ",True,False,False,True,False,0,0,1.0,123.13341199999999,1,2.0,1,1
u1002,135052,1,1,1,22.150087,-100.983325,False,abstemious,informal,family,public,independent,1990,technology,catholic,student,red,40.0,low,1.87,mexican,bar,cash,none,08:00-23:30;,"mon, tue, wed, thu, fri, ",True,False,False,True,False,0,1,1.0,123.13341199999999,0,2.0,1,1
u1002,132862,2,2,2,22.150087,-100.983325,False,abstemious,informal,family,public,independent,1990,technology,catholic,student,red,40.0,low,1.87,mexican,international,cash,valet parking,09:30-23:30;,"mon, tue, wed, thu, fri, ",True,False,False,True,False,0,2,2.0,123.13341199999999,0,2.0,1,1
u1096,132875,2,2,2,22.1455,-100.939593,False,abstemious,formal,family,public,independent,1990,eco-friendly,catholic,student,black,40.0,medium,1.3750000000000002,mexican,japanese,cash,valet parking,00:00-23:30;,"mon, tue, wed, thu, fri, ",True,False,True,False,False,0,4,2.0,123.085093,0,2.0,1,2
u1002,135059,1,2,1,22.150087,-100.983325,False,abstemious,informal,family,public,independent,1990,technology,catholic,student,red,40.0,low,1.87,mexican,bar,cash,yes,12:00-23:30;,"mon, tue, wed, thu, fri, ",True,False,False,True,False,0,1,1.5,123.13341199999999,0,3.0,1,1
u1002,135041,2,1,0,22.150087,-100.983325,False,abstemious,informal,family,public,independent,1990,technology,catholic,student,red,40.0,low,1.87,mexican,bar,cash,none,00:00-00:00;,"mon, tue, wed, thu, fri, ",True,False,False,True,False,0,0,0.5,123.13341199999999,0,2.0,1,1
u1002,132925,1,1,2,22.150087,-100.983325,False,abstemious,informal,family,public,independent,1990,technology,catholic,student,red,40.0,low,1.87,mexican,mexican,cash,none,09:00-21:00;,"mon, tue, wed, thu, fri, ",True,False,False,True,False,0,2,1.5,123.13341199999999,1,2.0,1,1
u1002,135085,1,1,1,22.150087,-100.983325,False,abstemious,informal,family,public,independent,1990,technology,catholic,student,red,40.0,low,1.87,mexican,fast_food,cash,public,00:00-00:00;,"mon, tue, wed, thu, fri, ",True,False,False,True,False,0,1,1.0,123.13341199999999,0,3.0,1,1
u1096,135025,2,2,2,22.1455,-100.939593,False,abstemious,formal,family,public,independent,1990,eco-friendly,catholic,student,black,40.0,medium,1.3750000000000002,mexican,mexican,cash,none,18:00-23:30;,"mon, tue, wed, thu, fri, ",True,False,True,False,False,0,4,2.0,123.085093,1,2.0,1,2
u1096,135072,1,2,1,22.1455,-100.939593,False,abstemious,formal,family,public,independent,1990,eco-friendly,catholic,student,black,40.0,medium,1.3750000000000002,mexican,japanese,cash,none,13:00-23:00;,"mon, tue, wed, thu, fri, ",True,False,True,False,False,0,2,1.5,123.085093,0,2.0,1,2
u1096,135064,1,1,0,22.1455,-100.939593,False,abstemious,formal,family,public,independent,1990,eco-friendly,catholic,student,black,40.0,medium,1.3750000000000002,mexican,unknown,cash,yes,07:00-22:30;,"mon, tue, wed, thu, fri, ",True,False,True,False,False,0,0,0.5,123.085093,0,3.0,1,2
u1096,135086,1,0,2,22.1455,-100.939593,False,abstemious,formal,family,public,independent,1990,eco-friendly,catholic,student,black,40.0,medium,1.3750000000000002,mexican,burgers,cash,yes,08:00-23:00;,"mon, tue, wed, thu, fri, ",True,False,True,False,False,0,4,1.0,123.085093,0,3.0,1,2
u1096,135055,2,2,2,22.1455,-100.939593,False,abstemious,formal,family,public,independent,1990,eco-friendly,catholic,student,black,40.0,medium,1.3750000000000002,mexican,mexican,cash,yes,14:00-22:00;,"mon, tue, wed, thu, fri, ",True,False,True,False,False,0,4,2.0,123.085093,1,3.0,1,2
u1136,135074,1,1,2,22.149607,-100.997235,True,social drinker,no preference,friends,car owner,independent,1990,retro,catholic,student,black,50.0,low,1.6,mexican,contemporary,cash,public,07:00-23:30;,"mon, tue, wed, thu, fri, ",True,False,False,False,True,0,2,1.5,123.146842,0,4.0,3,1
u1096,135026,2,2,2,22.1455,-100.939593,False,abstemious,formal,family,public,independent,1990,eco-friendly,catholic,student,black,40.0,medium,1.3750000000000002,mexican,bar,unknown,none,13:30-23:30;,"mon, tue, wed, thu, fri, ",True,False,True,False,False,0,4,2.0,123.085093,0,2.0,1,2
u1136,132862,2,2,2,22.149607,-100.997235,True,social drinker,no preference,friends,car owner,independent,1990,retro,catholic,student,black,50.0,low,1.6,mexican,international,cash,valet parking,09:30-23:30;,"mon, tue, wed, thu, fri, ",True,False,False,False,True,0,2,2.0,123.146842,0,3.0,3,1
u1096,132955,2,2,2,22.1455,-100.939593,False,abstemious,formal,family,public,independent,1990,eco-friendly,catholic,student,black,40.0,medium,1.3750000000000002,mexican,bar_pub_brewery,cash,none,00:00-23:30;,"mon, tue, wed, thu, fri, ",True,False,True,False,False,0,4,2.0,123.085093,0,2.0,1,2
u1136,132921,2,2,2,22.149607,-100.997235,True,social drinker,no preference,friends,car owner,independent,1990,retro,catholic,student,black,50.0,low,1.6,mexican,bar,cash,none,01:00-20:30;,"mon, tue, wed, thu, fri, ",True,False,False,False,True,0,2,2.0,123.146842,0,3.0,3,1
u1136,135072,1,1,1,22.149607,-100.997235,True,social drinker,no preference,friends,car owner,independent,1990,retro,catholic,student,black,50.0,low,1.6,mexican,japanese,cash,none,13:00-23:00;,"mon, tue, wed, thu, fri, ",True,False,False,False,True,0,1,1.0,123.146842,0,3.0,3,1
u1096,132723,1,2,1,22.1455,-100.939593,False,abstemious,formal,family,public,independent,1990,eco-friendly,catholic,student,black,40.0,medium,1.3750000000000002,mexican,mexican,cash,public,06:30-15:00;,"mon, tue, wed, thu, fri, ",True,False,True,False,False,0,2,1.5,123.085093,1,3.0,1,2
u1136,135055,2,2,2,22.149607,-100.997235,True,social drinker,no preference,friends,car owner,independent,1990,retro,catholic,student,black,50.0,low,1.6,mexican,mexican,cash,yes,14:00-22:00;,"mon, tue, wed, thu, fri, ",True,False,False,False,True,0,2,2.0,123.146842,1,4.0,3,1
u1136,135064,1,1,1,22.149607,-100.997235,True,social drinker,no preference,friends,car owner,independent,1990,retro,catholic,student,black,50.0,low,1.6,mexican,unknown,cash,yes,07:00-22:30;,"mon, tue, wed, thu, fri, ",True,False,False,False,True,0,1,1.0,123.146842,0,4.0,3,1
u1096,132958,1,2,2,22.1455,-100.939593,False,abstemious,formal,family,public,independent,1990,eco-friendly,catholic,student,black,40.0,medium,1.3750000000000002,mexican,american,cash,none,10:00-23:30;,"mon, tue, wed, thu, fri, ",True,False,True,False,False,0,4,2.0,123.085093,0,2.0,1,2
u1096,135075,1,2,1,22.1455,-100.939593,False,abstemious,formal,family,public,independent,1990,eco-friendly,catholic,student,black,40.0,medium,1.3750000000000002,mexican,seafood,cash,yes,00:00-23:30;,"mon, tue, wed, thu, fri, ",True,False,True,False,False,0,2,1.5,123.085093,0,3.0,1,2
u1136,132958,2,2,2,22.149607,-100.997235,True,social drinker,no preference,friends,car owner,independent,1990,retro,catholic,student,black,50.0,low,1.6,mexican,american,cash,none,10:00-23:30;,"mon, tue, wed, thu, fri, ",True,False,False,False,True,0,2,2.0,123.146842,0,3.0,3,1
u1136,135048,1,2,2,22.149607,-100.997235,True,social drinker,no preference,friends,car owner,independent,1990,retro,catholic,student,black,50.0,low,1.6,mexican,bar,cash,yes,11:00-22:30;,"mon, tue, wed, thu, fri, ",True,False,False,False,True,0,2,2.0,123.146842,0,4.0,3,1
u1136,135046,2,2,2,22.149607,-100.997235,True,social drinker,no preference,friends,car owner,independent,1990,retro,catholic,student,black,50.0,low,1.6,mexican,fast_food,cash,yes,08:30-21:00;,"mon, tue, wed, thu, fri, ",True,False,False,False,True,0,2,2.0,123.146842,0,4.0,3,1
u1136,135028,2,2,2,22.149607,-100.997235,True,social drinker,no preference,friends,car owner,independent,1990,retro,catholic,student,black,50.0,low,1.6,mexican,mexican,cash,none,13:00-23:30;,"mon, tue, wed, thu, fri, ",True,False,False,False,True,0,2,2.0,123.146842,1,3.0,3,1
u1097,135086,2,0,1,22.145471,-100.939588,False,abstemious,formal,family,public,independent,1990,variety,catholic,student,black,58.0,medium,1.64,mexican,burgers,cash,yes,08:00-23:00;,"mon, tue, wed, thu, fri, ",True,False,True,False,False,0,2,0.5,123.085059,0,3.0,1,2
u1097,135053,2,2,2,22.145471,-100.939588,False,abstemious,formal,family,public,independent,1990,variety,catholic,student,black,58.0,medium,1.64,mexican,cafeteria,cash,yes,11:00-22:00;,"mon, tue, wed, thu, fri, ",True,False,True,False,False,0,4,2.0,123.085059,0,3.0,1,2
u1097,132861,2,2,1,22.145471,-100.939588,False,abstemious,formal,family,public,independent,1990,variety,catholic,student,black,58.0,medium,1.64,mexican,burgers,cash,yes,10:00-23:30;,"mon, tue, wed, thu, fri, ",True,False,True,False,False,0,2,1.5,123.085059,0,3.0,1,2
u1058,135062,2,2,2,22.205802,-100.986081,False,abstemious,formal,family,public,independent,1991,variety,catholic,student,red,74.0,low,1.78,cuban,unknown,cash,yes,00:00-23:30;,"mon, tue, wed, thu, fri, ",True,False,True,False,False,0,2,2.0,123.19188299999999,0,3.0,1,1
u1058,135055,2,2,2,22.205802,-100.986081,False,abstemious,formal,family,public,independent,1991,variety,catholic,student,red,74.0,low,1.78,cuban,mexican,cash,yes,14:00-22:00;,"mon, tue, wed, thu, fri, ",True,False,True,False,False,0,2,2.0,123.19188299999999,0,3.0,1,1
u1010,135053,1,1,1,22.190889,-100.998669,False,social drinker,no preference,friends,car owner,kids,1987,technology,none,student,green,40.0,medium,1.67,mexican,cafeteria,cash,yes,11:00-22:00;,"mon, tue, wed, thu, fri, ",False,False,True,False,False,1,2,1.0,123.189558,0,4.0,3,2
u1010,135058,1,0,0,22.190889,-100.998669,False,social drinker,no preference,friends,car owner,kids,1987,technology,none,student,green,40.0,medium,1.67,mexican,pizzeria,cash,public,13:00-23:00;,"mon, tue, wed, thu, fri, ",False,False,True,False,False,1,0,0.0,123.189558,0,4.0,3,2
u1010,135079,0,0,0,22.190889,-100.998669,False,social drinker,no preference,friends,car owner,kids,1987,technology,none,student,green,40.0,medium,1.67,mexican,chinese,cash,none,13:00-22:30;,"mon, tue, wed, thu, fri, ",False,False,True,False,False,1,0,0.0,123.189558,0,3.0,3,2
u1003,135059,2,2,2,22.119847,-100.946527,False,social drinker,formal,family,public,independent,1989,none,catholic,student,blue,60.0,low,1.69,mexican,bar,cash,yes,12:00-23:30;,"mon, tue, wed, thu, fri, ",True,False,True,False,False,0,2,2.0,123.066374,0,3.0,0,1
u1010,135064,0,2,0,22.190889,-100.998669,False,social drinker,no preference,friends,car owner,kids,1987,technology,none,student,green,40.0,medium,1.67,mexican,unknown,cash,yes,07:00-22:30;,"mon, tue, wed, thu, fri, ",False,False,True,False,False,1,0,1.0,123.189558,0,4.0,3,2
u1010,135047,1,1,1,22.190889,-100.998669,False,social drinker,no preference,friends,car owner,kids,1987,technology,none,student,green,40.0,medium,1.67,mexican,unknown,cash,yes,08:00-23:30;,"mon, tue, wed, thu, fri, ",False,False,True,False,False,1,2,1.0,123.189558,0,4.0,3,2
u1010,135065,1,1,1,22.190889,-100.998669,False,social drinker,no preference,friends,car owner,kids,1987,technology,none,student,green,40.0,medium,1.67,mexican,unknown,cash,none,14:00-23:30;,"mon, tue, wed, thu, fri, ",False,False,True,False,False,1,2,1.0,123.189558,0,3.0,3,2
u1102,132854,2,2,2,22.137131,-100.941151,False,social drinker,no preference,friends,on foot,independent,1989,eco-friendly,none,student,black,90.0,low,1.78,pizzeria,international,cash,yes,10:30-22:00;,"mon, tue, wed, thu, fri, ",True,False,False,False,False,0,2,2.0,123.078282,0,2.0,3,1
u1102,132858,2,2,0,22.137131,-100.941151,False,social drinker,no preference,friends,on foot,independent,1989,eco-friendly,none,student,black,90.0,low,1.78,pizzeria,burgers,cash,none,18:30-23:30;,"mon, tue, wed, thu, fri, ",True,False,False,False,False,0,0,1.0,123.078282,0,1.0,3,1
u1010,135042,2,2,2,22.190889,-100.998669,False,social drinker,no preference,friends,car owner,kids,1987,technology,none,student,green,40.0,medium,1.67,mexican,chinese,cash,none,11:00-21:30;,"mon, tue, wed, thu, fri, ",False,False,True,False,False,1,4,2.0,123.189558,0,3.0,3,2
u1102,132870,2,2,0,22.137131,-100.941151,False,social drinker,no preference,friends,on foot,independent,1989,eco-friendly,none,student,black,90.0,low,1.78,pizzeria,burgers,cash,none,10:30-23:00;,"mon, tue, wed, thu, fri, ",True,False,False,False,False,0,0,1.0,123.078282,0,1.0,3,1
u1010,135076,1,2,2,22.190889,-100.998669,False,social drinker,no preference,friends,car owner,kids,1987,technology,none,student,green,40.0,medium,1.67,mexican,unknown,cash,yes,12:00-23:30;,"mon, tue, wed, thu, fri, ",False,False,True,False,False,1,4,2.0,123.189558,0,4.0,3,2
u1102,132847,2,2,0,22.137131,-100.941151,False,social drinker,no preference,friends,on foot,independent,1989,eco-friendly,none,student,black,90.0,low,1.78,pizzeria,unknown,cash,none,20:00-01:30;,"mon, tue, wed, thu, fri, ",True,False,False,False,False,0,0,1.0,123.078282,0,1.0,3,1
u1013,132951,2,2,2,22.174624,-100.993873,False,abstemious,no preference,friends,public,independent,1982,retro,none,professional,blue,80.0,medium,1.75,japanese,american,cash,yes,00:00-23:30;,"mon, tue, wed, thu, fri, ",False,True,False,False,True,0,4,2.0,123.168497,0,3.0,4,2
u1013,135060,1,1,0,22.174624,-100.993873,False,abstemious,no preference,friends,public,independent,1982,retro,none,professional,blue,80.0,medium,1.75,japanese,seafood,cash,none,11:30-19:00;,"mon, tue, wed, thu, fri, ",False,True,False,False,True,0,0,0.5,123.168497,0,2.0,4,2
