userID,placeID,rating,food_rating,service_rating,latitude,longitude,smoker,drink_level,dress_preference,ambience,transport,marital_status,hijos,birth_year,interest,personality,religion,activity,color,weight,budget,height,Rcuisine_x,Rcuisine_y,Rpayment,parking_lot,hours,days
U1077,135085,2,2,2,22.156469,-100.98554,false,social drinker,elegant,family,public,married,kids,1987,technology,thrifty-protector,Catholic,student,blue,65,medium,1.71,Mexican,Fast_Food,cash,public,00:00-00:00;,Mon;Tue;Wed;Thu;Fri;
U1077,135038,2,2,1,22.156469,-100.98554,false,social drinker,elegant,family,public,married,kids,1987,technology,thrifty-protector,Catholic,student,blue,65,medium,1.71,Mexican,,cash,none,08:00-17:00;,Mon;Tue;Wed;Thu;Fri;
U1077,132825,2,2,2,22.156469,-100.98554,false,social drinker,elegant,family,public,married,kids,1987,technology,thrifty-protector,Catholic,student,blue,65,medium,1.71,Mexican,Mexican,cash,none,09:00-12:00;,Mon;Tue;Wed;Thu;Fri;
U1077,135060,1,2,2,22.156469,-100.98554,false,social drinker,elegant,family,public,married,kids,1987,technology,thrifty-protector,Catholic,student,blue,65,medium,1.71,Mexican,Seafood,cash,none,11:30-19:00;,Mon;Tue;Wed;Thu;Fri;
U1068,135104,1,1,2,23.752269,-99.168605,false,casual drinker,informal,friends,public,single,independent,1988,technology,thrifty-protector,Catholic,student,blue,72,low,1.57,Mexican,Mexican,cash,yes,00:00-23:30;,Mon;Tue;Wed;Thu;Fri;
U1068,132740,0,0,0,23.752269,-99.168605,false,casual drinker,informal,friends,public,single,independent,1988,technology,thrifty-protector,Catholic,student,blue,72,low,1.57,Mexican,Mexican,cash,none,08:30-12:00;,Mon;Tue;Wed;Thu;Fri;
U1068,132663,1,1,1,23.752269,-99.168605,false,casual drinker,informal,friends,public,single,independent,1988,technology,thrifty-protector,Catholic,student,blue,72,low,1.57,Mexican,Mexican,,none,00:00-23:30;,Mon;Tue;Wed;Thu;Fri;
U1068,132732,0,0,0,23.752269,-99.168605,false,casual drinker,informal,friends,public,single,independent,1988,technology,thrifty-protector,Catholic,student,blue,72,low,1.57,Mexican,Mexican,cash,none,19:00-01:00;,Mon;Tue;Wed;Thu;Fri;
U1068,132630,1,1,1,23.752269,-99.168605,false,casual drinker,informal,friends,public,single,independent,1988,technology,thrifty-protector,Catholic,student,blue,72,low,1.57,Mexican,Mexican,,none,00:00-23:30;,Mon;Tue;Wed;Thu;Fri;
U1067,132584,2,2,2,23.752269,-99.168605,false,abstemious,no preference,family,public,single,independent,1987,technology,thrifty-protector,Christian,student,green,92,medium,1.73,Mexican,Mexican,cash,yes,08:30-20:00;,Mon;Tue;Wed;Thu;Fri;
U1067,132733,1,1,1,23.752269,-99.168605,false,abstemious,no preference,family,public,single,independent,1987,technology,thrifty-protector,Christian,student,green,92,medium,1.73,Mexican,Pizzeria,cash,yes,10:30-22:30;,Mon;Tue;Wed;Thu;Fri;
U1067,132732,1,2,2,23.752269,-99.168605,false,abstemious,no preference,family,public,single,independent,1987,technology,thrifty-protector,Christian,student,green,92,medium,1.73,Mexican,Mexican,cash,none,19:00-01:00;,Mon;Tue;Wed;Thu;Fri;
U1067,132630,1,0,1,23.752269,-99.168605,false,abstemious,no preference,family,public,single,independent,1987,technology,thrifty-protector,Christian,student,green,92,medium,1.73,Mexican,Mexican,,none,00:00-23:30;,Mon;Tue;Wed;Thu;Fri;
U1067,135104,0,0,0,23.752269,-99.168605,false,abstemious,no preference,family,public,single,independent,1987,technology,thrifty-protector,Christian,student,green,92,medium,1.73,Mexican,Mexican,cash,yes,00:00-23:30;,Mon;Tue;Wed;Thu;Fri;
U1067,132560,1,0,0,23.752269,-99.168605,false,abstemious,no preference,family,public,single,independent,1987,technology,thrifty-protector,Christian,student,green,92,medium,1.73,Mexican,Regional,cash,public,08:00-12:00;,Mon;Tue;Wed;Thu;Fri;
U1103,132584,1,2,1,23.752265,-99.16859,false,abstemious,formal,friends,public,single,independent,1989,technology,hard-worker,Jewish,professional,green,120,medium,1.9,Mexican,Mexican,cash,yes,08:30-20:00;,Mon;Tue;Wed;Thu;Fri;
U1103,132732,0,0,2,23.752265,-99.16859,false,abstemious,formal,friends,public,single,independent,1989,technology,hard-worker,Jewish,professional,green,120,medium,1.9,Mexican,Mexican,cash,none,19:00-01:00;,Mon;Tue;Wed;Thu;Fri;
U1103,132630,1,2,0,23.752265,-99.16859,false,abstemious,formal,friends,public,single,independent,1989,technology,hard-worker,Jewish,professional,green,120,medium,1.9,Mexican,Mexican,,none,00:00-23:30;,Mon;Tue;Wed;Thu;Fri;
U1103,132613,2,2,2,23.752265,-99.16859,false,abstemious,formal,friends,public,single,independent,1989,technology,hard-worker,Jewish,professional,green,120,medium,1.9,Mexican,Mexican,cash,yes,08:00-16:00;,Mon;Tue;Wed;Thu;Fri;
U1103,132667,1,2,2,23.752265,-99.16859,false,abstemious,formal,friends,public,single,independent,1989,technology,hard-worker,Jewish,professional,green,120,medium,1.9,Mexican,Armenian,cash,none,00:00-23:30;,Mon;Tue;Wed;Thu;Fri;
U1103,135104,1,2,0,23.752265,-99.16859,false,abstemious,formal,friends,public,single,independent,1989,technology,hard-worker,Jewish,professional,green,120,medium,1.9,Mexican,Mexican,cash,yes,00:00-23:30;,Mon;Tue;Wed;Thu;Fri;
U1103,132663,1,0,2,23.752265,-99.16859,false,abstemious,formal,friends,public,single,independent,1989,technology,hard-worker,Jewish,professional,green,120,medium,1.9,Mexican,Mexican,,none,00:00-23:30;,Mon;Tue;Wed;Thu;Fri;
U1103,132733,2,2,2,23.752265,-99.16859,false,abstemious,formal,friends,public,single,independent,1989,technology,hard-worker,Jewish,professional,green,120,medium,1.9,Mexican,Pizzeria,cash,yes,10:30-22:30;,Mon;Tue;Wed;Thu;Fri;
U1107,132660,2,2,1,23.742409,-99.171889,false,abstemious,no preference,friends,car owner,single,independent,1989,variety,hard-worker,Catholic,?,blue,87,high,1.79,Mexican,,,none,00:00-23:30;,Mon;Tue;Wed;Thu;Fri;
U1107,132584,2,2,2,23.742409,-99.171889,false,abstemious,no preference,friends,car owner,single,independent,1989,variety,hard-worker,Catholic,?,blue,87,high,1.79,Mexican,Mexican,cash,yes,08:30-20:00;,Mon;Tue;Wed;Thu;Fri;
U1107,132733,2,2,2,23.742409,-99.171889,false,abstemious,no preference,friends,car owner,single,independent,1989,variety,hard-worker,Catholic,?,blue,87,high,1.79,Mexican,Pizzeria,cash,yes,10:30-22:30;,Mon;Tue;Wed;Thu;Fri;
U1044,135088,2,2,2,18.95298,-99.260789,true,social drinker,informal,family,car owner,married,kids,1969,variety,thrifty-protector,Catholic,professional,orange,85,medium,1.73,Mexican,Cafeteria,cash,public,09:00-16:00;,Mon;Tue;Wed;Thu;Fri;
U1044,132583,1,2,1,18.95298,-99.260789,true,social drinker,informal,family,car owner,married,kids,1969,variety,thrifty-protector,Catholic,professional,orange,85,medium,1.73,Mexican,American,cash,none,,
U1070,132608,2,2,1,23.753237,-99.166868,false,casual drinker,informal,friends,public,single,independent,1991,variety,thrifty-protector,Catholic,student,green,47,low,1.6,Mexican,Mexican,cash,public,19:00-02:00;,Mon;Tue;Wed;Thu;Fri;
U1070,132609,1,1,1,23.753237,-99.166868,false,casual drinker,informal,friends,public,single,independent,1991,variety,thrifty-protector,Catholic,student,green,47,low,1.6,Mexican,Fast_Food,cash,yes,12:00-18:00;,Mon;Tue;Wed;Thu;Fri;
U1070,132613,1,1,0,23.753237,-99.166868,false,casual drinker,informal,friends,public,single,independent,1991,variety,thrifty-protector,Catholic,student,green,47,low,1.6,Mexican,Mexican,cash,yes,08:00-16:00;,Mon;Tue;Wed;Thu;Fri;
U1031,132663,0,0,0,23.735698,-99.159851,false,abstemious,informal,solitary,?,married,kids,1992,none,hard-worker,Catholic,unemployed,white,40,medium,1.6,Mexican,Mexican,,none,00:00-23:30;,Mon;Tue;Wed;Thu;Fri;
U1031,132665,0,0,0,23.735698,-99.159851,false,abstemious,informal,solitary,?,married,kids,1992,none,hard-worker,Catholic,unemployed,white,40,medium,1.6,Mexican,Mexican,,none,00:00-23:30;,Mon;Tue;Wed;Thu;Fri;
U1031,132668,0,0,0,23.735698,-99.159851,false,abstemious,informal,solitary,?,married,kids,1992,none,hard-worker,Catholic,unemployed,white,40,medium,1.6,Mexican,Mexican,,none,00:00-23:30;,Mon;Tue;Wed;Thu;Fri;
U1082,132630,1,1,1,23.753061,-99.166095,true,abstemious,informal,friends,public,single,?,1989,variety,hard-worker,Catholic,student,black,63,medium,1.69,Mexican,Mexican,,none,00:00-23:30;,Mon;Tue;Wed;Thu;Fri;
U1023,132715,0,0,0,23.752943,-99.166589,false,casual drinker,informal,friends,car owner,single,independent,1988,none,hard-worker,Catholic,student,blue,103,low,1.79,Mexican,Mexican,cash,none,09:00-16:00;,Mon;Tue;Wed;Thu;Fri;
U1023,132717,0,0,0,23.752943,-99.166589,false,casual drinker,informal,friends,car owner,single,independent,1988,none,hard-worker,Catholic,student,blue,103,low,1.79,Mexican,Fast_Food,cash,public,09:30-21:30;,Mon;Tue;Wed;Thu;Fri;
U1082,132613,0,0,0,23.753061,-99.166095,true,abstemious,informal,friends,public,single,?,1989,variety,hard-worker,Catholic,student,black,63,medium,1.69,Mexican,Mexican,cash,yes,08:00-16:00;,Mon;Tue;Wed;Thu;Fri;
U1082,132594,0,0,0,23.753061,-99.166095,true,abstemious,informal,friends,public,single,?,1989,variety,hard-worker,Catholic,student,black,63,medium,1.69,Mexican,Mexican,cash,public,09:30-23:30;,Mon;Tue;Wed;Thu;Fri;
U1082,132608,0,0,0,23.753061,-99.166095,true,abstemious,informal,friends,public,single,?,1989,variety,hard-worker,Catholic,student,black,63,medium,1.69,Mexican,Mexican,cash,public,19:00-02:00;,Mon;Tue;Wed;Thu;Fri;
U1082,132609,0,0,0,23.753061,-99.166095,true,abstemious,informal,friends,public,single,?,1989,variety,hard-worker,Catholic,student,black,63,medium,1.69,Mexican,Fast_Food,cash,yes,12:00-18:00;,Mon;Tue;Wed;Thu;Fri;
U1082,132663,0,0,0,23.753061,-99.166095,true,abstemious,informal,friends,public,single,?,1989,variety,hard-worker,Catholic,student,black,63,medium,1.69,Mexican,Mexican,,none,00:00-23:30;,Mon;Tue;Wed;Thu;Fri;
U1082,132560,0,0,0,23.753061,-99.166095,true,abstemious,informal,friends,public,single,?,1989,variety,hard-worker,Catholic,student,black,63,medium,1.69,Mexican,Regional,cash,public,08:00-12:00;,Mon;Tue;Wed;Thu;Fri;
U1060,132564,2,2,2,23.715238,-99.158864,false,casual drinker,formal,family,public,single,independent,1991,technology,thrifty-protector,Catholic,student,blue,82,medium,1.84,Burgers,,,none,00:00-23:30;,Mon;Tue;Wed;Thu;Fri;
U1060,132717,2,2,2,23.715238,-99.158864,false,casual drinker,formal,family,public,single,independent,1991,technology,thrifty-protector,Catholic,student,blue,82,medium,1.84,Burgers,Fast_Food,cash,public,09:30-21:30;,Mon;Tue;Wed;Thu;Fri;
U1060,132733,2,1,2,23.715238,-99.158864,false,casual drinker,formal,family,public,single,independent,1991,technology,thrifty-protector,Catholic,student,blue,82,medium,1.84,Burgers,Pizzeria,cash,yes,10:30-22:30;,Mon;Tue;Wed;Thu;Fri;
U1060,132740,1,2,1,23.715238,-99.158864,false,casual drinker,formal,family,public,single,independent,1991,technology,thrifty-protector,Catholic,student,blue,82,medium,1.84,Burgers,Mexican,cash,none,08:30-12:00;,Mon;Tue;Wed;Thu;Fri;
U1015,135071,0,0,0,22.12676,-100.905209,true,social drinker,informal,family,public,single,independent,1989,technology,thrifty-protector,Catholic,student,black,87,medium,1.67,Mexican,Bar,cash,yes,13:00-23:30;,Mon;Tue;Wed;Thu;Fri;
U1123,132733,1,2,1,23.753112,-99.168567,false,abstemious,informal,family,?,single,independent,1987,technology,hard-worker,Catholic,student,green,110,medium,1.75,Mexican,Pizzeria,cash,yes,10:30-22:30;,Mon;Tue;Wed;Thu;Fri;
U1123,132608,1,2,1,23.753112,-99.168567,false,abstemious,informal,family,?,single,independent,1987,technology,hard-worker,Catholic,student,green,110,medium,1.75,Mexican,Mexican,cash,public,19:00-02:00;,Mon;Tue;Wed;Thu;Fri;
U1123,135104,2,2,2,23.753112,-99.168567,false,abstemious,informal,family,?,single,independent,1987,technology,hard-worker,Catholic,student,green,110,medium,1.75,Mexican,Mexican,cash,yes,00:00-23:30;,Mon;Tue;Wed;Thu;Fri;
U1123,132584,1,2,0,23.753112,-99.168567,false,abstemious,informal,family,?,single,independent,1987,technology,hard-worker,Catholic,student,green,110,medium,1.75,Mexican,Mexican,cash,yes,08:30-20:00;,Mon;Tue;Wed;Thu;Fri;
U1123,132667,1,2,1,23.753112,-99.168567,false,abstemious,informal,family,?,single,independent,1987,technology,hard-worker,Catholic,student,green,110,medium,1.75,Mexican,Armenian,cash,none,00:00-23:30;,Mon;Tue;Wed;Thu;Fri;
U1123,132740,1,1,1,23.753112,-99.168567,false,abstemious,informal,family,?,single,independent,1987,technology,hard-worker,Catholic,student,green,110,medium,1.75,Mexican,Mexican,cash,none,08:30-12:00;,Mon;Tue;Wed;Thu;Fri;
U1123,132613,1,2,1,23.753112,-99.168567,false,abstemious,informal,family,?,single,independent,1987,technology,hard-worker,Catholic,student,green,110,medium,1.75,Mexican,Mexican,cash,yes,08:00-16:00;,Mon;Tue;Wed;Thu;Fri;
U1123,132594,1,1,1,23.753112,-99.168567,false,abstemious,informal,family,?,single,independent,1987,technology,hard-worker,Catholic,student,green,110,medium,1.75,Mexican,Mexican,cash,public,09:30-23:30;,Mon;Tue;Wed;Thu;Fri;
U1021,132740,2,2,1,23.730569,-99.171883,false,social drinker,no preference,family,car owner,single,dependent,1984,none,hard-worker,Catholic,student,purple,108,medium,1.62,Pizzeria,Mexican,cash,none,08:30-12:00;,Mon;Tue;Wed;Thu;Fri;
U1026,132626,2,2,2,23.733,-99.133,false,abstemious,formal,family,public,single,independent,1989,technology,hunter-ostentatious,Catholic,student,red,49,medium,1.55,Mexican,Italian,cash,yes,00:00-23:30;,Mon;Tue;Wed;Thu;Fri;
U1021,132668,2,2,2,23.730569,-99.171883,false,social drinker,no preference,family,car owner,single,dependent,1984,none,hard-worker,Catholic,student,purple,108,medium,1.62,Pizzeria,Mexican,,none,00:00-23:30;,Mon;Tue;Wed;Thu;Fri;
U1021,132715,2,2,1,23.730569,-99.171883,false,social drinker,no preference,family,car owner,single,dependent,1984,none,hard-worker,Catholic,student,purple,108,medium,1.62,Pizzeria,Mexican,cash,none,09:00-16:00;,Mon;Tue;Wed;Thu;Fri;
U1044,134987,0,0,0,18.95298,-99.260789,true,social drinker,informal,family,car owner,married,kids,1969,variety,thrifty-protector,Catholic,professional,orange,85,medium,1.73,Mexican,,cash,none,13:00-23:00;,Mon;Tue;Wed;Thu;Fri;
U1083,135034,2,2,2,22.13392,-101.028373,false,abstemious,?,?,?,?,?,1981,none,hard-worker,none,?,yellow,40,?,1.6,Mexican,Japanese,cash,none,13:30-23:00;,Mon;Tue;Wed;Thu;Fri;
U1083,132723,1,1,1,22.13392,-101.028373,false,abstemious,?,?,?,?,?,1981,none,hard-worker,none,?,yellow,40,?,1.6,Mexican,Mexican,cash,public,06:30-15:00;,Mon;Tue;Wed;Thu;Fri;
U1083,135046,2,2,1,22.13392,-101.028373,false,abstemious,?,?,?,?,?,1981,none,hard-worker,none,?,yellow,40,?,1.6,Mexican,Fast_Food,cash,yes,08:30-21:00;,Mon;Tue;Wed;Thu;Fri;
U1108,135075,2,2,2,22.143524,-100.987562,false,abstemious,informal,solitary,public,single,independent,1983,technology,thrifty-protector,Catholic,student,blue,76,medium,1.81,Cafe-Coffee_Shop,Seafood,cash,yes,00:00-23:30;,Mon;Tue;Wed;Thu;Fri;
U1108,132572,1,2,1,22.143524,-100.987562,false,abstemious,informal,solitary,public,single,independent,1983,technology,thrifty-protector,Catholic,student,blue,76,medium,1.81,Cafe-Coffee_Shop,Cafeteria,cash,yes,00:00-23:30;,Mon;Tue;Wed;Thu;Fri;
U1108,135074,2,2,1,22.143524,-100.987562,false,abstemious,informal,solitary,public,single,independent,1983,technology,thrifty-protector,Catholic,student,blue,76,medium,1.81,Cafe-Coffee_Shop,Contemporary,cash,public,07:00-23:30;,Mon;Tue;Wed;Thu;Fri;
U1108,135028,1,1,1,22.143524,-100.987562,false,abstemious,informal,solitary,public,single,independent,1983,technology,thrifty-protector,Catholic,student,blue,76,medium,1.81,Cafe-Coffee_Shop,Mexican,cash,none,13:00-23:30;,Mon;Tue;Wed;Thu;Fri;
U1108,135085,1,2,1,22.143524,-100.987562,false,abstemious,informal,solitary,public,single,independent,1983,technology,thrifty-protector,Catholic,student,blue,76,medium,1.81,Cafe-Coffee_Shop,Fast_Food,cash,public,00:00-00:00;,Mon;Tue;Wed;Thu;Fri;
U1108,135032,2,1,2,22.143524,-100.987562,false,abstemious,informal,solitary,public,single,independent,1983,technology,thrifty-protector,Catholic,student,blue,76,medium,1.81,Cafe-Coffee_Shop,Cafeteria,cash,public,07:00-23:30;,Mon;Tue;Wed;Thu;Fri;
U1108,135086,1,1,0,22.143524,-100.987562,false,abstemious,informal,solitary,public,single,independent,1983,technology,thrifty-protector,Catholic,student,blue,76,medium,1.81,Cafe-Coffee_Shop,Burgers,cash,yes,08:00-23:00;,Mon;Tue;Wed;Thu;Fri;
U1108,132723,2,2,2,22.143524,-100.987562,false,abstemious,informal,solitary,public,single,independent,1983,technology,thrifty-protector,Catholic,student,blue,76,medium,1.81,Cafe-Coffee_Shop,Mexican,cash,public,06:30-15:00;,Mon;Tue;Wed;Thu;Fri;
U1108,135046,1,2,1,22.143524,-100.987562,false,abstemious,informal,solitary,public,single,independent,1983,technology,thrifty-protector,Catholic,student,blue,76,medium,1.81,Cafe-Coffee_Shop,Fast_Food,cash,yes,08:30-21:00;,Mon;Tue;Wed;Thu;Fri;
U1108,135058,1,1,1,22.143524,-100.987562,false,abstemious,informal,solitary,public,single,independent,1983,technology,thrifty-protector,Catholic,student,blue,76,medium,1.81,Cafe-Coffee_Shop,Pizzeria,cash,public,13:00-23:00;,Mon;Tue;Wed;Thu;Fri;
U1012,135001,1,1,2,18.813348,-99.243697,false,casual drinker,formal,family,public,single,independent,1988,technology,hard-worker,Catholic,student,red,98,medium,1.84,Latin_American,,cash,yes,07:00-23:30;,Mon;Tue;Wed;Thu;Fri;
U1012,134983,2,2,2,18.813348,-99.243697,false,casual drinker,formal,family,public,single,independent,1988,technology,hard-worker,Catholic,student,red,98,medium,1.84,Latin_American,Bar,cash,yes,13:00-23:30;,Mon;Tue;Wed;Thu;Fri;
U1012,134996,2,2,2,18.813348,-99.243697,false,casual drinker,formal,family,public,single,independent,1988,technology,hard-worker,Catholic,student,red,98,medium,1.84,Latin_American,,cash,yes,07:00-23:00;,Mon;Tue;Wed;Thu;Fri;
U1093,135019,2,2,2,18.871654,-99.183251,true,casual drinker,no preference,family,car owner,single,independent,1990,variety,thrifty-protector,Catholic,student,blue,80,medium,1.67,Japanese,Bar,,none,00:00-00:00;,Mon;Tue;Wed;Thu;Fri;
U1093,134996,2,2,2,18.871654,-99.183251,true,casual drinker,no preference,family,car owner,single,independent,1990,variety,thrifty-protector,Catholic,student,blue,80,medium,1.67,Japanese,,cash,yes,07:00-23:00;,Mon;Tue;Wed;Thu;Fri;
U1093,135001,2,2,2,18.871654,-99.183251,true,casual drinker,no preference,family,car owner,single,independent,1990,variety,thrifty-protector,Catholic,student,blue,80,medium,1.67,Japanese,,cash,yes,07:00-23:30;,Mon;Tue;Wed;Thu;Fri;
U1093,134976,2,2,1,18.871654,-99.183251,true,casual drinker,no preference,family,car owner,single,independent,1990,variety,thrifty-protector,Catholic,student,blue,80,medium,1.67,Japanese,Mexican,VISA,yes,,
U1093,134999,2,2,2,18.871654,-99.183251,true,casual drinker,no preference,family,car owner,single,independent,1990,variety,thrifty-protector,Catholic,student,blue,80,medium,1.67,Japanese,Japanese,,none,11:00-21:00;,Mon;Tue;Wed;Thu;Fri;
U1030,135018,2,2,2,18.844818,-99.182758,false,casual drinker,formal,family,on foot,single,independent,1991,eco-friendly,hard-worker,Catholic,student,black,64,medium,1.75,Mexican,Mexican,cash,yes,00:00-00:00;,Mon;Tue;Wed;Thu;Fri;
U1093,135013,2,2,1,18.871654,-99.183251,true,casual drinker,no preference,family,car owner,single,independent,1990,variety,thrifty-protector,Catholic,student,blue,80,medium,1.67,Japanese,,cash,none,13:00-22:00;,Mon;Tue;Wed;Thu;Fri;
U1030,134986,2,2,2,18.844818,-99.182758,false,casual drinker,formal,family,on foot,single,independent,1991,eco-friendly,hard-worker,Catholic,student,black,64,medium,1.75,Mexican,International,,yes,00:00-23:30;,Mon;Tue;Wed;Thu;Fri;
U1012,134986,2,2,2,18.813348,-99.243697,false,casual drinker,formal,family,public,single,independent,1988,technology,hard-worker,Catholic,student,red,98,medium,1.84,Latin_American,International,,yes,00:00-23:30;,Mon;Tue;Wed;Thu;Fri;
U1012,135018,2,2,2,18.813348,-99.243697,false,casual drinker,formal,family,public,single,independent,1988,technology,hard-worker,Catholic,student,red,98,medium,1.84,Latin_American,Mexican,cash,yes,00:00-00:00;,Mon;Tue;Wed;Thu;Fri;
U1030,135088,1,0,1,18.844818,-99.182758,false,casual drinker,formal,family,on foot,single,independent,1991,eco-friendly,hard-worker,Catholic,student,black,64,medium,1.75,Mexican,Cafeteria,cash,public,09:00-16:00;,Mon;Tue;Wed;Thu;Fri;
U1093,132767,2,2,2,18.871654,-99.183251,true,casual drinker,no preference,family,car owner,single,independent,1990,variety,thrifty-protector,Catholic,student,blue,80,medium,1.67,Japanese,Vietnamese,cash,yes,14:00-20:00;,Mon;Tue;Wed;Thu;Fri;
U1030,135016,0,0,0,18.844818,-99.182758,false,casual drinker,formal,family,on foot,single,independent,1991,eco-friendly,hard-worker,Catholic,student,black,64,medium,1.75,Mexican,,cash,none,00:00-00:00;,Mon;Tue;Wed;Thu;Fri;
U1093,135011,1,1,0,18.871654,-99.183251,true,casual drinker,no preference,family,car owner,single,independent,1990,variety,thrifty-protector,Catholic,student,blue,80,medium,1.67,Japanese,,cash,none,00:00-00:00;,Mon;Tue;Wed;Thu;Fri;
U1030,132767,0,0,0,18.844818,-99.182758,false,casual drinker,formal,family,on foot,single,independent,1991,eco-friendly,hard-worker,Catholic,student,black,64,medium,1.75,Mexican,Vietnamese,cash,yes,14:00-20:00;,Mon;Tue;Wed;Thu;Fri;
U1030,135019,0,0,0,18.844818,-99.182758,false,casual drinker,formal,family,on foot,single,independent,1991,eco-friendly,hard-worker,Catholic,student,black,64,medium,1.75,Mexican,Bar,,none,00:00-00:00;,Mon;Tue;Wed;Thu;Fri;
U1030,135109,0,0,0,18.844818,-99.182758,false,casual drinker,formal,family,on foot,single,independent,1991,eco-friendly,hard-worker,Catholic,student,black,64,medium,1.75,Mexican,Italian,cash,none,08:00-21:00;,Mon;Tue;Wed;Thu;Fri;
U1030,134996,0,0,0,18.844818,-99.182758,false,casual drinker,formal,family,on foot,single,independent,1991,eco-friendly,hard-worker,Catholic,student,black,64,medium,1.75,Mexican,,cash,yes,07:00-23:00;,Mon;Tue;Wed;Thu;Fri;
U1066,135011,1,2,2,18.890695,-99.157104,false,abstemious,informal,solitary,public,single,?,1986,technology,thrifty-protector,Catholic,student,green,45,low,1.45,Mexican,,cash,none,00:00-00:00;,Mon;Tue;Wed;Thu;Fri;
U1066,134999,1,1,1,18.890695,-99.157104,false,abstemious,informal,solitary,public,single,?,1986,technology,thrifty-protector,Catholic,student,green,45,low,1.45,Mexican,Japanese,,none,11:00-21:00;,Mon;Tue;Wed;Thu;Fri;
U1127,134975,2,2,2,18.943935,-99.206532,false,abstemious,no preference,solitary,public,single,independent,1992,variety,hard-worker,Catholic,student,black,65,low,1.76,Mexican,,cash,valet parking,08:00-23:30;,Mon;Tue;Wed;Thu;Fri;
U1127,135021,2,1,1,18.943935,-99.206532,false,abstemious,no preference,solitary,public,single,independent,1992,variety,hard-worker,Catholic,student,black,65,low,1.76,Mexican,Fast_Food,cash,public,00:00-23:30;,Mon;Tue;Wed;Thu;Fri;
U1127,134987,2,0,2,18.943935,-99.206532,false,abstemious,no preference,solitary,public,single,independent,1992,variety,hard-worker,Catholic,student,black,65,low,1.76,Mexican,,cash,none,13:00-23:00;,Mon;Tue;Wed;Thu;Fri;
U1127,134996,2,2,2,18.943935,-99.206532,false,abstemious,no preference,solitary,public,single,independent,1992,variety,hard-worker,Catholic,student,black,65,low,1.76,Mexican,,cash,yes,07:00-23:00;,Mon;Tue;Wed;Thu;Fri;
U1017,132768,1,1,1,18.952615,-99.201616,false,casual drinker,formal,family,public,single,?,1991,retro,hunter-ostentatious,none,professional,orange,79,medium,1.79,Chinese,Family,cash,none,09:00-19:00;,Mon;Tue;Wed;Thu;Fri;
U1066,135019,2,1,0,18.890695,-99.157104,false,abstemious,informal,solitary,public,single,?,1986,technology,thrifty-protector,Catholic,student,green,45,low,1.45,Mexican,Bar,,none,00:00-00:00;,Mon;Tue;Wed;Thu;Fri;
U1017,134975,2,1,1,18.952615,-99.201616,false,casual drinker,formal,family,public,single,?,1991,retro,hunter-ostentatious,none,professional,orange,79,medium,1.79,Chinese,,cash,valet parking,08:00-23:30;,Mon;Tue;Wed;Thu;Fri;
U1017,134983,0,0,1,18.952615,-99.201616,false,casual drinker,formal,family,public,single,?,1991,retro,hunter-ostentatious,none,professional,orange,79,medium,1.79,Chinese,Bar,cash,yes,13:00-23:30;,Mon;Tue;Wed;Thu;Fri;
U1066,132767,1,2,1,18.890695,-99.157104,false,abstemious,informal,solitary,public,single,?,1986,technology,thrifty-protector,Catholic,student,green,45,low,1.45,Mexican,Vietnamese,cash,yes,14:00-20:00;,Mon;Tue;Wed;Thu;Fri;
U1100,135021,2,1,0,18.879729,-99.067106,false,casual drinker,formal,friends,public,single,independent,1990,eco-friendly,hard-worker,Christian,student,black,40,medium,1.65,Mexican,Fast_Food,cash,public,00:00-23:30;,Mon;Tue;Wed;Thu;Fri;
U1100,134996,2,1,1,18.879729,-99.067106,false,casual drinker,formal,friends,public,single,independent,1990,eco-friendly,hard-worker,Christian,student,black,40,medium,1.65,Mexican,,cash,yes,07:00-23:00;,Mon;Tue;Wed;Thu;Fri;
U1066,135013,1,2,2,18.890695,-99.157104,false,abstemious,informal,solitary,public,single,?,1986,technology,thrifty-protector,Catholic,student,green,45,low,1.45,Mexican,,cash,none,13:00-22:00;,Mon;Tue;Wed;Thu;Fri;
U1100,135000,2,1,1,18.879729,-99.067106,false,casual drinker,formal,friends,public,single,independent,1990,eco-friendly,hard-worker,Christian,student,black,40,medium,1.65,Mexican,,cash,none,07:30-18:00;,Mon;Tue;Wed;Thu;Fri;
U1100,135001,2,2,2,18.879729,-99.067106,false,casual drinker,formal,friends,public,single,independent,1990,eco-friendly,hard-worker,Christian,student,black,40,medium,1.65,Mexican,,cash,yes,07:00-23:30;,Mon;Tue;Wed;Thu;Fri;
U1100,132768,2,2,2,18.879729,-99.067106,false,casual drinker,formal,friends,public,single,independent,1990,eco-friendly,hard-worker,Christian,student,black,40,medium,1.65,Mexican,Family,cash,none,09:00-19:00;,Mon;Tue;Wed;Thu;Fri;
U1100,134976,2,2,1,18.879729,-99.067106,false,casual drinker,formal,friends,public,single,independent,1990,eco-friendly,hard-worker,Christian,student,black,40,medium,1.65,Mexican,Mexican,VISA,yes,,
U1133,134983,1,1,1,18.886698,-99.114979,false,abstemious,no preference,family,car owner,single,independent,1991,none,hard-worker,none,student,orange,60,medium,1.57,Mexican,Bar,cash,yes,13:00-23:30;,Mon;Tue;Wed;Thu;Fri;
U1133,134986,2,2,2,18.886698,-99.114979,false,abstemious,no preference,family,car owner,single,independent,1991,none,hard-worker,none,student,orange,60,medium,1.57,Mexican,International,,yes,00:00-23:30;,Mon;Tue;Wed;Thu;Fri;
U1133,132766,1,1,0,18.886698,-99.114979,false,abstemious,no preference,family,car owner,single,independent,1991,none,hard-worker,none,student,orange,60,medium,1.57,Mexican,Japanese,cash,yes,00:00-23:30;,Mon;Tue;Wed;Thu;Fri;
U1133,132767,0,0,0,18.886698,-99.114979,false,abstemious,no preference,family,car owner,single,independent,1991,none,hard-worker,none,student,orange,60,medium,1.57,Mexican,Vietnamese,cash,yes,14:00-20:00;,Mon;Tue;Wed;Thu;Fri;
U1133,135021,2,2,2,18.886698,-99.114979,false,abstemious,no preference,family,car owner,single,independent,1991,none,hard-worker,none,student,orange,60,medium,1.57,Mexican,Fast_Food,cash,public,00:00-23:30;,Mon;Tue;Wed;Thu;Fri;
U1133,135001,2,2,2,18.886698,-99.114979,false,abstemious,no preference,family,car owner,single,independent,1991,none,hard-worker,none,student,orange,60,medium,1.57,Mexican,,cash,yes,07:00-23:30;,Mon;Tue;Wed;Thu;Fri;
U1133,134975,1,1,1,18.886698,-99.114979,false,abstemious,no preference,family,car owner,single,independent,1991,none,hard-worker,none,student,orange,60,medium,1.57,Mexican,,cash,valet parking,08:00-23:30;,Mon;Tue;Wed;Thu;Fri;
U1133,134992,1,2,1,18.886698,-99.114979,false,abstemious,no preference,family,car owner,single,independent,1991,none,hard-worker,none,student,orange,60,medium,1.57,Mexican,,cash,yes,08:00-21:30;,Mon;Tue;Wed;Thu;Fri;
U1133,135019,1,2,0,18.886698,-99.114979,false,abstemious,no preference,family,car owner,single,independent,1991,none,hard-worker,none,student,orange,60,medium,1.57,Mexican,Bar,,none,00:00-00:00;,Mon;Tue;Wed;Thu;Fri;
U1118,134987,0,0,0,18.940062,-99.228172,true,casual drinker,informal,friends,public,single,independent,1987,technology,thrifty-protector,none,student,black,60,medium,1.68,Pizzeria,,cash,none,13:00-23:00;,Mon;Tue;Wed;Thu;Fri;
U1072,135016,1,2,2,18.86826,-99.212033,false,casual drinker,no preference,family,public,single,independent,1984,eco-friendly,thrifty-protector,Christian,student,red,50,medium,1.54,Mexican,,cash,none,00:00-00:00;,Mon;Tue;Wed;Thu;Fri;
U1072,132773,2,1,2,18.86826,-99.212033,false,casual drinker,no preference,family,public,single,independent,1984,eco-friendly,thrifty-protector,Christian,student,red,50,medium,1.54,Mexican,Family,cash,none,10:00-18:00;,Mon;Tue;Wed;Thu;Fri;
U1072,135088,0,1,0,18.86826,-99.212033,false,casual drinker,no preference,family,public,single,independent,1984,eco-friendly,thrifty-protector,Christian,student,red,50,medium,1.54,Mexican,Cafeteria,cash,public,09:00-16:00;,Mon;Tue;Wed;Thu;Fri;
U1026,132561,1,1,1,23.733,-99.133,false,abstemious,formal,family,public,single,independent,1989,technology,hunter-ostentatious,Catholic,student,red,49,medium,1.55,Mexican,,,none,00:00-23:30;,Mon;Tue;Wed;Thu;Fri;
U1026,132706,0,2,0,23.733,-99.133,false,abstemious,formal,family,public,single,independent,1989,technology,hunter-ostentatious,Catholic,student,red,49,medium,1.55,Mexican,Mexican,cash,public,09:00-20:00;,Mon;Tue;Wed;Thu;Fri;
U1026,132654,0,0,0,23.733,-99.133,false,abstemious,formal,family,public,single,independent,1989,technology,hunter-ostentatious,Catholic,student,red,49,medium,1.55,Mexican,,,none,00:00-23:30;,Mon;Tue;Wed;Thu;Fri;
U1026,132665,2,2,2,23.733,-99.133,false,abstemious,formal,family,public,single,independent,1989,technology,hunter-ostentatious,Catholic,student,red,49,medium,1.55,Mexican,Mexican,,none,00:00-23:30;,Mon;Tue;Wed;Thu;Fri;
U1023,132740,0,0,0,23.752943,-99.166589,false,casual drinker,informal,friends,car owner,single,independent,1988,none,hard-worker,Catholic,student,blue,103,low,1.79,Mexican,Mexican,cash,none,08:30-12:00;,Mon;Tue;Wed;Thu;Fri;
U1023,132733,2,2,2,23.752943,-99.166589,false,casual drinker,informal,friends,car owner,single,independent,1988,none,hard-worker,Catholic,student,blue,103,low,1.79,Mexican,Pizzeria,cash,yes,10:30-22:30;,Mon;Tue;Wed;Thu;Fri;
U1080,132668,1,1,1,23.743793,-99.163397,true,social drinker,formal,friends,car owner,single,independent,1987,variety,hard-worker,Catholic,student,white,80,low,1.82,Mexican,Mexican,,none,00:00-23:30;,Mon;Tue;Wed;Thu;Fri;
U1080,132660,2,2,2,23.743793,-99.163397,true,social drinker,formal,friends,car owner,single,independent,1987,variety,hard-worker,Catholic,student,white,80,low,1.82,Mexican,,,none,00:00-23:30;,Mon;Tue;Wed;Thu;Fri;
U1080,132733,1,1,1,23.743793,-99.163397,true,social drinker,formal,friends,car owner,single,independent,1987,variety,hard-worker,Catholic,student,white,80,low,1.82,Mexican,Pizzeria,cash,yes,10:30-22:30;,Mon;Tue;Wed;Thu;Fri;
U1080,132608,2,2,2,23.743793,-99.163397,true,social drinker,formal,friends,car owner,single,independent,1987,variety,hard-worker,Catholic,student,white,80,low,1.82,Mexican,Mexican,cash,public,19:00-02:00;,Mon;Tue;Wed;Thu;Fri;
U1063,132660,2,2,2,23.745096,-99.164357,false,casual drinker,formal,family,public,single,independent,1988,eco-friendly,conformist,Catholic,student,red,80,medium,1.78,Mexican,,,none,00:00-23:30;,Mon;Tue;Wed;Thu;Fri;
U1063,132584,2,1,1,23.745096,-99.164357,false,casual drinker,formal,family,public,single,independent,1988,eco-friendly,conformist,Catholic,student,red,80,medium,1.78,Mexican,Mexican,cash,yes,08:30-20:00;,Mon;Tue;Wed;Thu;Fri;
U1063,132609,1,0,1,23.745096,-99.164357,false,casual drinker,formal,family,public,single,independent,1988,eco-friendly,conformist,Catholic,student,red,80,medium,1.78,Mexican,Fast_Food,cash,yes,12:00-18:00;,Mon;Tue;Wed;Thu;Fri;
U1063,135104,1,2,1,23.745096,-99.164357,false,casual drinker,formal,family,public,single,independent,1988,eco-friendly,conformist,Catholic,student,red,80,medium,1.78,Mexican,Mexican,cash,yes,00:00-23:30;,Mon;Tue;Wed;Thu;Fri;
U1063,132667,1,2,1,23.745096,-99.164357,false,casual drinker,formal,family,public,single,independent,1988,eco-friendly,conformist,Catholic,student,red,80,medium,1.78,Mexican,Armenian,cash,none,00:00-23:30;,Mon;Tue;Wed;Thu;Fri;
U1080,132564,1,1,1,23.743793,-99.163397,true,social drinker,formal,friends,car owner,single,independent,1987,variety,hard-worker,Catholic,student,white,80,low,1.82,Mexican,,,none,00:00-23:30;,Mon;Tue;Wed;Thu;Fri;
U1080,132715,1,1,1,23.743793,-99.163397,true,social drinker,formal,friends,car owner,single,independent,1987,variety,hard-worker,Catholic,student,white,80,low,1.82,Mexican,Mexican,cash,none,09:00-16:00;,Mon;Tue;Wed;Thu;Fri;
U1082,132732,0,0,0,23.753061,-99.166095,true,abstemious,informal,friends,public,single,?,1989,variety,hard-worker,Catholic,student,black,63,medium,1.69,Mexican,Mexican,cash,none,19:00-01:00;,Mon;Tue;Wed;Thu;Fri;
U1082,132733,0,0,0,23.753061,-99.166095,true,abstemious,informal,friends,public,single,?,1989,variety,hard-worker,Catholic,student,black,63,medium,1.69,Mexican,Pizzeria,cash,yes,10:30-22:30;,Mon;Tue;Wed;Thu;Fri;
U1074,135011,2,1,2,18.917,-99.25,true,casual drinker,no preference,family,car owner,single,kids,1967,eco-friendly,hard-worker,Catholic,professional,black,68,medium,1.7,Sushi,,cash,none,00:00-00:00;,Mon;Tue;Wed;Thu;Fri;
U1074,134987,2,2,2,18.917,-99.25,true,casual drinker,no preference,family,car owner,single,kids,1967,eco-friendly,hard-worker,Catholic,professional,black,68,medium,1.7,Sushi,,cash,none,13:00-23:00;,Mon;Tue;Wed;Thu;Fri;
U1074,134976,2,2,2,18.917,-99.25,true,casual drinker,no preference,family,car owner,single,kids,1967,eco-friendly,hard-worker,Catholic,professional,black,68,medium,1.7,Sushi,Mexican,VISA,yes,,
U1117,135018,1,1,1,18.875641,-99.220737,false,abstemious,no preference,friends,public,single,independent,1982,technology,thrifty-protector,Catholic,professional,blue,58,medium,1.6,Turkish,Mexican,cash,yes,00:00-00:00;,Mon;Tue;Wed;Thu;Fri;
U1117,132766,0,0,1,18.875641,-99.220737,false,abstemious,no preference,friends,public,single,independent,1982,technology,thrifty-protector,Catholic,professional,blue,58,medium,1.6,Turkish,Japanese,cash,yes,00:00-23:30;,Mon;Tue;Wed;Thu;Fri;
U1117,135088,1,1,2,18.875641,-99.220737,false,abstemious,no preference,friends,public,single,independent,1982,technology,thrifty-protector,Catholic,professional,blue,58,medium,1.6,Turkish,Cafeteria,cash,public,09:00-16:00;,Mon;Tue;Wed;Thu;Fri;
U1117,135016,2,2,1,18.875641,-99.220737,false,abstemious,no preference,friends,public,single,independent,1982,technology,thrifty-protector,Catholic,professional,blue,58,medium,1.6,Turkish,,cash,none,00:00-00:00;,Mon;Tue;Wed;Thu;Fri;
U1117,132773,1,2,2,18.875641,-99.220737,false,abstemious,no preference,friends,public,single,independent,1982,technology,thrifty-protector,Catholic,professional,blue,58,medium,1.6,Turkish,Family,cash,none,10:00-18:00;,Mon;Tue;Wed;Thu;Fri;
U1117,135000,1,1,1,18.875641,-99.220737,false,abstemious,no preference,friends,public,single,independent,1982,technology,thrifty-protector,Catholic,professional,blue,58,medium,1.6,Turkish,,cash,none,07:30-18:00;,Mon;Tue;Wed;Thu;Fri;
U1118,132583,0,0,0,18.940062,-99.228172,true,casual drinker,informal,friends,public,single,independent,1987,technology,thrifty-protector,none,student,black,60,medium,1.68,Pizzeria,American,cash,none,,
U1118,132768,0,0,0,18.940062,-99.228172,true,casual drinker,informal,friends,public,single,independent,1987,technology,thrifty-protector,none,student,black,60,medium,1.68,Pizzeria,Family,cash,none,09:00-19:00;,Mon;Tue;Wed;Thu;Fri;
U1118,135021,2,0,0,18.940062,-99.228172,true,casual drinker,informal,friends,public,single,independent,1987,technology,thrifty-protector,none,student,black,60,medium,1.68,Pizzeria,Fast_Food,cash,public,00:00-23:30;,Mon;Tue;Wed;Thu;Fri;
U1118,134983,0,0,0,18.940062,-99.228172,true,casual drinker,informal,friends,public,single,independent,1987,technology,thrifty-protector,none,student,black,60,medium,1.68,Pizzeria,Bar,cash,yes,13:00-23:30;,Mon;Tue;Wed;Thu;Fri;
U1118,135001,0,0,0,18.940062,-99.228172,true,casual drinker,informal,friends,public,single,independent,1987,technology,thrifty-protector,none,student,black,60,medium,1.68,Pizzeria,,cash,yes,07:00-23:30;,Mon;Tue;Wed;Thu;Fri;
U1118,134992,0,0,0,18.940062,-99.228172,true,casual drinker,informal,friends,public,single,independent,1987,technology,thrifty-protector,none,student,black,60,medium,1.68,Pizzeria,,cash,yes,08:00-21:30;,Mon;Tue;Wed;Thu;Fri;
U1020,135088,1,2,0,18.878189,-99.222969,false,abstemious,no preference,friends,public,single,independent,1982,technology,hard-worker,Catholic,professional,blue,40,medium,1.68,Mexican,Cafeteria,cash,public,09:00-16:00;,Mon;Tue;Wed;Thu;Fri;
U1020,132768,2,2,2,18.878189,-99.222969,false,abstemious,no preference,friends,public,single,independent,1982,technology,hard-worker,Catholic,professional,blue,40,medium,1.68,Mexican,Family,cash,none,09:00-19:00;,Mon;Tue;Wed;Thu;Fri;
U1020,134996,1,1,1,18.878189,-99.222969,false,abstemious,no preference,friends,public,single,independent,1982,technology,hard-worker,Catholic,professional,blue,40,medium,1.68,Mexican,,cash,yes,07:00-23:00;,Mon;Tue;Wed;Thu;Fri;
U1020,135109,2,2,1,18.878189,-99.222969,false,abstemious,no preference,friends,public,single,independent,1982,technology,hard-worker,Catholic,professional,blue,40,medium,1.68,Mexican,Italian,cash,none,08:00-21:00;,Mon;Tue;Wed;Thu;Fri;
U1051,135088,1,1,1,18.877719,-99.22299,false,casual drinker,no preference,family,public,single,independent,1979,variety,thrifty-protector,none,professional,blue,74,medium,1.76,Mexican,Cafeteria,cash,public,09:00-16:00;,Mon;Tue;Wed;Thu;Fri;
U1051,135109,1,1,1,18.877719,-99.22299,false,casual drinker,no preference,family,public,single,independent,1979,variety,thrifty-protector,none,professional,blue,74,medium,1.76,Mexican,Italian,cash,none,08:00-21:00;,Mon;Tue;Wed;Thu;Fri;
U1051,132768,1,2,1,18.877719,-99.22299,false,casual drinker,no preference,family,public,single,independent,1979,variety,thrifty-protector,none,professional,blue,74,medium,1.76,Mexican,Family,cash,none,09:00-19:00;,Mon;Tue;Wed;Thu;Fri;
U1055,135051,1,2,2,22.143289,-100.987683,false,abstemious,no preference,family,car owner,married,dependent,1952,none,hard-worker,Catholic,professional,blue,70,medium,1.66,Breakfast-Brunch,,cash,none,08:00-23:30;,Mon;Tue;Wed;Thu;Fri;
U1055,135075,2,2,2,22.143289,-100.987683,false,abstemious,no preference,family,car owner,married,dependent,1952,none,hard-worker,Catholic,professional,blue,70,medium,1.66,Breakfast-Brunch,Seafood,cash,yes,00:00-23:30;,Mon;Tue;Wed;Thu;Fri;
U1055,132572,2,2,2,22.143289,-100.987683,false,abstemious,no preference,family,car owner,married,dependent,1952,none,hard-worker,Catholic,professional,blue,70,medium,1.66,Breakfast-Brunch,Cafeteria,cash,yes,00:00-23:30;,Mon;Tue;Wed;Thu;Fri;
U1055,135028,2,2,2,22.143289,-100.987683,false,abstemious,no preference,family,car owner,married,dependent,1952,none,hard-worker,Catholic,professional,blue,70,medium,1.66,Breakfast-Brunch,Mexican,cash,none,13:00-23:30;,Mon;Tue;Wed;Thu;Fri;
U1055,135025,2,2,2,22.143289,-100.987683,false,abstemious,no preference,family,car owner,married,dependent,1952,none,hard-worker,Catholic,professional,blue,70,medium,1.66,Breakfast-Brunch,Mexican,cash,none,18:00-23:30;,Mon;Tue;Wed;Thu;Fri;
U1083,132572,2,2,2,22.13392,-101.028373,false,abstemious,?,?,?,?,?,1981,none,hard-worker,none,?,yellow,40,?,1.6,Mexican,Cafeteria,cash,yes,00:00-23:30;,Mon;Tue;Wed;Thu;Fri;
U1083,135049,0,0,0,22.13392,-101.028373,false,abstemious,?,?,?,?,?,1981,none,hard-worker,none,?,yellow,40,?,1.6,Mexican,Seafood,cash,none,12:00-20:00;,Mon;Tue;Wed;Thu;Fri;
U1055,135106,2,2,2,22.143289,-100.987683,false,abstemious,no preference,family,car owner,married,dependent,1952,none,hard-worker,Catholic,professional,blue,70,medium,1.66,Breakfast-Brunch,Mexican,cash,none,18:00-23:30;,Mon;Tue;Wed;Thu;Fri;
U1083,135072,1,2,2,22.13392,-101.028373,false,abstemious,?,?,?,?,?,1981,none,hard-worker,none,?,yellow,40,?,1.6,Mexican,Japanese,cash,none,13:00-23:00;,Mon;Tue;Wed;Thu;Fri;
U1083,135074,2,2,2,22.13392,-101.028373,false,abstemious,?,?,?,?,?,1981,none,hard-worker,none,?,yellow,40,?,1.6,Mexican,Contemporary,cash,public,07:00-23:30;,Mon;Tue;Wed;Thu;Fri;
U1083,132755,2,2,2,22.13392,-101.028373,false,abstemious,?,?,?,?,?,1981,none,hard-worker,none,?,yellow,40,?,1.6,Mexican,Mexican,cash,public,00:00-23:30;,Mon;Tue;Wed;Thu;Fri;
U1083,135044,1,2,2,22.13392,-101.028373,false,abstemious,?,?,?,?,?,1981,none,hard-worker,none,?,yellow,40,?,1.6,Mexican,Chinese,cash,none,13:00-22:30;,Mon;Tue;Wed;Thu;Fri;
U1055,135048,2,2,2,22.143289,-100.987683,false,abstemious,no preference,family,car owner,married,dependent,1952,none,hard-worker,Catholic,professional,blue,70,medium,1.66,Breakfast-Brunch,Bar,cash,yes,11:00-22:30;,Mon;Tue;Wed;Thu;Fri;
U1055,135047,2,2,2,22.143289,-100.987683,false,abstemious,no preference,family,car owner,married,dependent,1952,none,hard-worker,Catholic,professional,blue,70,medium,1.66,Breakfast-Brunch,,cash,yes,08:00-23:30;,Mon;Tue;Wed;Thu;Fri;
U1055,132754,2,2,2,22.143289,-100.987683,false,abstemious,no preference,family,car owner,married,dependent,1952,none,hard-worker,Catholic,professional,blue,70,medium,1.66,Breakfast-Brunch,Mexican,cash,none,08:00-20:00;,Mon;Tue;Wed;Thu;Fri;
U1055,132825,2,2,2,22.143289,-100.987683,false,abstemious,no preference,family,car owner,married,dependent,1952,none,hard-worker,Catholic,professional,blue,70,medium,1.66,Breakfast-Brunch,Mexican,cash,none,09:00-12:00;,Mon;Tue;Wed;Thu;Fri;
U1053,135076,1,1,1,22.175833,-100.986671,false,casual drinker,informal,family,public,single,independent,1990,variety,thrifty-protector,Catholic,student,red,66,low,1.72,Mexican,,cash,yes,12:00-23:30;,Mon;Tue;Wed;Thu;Fri;
U1053,135032,2,2,1,22.175833,-100.986671,false,casual drinker,informal,family,public,single,independent,1990,variety,thrifty-protector,Catholic,student,red,66,low,1.72,Mexican,Cafeteria,cash,public,07:00-23:30;,Mon;Tue;Wed;Thu;Fri;
U1053,132825,1,2,0,22.175833,-100.986671,false,casual drinker,informal,family,public,single,independent,1990,variety,thrifty-protector,Catholic,student,red,66,low,1.72,Mexican,Mexican,cash,none,09:00-12:00;,Mon;Tue;Wed;Thu;Fri;
U1053,135063,2,1,2,22.175833,-100.986671,false,casual drinker,informal,family,public,single,independent,1990,variety,thrifty-protector,Catholic,student,red,66,low,1.72,Mexican,,cash,none,08:30-19:30;,Mon;Tue;Wed;Thu;Fri;
U1035,135018,1,2,1,18.839671,-99.223897,true,casual drinker,no preference,friends,car owner,single,independent,1985,variety,hunter-ostentatious,none,student,red,69,medium,1.75,Family,Mexican,cash,yes,00:00-00:00;,Mon;Tue;Wed;Thu;Fri;
U1035,132773,2,1,2,18.839671,-99.223897,true,casual drinker,no preference,friends,car owner,single,independent,1985,variety,hunter-ostentatious,none,student,red,69,medium,1.75,Family,Family,cash,none,10:00-18:00;,Mon;Tue;Wed;Thu;Fri;
U1053,135042,2,1,2,22.175833,-100.986671,false,casual drinker,informal,family,public,single,independent,1990,variety,thrifty-protector,Catholic,student,red,66,low,1.72,Mexican,Chinese,cash,none,11:00-21:30;,Mon;Tue;Wed;Thu;Fri;
U1053,135053,2,2,0,22.175833,-100.986671,false,casual drinker,informal,family,public,single,independent,1990,variety,thrifty-protector,Catholic,student,red,66,low,1.72,Mexican,Cafeteria,cash,yes,11:00-22:00;,Mon;Tue;Wed;Thu;Fri;
U1053,132754,1,2,1,22.175833,-100.986671,false,casual drinker,informal,family,public,single,independent,1990,variety,thrifty-protector,Catholic,student,red,66,low,1.72,Mexican,Mexican,cash,none,08:00-20:00;,Mon;Tue;Wed;Thu;Fri;
U1035,132583,1,0,2,18.839671,-99.223897,true,casual drinker,no preference,friends,car owner,single,independent,1985,variety,hunter-ostentatious,none,student,red,69,medium,1.75,Family,American,cash,none,,
U1053,135081,2,2,1,22.175833,-100.986671,false,casual drinker,informal,family,public,single,independent,1990,variety,thrifty-protector,Catholic,student,red,66,low,1.72,Mexican,,cash,none,14:00-23:30;,Mon;Tue;Wed;Thu;Fri;
U1053,135025,2,1,2,22.175833,-100.986671,false,casual drinker,informal,family,public,single,independent,1990,variety,thrifty-protector,Catholic,student,red,66,low,1.72,Mexican,Mexican,cash,none,18:00-23:30;,Mon;Tue;Wed;Thu;Fri;
U1053,135038,2,1,2,22.175833,-100.986671,false,casual drinker,informal,family,public,single,independent,1990,variety,thrifty-protector,Catholic,student,red,66,low,1.72,Mexican,,cash,none,08:00-17:00;,Mon;Tue;Wed;Thu;Fri;
U1053,135060,2,2,1,22.175833,-100.986671,false,casual drinker,informal,family,public,single,independent,1990,variety,thrifty-protector,Catholic,student,red,66,low,1.72,Mexican,Seafood,cash,none,11:30-19:00;,Mon;Tue;Wed;Thu;Fri;
U1053,135062,2,1,1,22.175833,-100.986671,false,casual drinker,informal,family,public,single,independent,1990,variety,thrifty-protector,Catholic,student,red,66,low,1.72,Mexican,,cash,yes,00:00-23:30;,Mon;Tue;Wed;Thu;Fri;
U1053,135047,2,2,2,22.175833,-100.986671,false,casual drinker,informal,family,public,single,independent,1990,variety,thrifty-protector,Catholic,student,red,66,low,1.72,Mexican,,cash,yes,08:00-23:30;,Mon;Tue;Wed;Thu;Fri;
U1064,135042,1,2,1,22.139511,-100.957002,false,casual drinker,formal,solitary,public,single,independent,1991,variety,hunter-ostentatious,none,student,blue,94,medium,1.77,Mexican,Chinese,cash,none,11:00-21:30;,Mon;Tue;Wed;Thu;Fri;
U1081,135069,1,0,1,22.207749,-100.942383,false,casual drinker,informal,family,public,single,independent,1991,variety,hard-worker,Catholic,student,green,52,low,1.54,Mexican,Bar,cash,yes,09:00-23:30;,Mon;Tue;Wed;Thu;Fri;
U1064,135057,1,1,2,22.139511,-100.957002,false,casual drinker,formal,solitary,public,single,independent,1991,variety,hunter-ostentatious,none,student,blue,94,medium,1.77,Mexican,Bar,cash,yes,13:00-23:00;,Mon;Tue;Wed;Thu;Fri;
U1081,135076,1,2,2,22.207749,-100.942383,false,casual drinker,informal,family,public,single,independent,1991,variety,hard-worker,Catholic,student,green,52,low,1.54,Mexican,,cash,yes,12:00-23:30;,Mon;Tue;Wed;Thu;Fri;
U1081,135043,0,0,1,22.207749,-100.942383,false,casual drinker,informal,family,public,single,independent,1991,variety,hard-worker,Catholic,student,green,52,low,1.54,Mexican,Fast_Food,cash,none,00:00-00:00;,Mon;Tue;Wed;Thu;Fri;
U1064,135069,0,0,1,22.139511,-100.957002,false,casual drinker,formal,solitary,public,single,independent,1991,variety,hunter-ostentatious,none,student,blue,94,medium,1.77,Mexican,Bar,cash,yes,09:00-23:30;,Mon;Tue;Wed;Thu;Fri;
U1081,135039,0,0,0,22.207749,-100.942383,false,casual drinker,informal,family,public,single,independent,1991,variety,hard-worker,Catholic,student,green,52,low,1.54,Mexican,Seafood,cash,yes,10:00-20:00;,Mon;Tue;Wed;Thu;Fri;
U1064,135060,1,0,1,22.139511,-100.957002,false,casual drinker,formal,solitary,public,single,independent,1991,variety,hunter-ostentatious,none,student,blue,94,medium,1.77,Mexican,Seafood,cash,none,11:30-19:00;,Mon;Tue;Wed;Thu;Fri;
U1064,135052,2,0,2,22.139511,-100.957002,false,casual drinker,formal,solitary,public,single,independent,1991,variety,hunter-ostentatious,none,student,blue,94,medium,1.77,Mexican,Bar,cash,none,08:00-23:30;,Mon;Tue;Wed;Thu;Fri;
U1081,132825,1,0,1,22.207749,-100.942383,false,casual drinker,informal,family,public,single,independent,1991,variety,hard-worker,Catholic,student,green,52,low,1.54,Mexican,Mexican,cash,none,09:00-12:00;,Mon;Tue;Wed;Thu;Fri;
U1081,135032,0,1,1,22.207749,-100.942383,false,casual drinker,informal,family,public,single,independent,1991,variety,hard-worker,Catholic,student,green,52,low,1.54,Mexican,Cafeteria,cash,public,07:00-23:30;,Mon;Tue;Wed;Thu;Fri;
U1081,135028,1,2,2,22.207749,-100.942383,false,casual drinker,informal,family,public,single,independent,1991,variety,hard-worker,Catholic,student,green,52,low,1.54,Mexican,Mexican,cash,none,13:00-23:30;,Mon;Tue;Wed;Thu;Fri;
U1081,135085,1,2,1,22.207749,-100.942383,false,casual drinker,informal,family,public,single,independent,1991,variety,hard-worker,Catholic,student,green,52,low,1.54,Mexican,Fast_Food,cash,public,00:00-00:00;,Mon;Tue;Wed;Thu;Fri;
U1081,135052,0,1,1,22.207749,-100.942383,false,casual drinker,informal,family,public,single,independent,1991,variety,hard-worker,Catholic,student,green,52,low,1.54,Mexican,Bar,cash,none,08:00-23:30;,Mon;Tue;Wed;Thu;Fri;
U1081,135030,1,1,1,22.207749,-100.942383,false,casual drinker,informal,family,public,single,independent,1991,variety,hard-worker,Catholic,student,green,52,low,1.54,Mexican,Cafe-Coffee_Shop,cash,none,00:00-00:00;,Mon;Tue;Wed;Thu;Fri;
U1081,135027,0,1,1,22.207749,-100.942383,false,casual drinker,informal,family,public,single,independent,1991,variety,hard-worker,Catholic,student,green,52,low,1.54,Mexican,Mexican,cash,none,08:00-22:00;,Mon;Tue;Wed;Thu;Fri;
U1001,132830,1,1,1,22.139997,-100.978803,false,abstemious,informal,family,on foot,single,independent,1989,variety,thrifty-protector,none,student,black,69,medium,1.77,American,,,none,00:00-23:30;,Mon;Tue;Wed;Thu;Fri;
U1001,132825,2,2,1,22.139997,-100.978803,false,abstemious,informal,family,on foot,single,independent,1989,variety,thrifty-protector,none,student,black,69,medium,1.77,American,Mexican,cash,none,09:00-12:00;,Mon;Tue;Wed;Thu;Fri;
U1014,135076,1,2,1,23.751607,-99.170108,false,abstemious,?,friends,public,single,independent,1990,none,hard-worker,Catholic,student,blue,53,medium,1.69,Japanese,,cash,yes,12:00-23:30;,Mon;Tue;Wed;Thu;Fri;
U1088,132830,0,2,2,22.142748,-100.940664,false,social drinker,informal,family,on foot,single,independent,1991,none,hard-worker,Catholic,student,blue,62,medium,1.6,Mexican,,,none,00:00-23:30;,Mon;Tue;Wed;Thu;Fri;
U1088,135108,2,2,2,22.142748,-100.940664,false,social drinker,informal,family,on foot,single,independent,1991,none,hard-worker,Catholic,student,blue,62,medium,1.6,Mexican,,,none,00:00-23:30;,Mon;Tue;Wed;Thu;Fri;
U1014,135069,1,0,1,23.751607,-99.170108,false,abstemious,?,friends,public,single,independent,1990,none,hard-worker,Catholic,student,blue,53,medium,1.69,Japanese,Bar,cash,yes,09:00-23:30;,Mon;Tue;Wed;Thu;Fri;
U1014,135050,2,2,2,23.751607,-99.170108,false,abstemious,?,friends,public,single,independent,1990,none,hard-worker,Catholic,student,blue,53,medium,1.69,Japanese,,cash,yes,12:00-19:30;,Mon;Tue;Wed;Thu;Fri;
U1088,135057,1,2,2,22.142748,-100.940664,false,social drinker,informal,family,on foot,single,independent,1991,none,hard-worker,Catholic,student,blue,62,medium,1.6,Mexican,Bar,cash,yes,13:00-23:00;,Mon;Tue;Wed;Thu;Fri;
U1014,135081,2,1,1,23.751607,-99.170108,false,abstemious,?,friends,public,single,independent,1990,none,hard-worker,Catholic,student,blue,53,medium,1.69,Japanese,,cash,none,14:00-23:30;,Mon;Tue;Wed;Thu;Fri;
U1014,135057,1,0,2,23.751607,-99.170108,false,abstemious,?,friends,public,single,independent,1990,none,hard-worker,Catholic,student,blue,53,medium,1.69,Japanese,Bar,cash,yes,13:00-23:00;,Mon;Tue;Wed;Thu;Fri;
U1014,135070,2,2,2,23.751607,-99.170108,false,abstemious,?,friends,public,single,independent,1990,none,hard-worker,Catholic,student,blue,53,medium,1.69,Japanese,,cash,yes,07:00-23:00;,Mon;Tue;Wed;Thu;Fri;
U1088,135041,2,2,2,22.142748,-100.940664,false,social drinker,informal,family,on foot,single,independent,1991,none,hard-worker,Catholic,student,blue,62,medium,1.6,Mexican,Bar,cash,none,00:00-00:00;,Mon;Tue;Wed;Thu;Fri;
U1088,135069,1,2,2,22.142748,-100.940664,false,social drinker,informal,family,on foot,single,independent,1991,none,hard-worker,Catholic,student,blue,62,medium,1.6,Mexican,Bar,cash,yes,09:00-23:30;,Mon;Tue;Wed;Thu;Fri;
U1088,135082,2,2,2,22.142748,-100.940664,false,social drinker,informal,family,on foot,single,independent,1991,none,hard-worker,Catholic,student,blue,62,medium,1.6,Mexican,,cash,none,10:00-18:00;,Mon;Tue;Wed;Thu;Fri;
U1014,135043,1,0,0,23.751607,-99.170108,false,abstemious,?,friends,public,single,independent,1990,none,hard-worker,Catholic,student,blue,53,medium,1.69,Japanese,Fast_Food,cash,none,00:00-00:00;,Mon;Tue;Wed;Thu;Fri;
U1014,135042,1,1,0,23.751607,-99.170108,false,abstemious,?,friends,public,single,independent,1990,none,hard-worker,Catholic,student,blue,53,medium,1.69,Japanese,Chinese,cash,none,11:00-21:30;,Mon;Tue;Wed;Thu;Fri;
U1088,135071,0,0,0,22.142748,-100.940664,false,social drinker,informal,family,on foot,single,independent,1991,none,hard-worker,Catholic,student,blue,62,medium,1.6,Mexican,Bar,cash,yes,13:00-23:30;,Mon;Tue;Wed;Thu;Fri;
U1088,135054,2,2,2,22.142748,-100.940664,false,social drinker,informal,family,on foot,single,independent,1991,none,hard-worker,Catholic,student,blue,62,medium,1.6,Mexican,Seafood,cash,yes,07:00-19:00;,Mon;Tue;Wed;Thu;Fri;
U1088,135070,2,2,1,22.142748,-100.940664,false,social drinker,informal,family,on foot,single,independent,1991,none,hard-worker,Catholic,student,blue,62,medium,1.6,Mexican,,cash,yes,07:00-23:00;,Mon;Tue;Wed;Thu;Fri;
U1014,135066,2,1,2,23.751607,-99.170108,false,abstemious,?,friends,public,single,independent,1990,none,hard-worker,Catholic,student,blue,53,medium,1.69,Japanese,,cash,yes,07:00-23:00;,Sat;
U1088,135032,2,2,2,22.142748,-100.940664,false,social drinker,informal,family,on foot,single,independent,1991,none,hard-worker,Catholic,student,blue,62,medium,1.6,Mexican,Cafeteria,cash,public,07:00-23:30;,Mon;Tue;Wed;Thu;Fri;
U1088,135081,1,2,2,22.142748,-100.940664,false,social drinker,informal,family,on foot,single,independent,1991,none,hard-worker,Catholic,student,blue,62,medium,1.6,Mexican,,cash,none,14:00-23:30;,Mon;Tue;Wed;Thu;Fri;
U1088,135051,2,1,2,22.142748,-100.940664,false,social drinker,informal,family,on foot,single,independent,1991,none,hard-worker,Catholic,student,blue,62,medium,1.6,Mexican,,cash,none,08:00-23:30;,Mon;Tue;Wed;Thu;Fri;
U1014,132830,2,2,1,23.751607,-99.170108,false,abstemious,?,friends,public,single,independent,1990,none,hard-worker,Catholic,student,blue,53,medium,1.69,Japanese,,,none,00:00-23:30;,Mon;Tue;Wed;Thu;Fri;
U1014,135082,0,0,0,23.751607,-99.170108,false,abstemious,?,friends,public,single,independent,1990,none,hard-worker,Catholic,student,blue,53,medium,1.69,Japanese,,cash,none,10:00-18:00;,Mon;Tue;Wed;Thu;Fri;
U1056,135066,2,2,2,22.168997,-100.974376,false,social drinker,informal,family,on foot,single,independent,1930,none,hard-worker,Catholic,student,yellow,61,medium,1.62,Mexican,,cash,yes,07:00-23:00;,Sat;
U1056,135050,0,0,0,22.168997,-100.974376,false,social drinker,informal,family,on foot,single,independent,1930,none,hard-worker,Catholic,student,yellow,61,medium,1.62,Mexican,,cash,yes,12:00-19:30;,Mon;Tue;Wed;Thu;Fri;
U1056,135076,2,2,2,22.168997,-100.974376,false,social drinker,informal,family,on foot,single,independent,1930,none,hard-worker,Catholic,student,yellow,61,medium,1.62,Mexican,,cash,yes,12:00-23:30;,Mon;Tue;Wed;Thu;Fri;
U1056,135081,2,2,2,22.168997,-100.974376,false,social drinker,informal,family,on foot,single,independent,1930,none,hard-worker,Catholic,student,yellow,61,medium,1.62,Mexican,,cash,none,14:00-23:30;,Mon;Tue;Wed;Thu;Fri;
U1056,135062,2,2,2,22.168997,-100.974376,false,social drinker,informal,family,on foot,single,independent,1930,none,hard-worker,Catholic,student,yellow,61,medium,1.62,Mexican,,cash,yes,00:00-23:30;,Mon;Tue;Wed;Thu;Fri;
U1056,135027,2,2,2,22.168997,-100.974376,false,social drinker,informal,family,on foot,single,independent,1930,none,hard-worker,Catholic,student,yellow,61,medium,1.62,Mexican,Mexican,cash,none,08:00-22:00;,Mon;Tue;Wed;Thu;Fri;
U1056,135085,2,2,2,22.168997,-100.974376,false,social drinker,informal,family,on foot,single,independent,1930,none,hard-worker,Catholic,student,yellow,61,medium,1.62,Mexican,Fast_Food,cash,public,00:00-00:00;,Mon;Tue;Wed;Thu;Fri;
U1056,135052,2,2,2,22.168997,-100.974376,false,social drinker,informal,family,on foot,single,independent,1930,none,hard-worker,Catholic,student,yellow,61,medium,1.62,Mexican,Bar,cash,none,08:00-23:30;,Mon;Tue;Wed;Thu;Fri;
U1056,132825,2,2,2,22.168997,-100.974376,false,social drinker,informal,family,on foot,single,independent,1930,none,hard-worker,Catholic,student,yellow,61,medium,1.62,Mexican,Mexican,cash,none,09:00-12:00;,Mon;Tue;Wed;Thu;Fri;
U1056,135051,2,2,2,22.168997,-100.974376,false,social drinker,informal,family,on foot,single,independent,1930,none,hard-worker,Catholic,student,yellow,61,medium,1.62,Mexican,,cash,none,08:00-23:30;,Mon;Tue;Wed;Thu;Fri;
U1134,135047,1,1,1,22.149654,-100.99861,false,casual drinker,no preference,family,public,single,independent,1991,variety,hard-worker,Catholic,student,black,52,medium,1.65,Mexican,,cash,yes,08:00-23:30;,Mon;Tue;Wed;Thu;Fri;
U1134,135026,0,0,0,22.149654,-100.99861,false,casual drinker,no preference,family,public,single,independent,1991,variety,hard-worker,Catholic,student,black,52,medium,1.65,Mexican,Bar,,none,13:30-23:30;,Mon;Tue;Wed;Thu;Fri;
U1134,135044,1,1,1,22.149654,-100.99861,false,casual drinker,no preference,family,public,single,independent,1991,variety,hard-worker,Catholic,student,black,52,medium,1.65,Mexican,Chinese,cash,none,13:00-22:30;,Mon;Tue;Wed;Thu;Fri;
U1134,132825,1,2,1,22.149654,-100.99861,false,casual drinker,no preference,family,public,single,independent,1991,variety,hard-worker,Catholic,student,black,52,medium,1.65,Mexican,Mexican,cash,none,09:00-12:00;,Mon;Tue;Wed;Thu;Fri;
U1134,135059,2,1,0,22.149654,-100.99861,false,casual drinker,no preference,family,public,single,independent,1991,variety,hard-worker,Catholic,student,black,52,medium,1.65,Mexican,Bar,cash,yes,12:00-23:30;,Mon;Tue;Wed;Thu;Fri;
U1134,135065,2,2,2,22.149654,-100.99861,false,casual drinker,no preference,family,public,single,independent,1991,variety,hard-worker,Catholic,student,black,52,medium,1.65,Mexican,,cash,none,14:00-23:30;,Mon;Tue;Wed;Thu;Fri;
U1134,135046,2,1,1,22.149654,-100.99861,false,casual drinker,no preference,family,public,single,independent,1991,variety,hard-worker,Catholic,student,black,52,medium,1.65,Mexican,Fast_Food,cash,yes,08:30-21:00;,Mon;Tue;Wed;Thu;Fri;
U1134,135085,2,1,2,22.149654,-100.99861,false,casual drinker,no preference,family,public,single,independent,1991,variety,hard-worker,Catholic,student,black,52,medium,1.65,Mexican,Fast_Food,cash,public,00:00-00:00;,Mon;Tue;Wed;Thu;Fri;
U1134,135079,1,1,2,22.149654,-100.99861,false,casual drinker,no preference,family,public,single,independent,1991,variety,hard-worker,Catholic,student,black,52,medium,1.65,Mexican,Chinese,cash,none,13:00-22:30;,Mon;Tue;Wed;Thu;Fri;
U1134,135055,2,2,2,22.149654,-100.99861,false,casual drinker,no preference,family,public,single,independent,1991,variety,hard-worker,Catholic,student,black,52,medium,1.65,Mexican,Mexican,cash,yes,14:00-22:00;,Mon;Tue;Wed;Thu;Fri;
U1134,132754,2,1,1,22.149654,-100.99861,false,casual drinker,no preference,family,public,single,independent,1991,variety,hard-worker,Catholic,student,black,52,medium,1.65,Mexican,Mexican,cash,none,08:00-20:00;,Mon;Tue;Wed;Thu;Fri;
U1134,132572,0,0,0,22.149654,-100.99861,false,casual drinker,no preference,family,public,single,independent,1991,variety,hard-worker,Catholic,student,black,52,medium,1.65,Mexican,Cafeteria,cash,yes,00:00-23:30;,Mon;Tue;Wed;Thu;Fri;
U1134,135075,2,1,1,22.149654,-100.99861,false,casual drinker,no preference,family,public,single,independent,1991,variety,hard-worker,Catholic,student,black,52,medium,1.65,Mexican,Seafood,cash,yes,00:00-23:30;,Mon;Tue;Wed;Thu;Fri;
U1134,135080,1,1,1,22.149654,-100.99861,false,casual drinker,no preference,family,public,single,independent,1991,variety,hard-worker,Catholic,student,black,52,medium,1.65,Mexican,,cash,none,14:00-23:30;,Mon;Tue;Wed;Thu;Fri;
U1134,135064,2,2,2,22.149654,-100.99861,false,casual drinker,no preference,family,public,single,independent,1991,variety,hard-worker,Catholic,student,black,52,medium,1.65,Mexican,,cash,yes,07:00-22:30;,Mon;Tue;Wed;Thu;Fri;
U1134,135074,2,2,2,22.149654,-100.99861,false,casual drinker,no preference,family,public,single,independent,1991,variety,hard-worker,Catholic,student,black,52,medium,1.65,Mexican,Contemporary,cash,public,07:00-23:30;,Mon;Tue;Wed;Thu;Fri;
U1106,135041,1,1,1,18.927072,-99.173584,false,casual drinker,informal,friends,car owner,single,independent,1930,technology,hard-worker,Catholic,professional,blue,65,medium,1.71,Barbecue,Bar,cash,none,00:00-00:00;,Mon;Tue;Wed;Thu;Fri;
U1126,135069,0,0,0,22.15421,-100.942233,false,casual drinker,formal,friends,on foot,single,independent,1990,technology,hard-worker,Catholic,student,purple,65,low,1.63,Mexican,Bar,cash,yes,09:00-23:30;,Mon;Tue;Wed;Thu;Fri;
U1106,135032,0,0,0,18.927072,-99.173584,false,casual drinker,informal,friends,car owner,single,independent,1930,technology,hard-worker,Catholic,professional,blue,65,medium,1.71,Barbecue,Cafeteria,cash,public,07:00-23:30;,Mon;Tue;Wed;Thu;Fri;
U1126,135057,2,2,2,22.15421,-100.942233,false,casual drinker,formal,friends,on foot,single,independent,1990,technology,hard-worker,Catholic,student,purple,65,low,1.63,Mexican,Bar,cash,yes,13:00-23:00;,Mon;Tue;Wed;Thu;Fri;
U1126,132830,0,0,0,22.15421,-100.942233,false,casual drinker,formal,friends,on foot,single,independent,1990,technology,hard-worker,Catholic,student,purple,65,low,1.63,Mexican,,,none,00:00-23:30;,Mon;Tue;Wed;Thu;Fri;
U1106,135028,2,1,0,18.927072,-99.173584,false,casual drinker,informal,friends,car owner,single,independent,1930,technology,hard-worker,Catholic,professional,blue,65,medium,1.71,Barbecue,Mexican,cash,none,13:00-23:30;,Mon;Tue;Wed;Thu;Fri;
U1126,135040,0,0,0,22.15421,-100.942233,false,casual drinker,formal,friends,on foot,single,independent,1990,technology,hard-worker,Catholic,student,purple,65,low,1.63,Mexican,,cash,yes,08:00-23:30;,Mon;Tue;Wed;Thu;Fri;
U1126,135106,2,2,2,22.15421,-100.942233,false,casual drinker,formal,friends,on foot,single,independent,1990,technology,hard-worker,Catholic,student,purple,65,low,1.63,Mexican,Mexican,cash,none,18:00-23:30;,Mon;Tue;Wed;Thu;Fri;
U1126,135052,2,1,1,22.15421,-100.942233,false,casual drinker,formal,friends,on foot,single,independent,1990,technology,hard-worker,Catholic,student,purple,65,low,1.63,Mexican,Bar,cash,none,08:00-23:30;,Mon;Tue;Wed;Thu;Fri;
U1126,135041,2,1,1,22.15421,-100.942233,false,casual drinker,formal,friends,on foot,single,independent,1990,technology,hard-worker,Catholic,student,purple,65,low,1.63,Mexican,Bar,cash,none,00:00-00:00;,Mon;Tue;Wed;Thu;Fri;
U1126,135038,1,0,1,22.15421,-100.942233,false,casual drinker,formal,friends,on foot,single,independent,1990,technology,hard-worker,Catholic,student,purple,65,low,1.63,Mexican,,cash,none,08:00-17:00;,Mon;Tue;Wed;Thu;Fri;
U1126,135054,1,2,1,22.15421,-100.942233,false,casual drinker,formal,friends,on foot,single,independent,1990,technology,hard-worker,Catholic,student,purple,65,low,1.63,Mexican,Seafood,cash,yes,07:00-19:00;,Mon;Tue;Wed;Thu;Fri;
U1126,135108,2,2,1,22.15421,-100.942233,false,casual drinker,formal,friends,on foot,single,independent,1990,technology,hard-worker,Catholic,student,purple,65,low,1.63,Mexican,,,none,00:00-23:30;,Mon;Tue;Wed;Thu;Fri;
U1044,134986,2,2,2,18.95298,-99.260789,true,social drinker,informal,family,car owner,married,kids,1969,variety,thrifty-protector,Catholic,professional,orange,85,medium,1.73,Mexican,International,,yes,00:00-23:30;,Mon;Tue;Wed;Thu;Fri;
U1124,135054,1,1,1,22.137072,-100.918865,false,casual drinker,informal,friends,public,single,independent,1991,none,hard-worker,Catholic,student,blue,51,low,1.2,Mexican,Seafood,cash,yes,07:00-19:00;,Mon;Tue;Wed;Thu;Fri;
U1044,132768,2,2,2,18.95298,-99.260789,true,social drinker,informal,family,car owner,married,kids,1969,variety,thrifty-protector,Catholic,professional,orange,85,medium,1.73,Mexican,Family,cash,none,09:00-19:00;,Mon;Tue;Wed;Thu;Fri;
U1124,135108,1,1,1,22.137072,-100.918865,false,casual drinker,informal,friends,public,single,independent,1991,none,hard-worker,Catholic,student,blue,51,low,1.2,Mexican,,,none,00:00-23:30;,Mon;Tue;Wed;Thu;Fri;
U1124,135032,1,1,1,22.137072,-100.918865,false,casual drinker,informal,friends,public,single,independent,1991,none,hard-worker,Catholic,student,blue,51,low,1.2,Mexican,Cafeteria,cash,public,07:00-23:30;,Mon;Tue;Wed;Thu;Fri;
U1124,135071,1,0,1,22.137072,-100.918865,false,casual drinker,informal,friends,public,single,independent,1991,none,hard-worker,Catholic,student,blue,51,low,1.2,Mexican,Bar,cash,yes,13:00-23:30;,Mon;Tue;Wed;Thu;Fri;
U1124,135070,1,1,1,22.137072,-100.918865,false,casual drinker,informal,friends,public,single,independent,1991,none,hard-worker,Catholic,student,blue,51,low,1.2,Mexican,,cash,yes,07:00-23:00;,Mon;Tue;Wed;Thu;Fri;
U1124,135069,1,1,1,22.137072,-100.918865,false,casual drinker,informal,friends,public,single,independent,1991,none,hard-worker,Catholic,student,blue,51,low,1.2,Mexican,Bar,cash,yes,09:00-23:30;,Mon;Tue;Wed;Thu;Fri;
U1124,135081,1,1,0,22.137072,-100.918865,false,casual drinker,informal,friends,public,single,independent,1991,none,hard-worker,Catholic,student,blue,51,low,1.2,Mexican,,cash,none,14:00-23:30;,Mon;Tue;Wed;Thu;Fri;
U1124,135057,1,1,1,22.137072,-100.918865,false,casual drinker,informal,friends,public,single,independent,1991,none,hard-worker,Catholic,student,blue,51,low,1.2,Mexican,Bar,cash,yes,13:00-23:00;,Mon;Tue;Wed;Thu;Fri;
U1124,135039,1,1,1,22.137072,-100.918865,false,casual drinker,informal,friends,public,single,independent,1991,none,hard-worker,Catholic,student,blue,51,low,1.2,Mexican,Seafood,cash,yes,10:00-20:00;,Mon;Tue;Wed;Thu;Fri;
U1124,135050,0,1,0,22.137072,-100.918865,false,casual drinker,informal,friends,public,single,independent,1991,none,hard-worker,Catholic,student,blue,51,low,1.2,Mexican,,cash,yes,12:00-19:30;,Mon;Tue;Wed;Thu;Fri;
U1018,135043,0,0,0,22.190949,-100.917902,true,casual drinker,formal,friends,public,single,independent,1989,technology,thrifty-protector,Christian,student,blue,65,low,1.83,Mexican,Fast_Food,cash,none,00:00-00:00;,Mon;Tue;Wed;Thu;Fri;
U1125,135043,1,1,2,22.19204,-100.956935,false,casual drinker,formal,friends,public,single,independent,1990,technology,hard-worker,Catholic,student,white,57,low,1.67,Mexican,Fast_Food,cash,none,00:00-00:00;,Mon;Tue;Wed;Thu;Fri;
U1125,135081,0,0,2,22.19204,-100.956935,false,casual drinker,formal,friends,public,single,independent,1990,technology,hard-worker,Catholic,student,white,57,low,1.67,Mexican,,cash,none,14:00-23:30;,Mon;Tue;Wed;Thu;Fri;
U1125,135076,1,1,1,22.19204,-100.956935,false,casual drinker,formal,friends,public,single,independent,1990,technology,hard-worker,Catholic,student,white,57,low,1.67,Mexican,,cash,yes,12:00-23:30;,Mon;Tue;Wed;Thu;Fri;
U1018,135082,2,2,2,22.190949,-100.917902,true,casual drinker,formal,friends,public,single,independent,1989,technology,thrifty-protector,Christian,student,blue,65,low,1.83,Mexican,,cash,none,10:00-18:00;,Mon;Tue;Wed;Thu;Fri;
U1125,135050,2,1,1,22.19204,-100.956935,false,casual drinker,formal,friends,public,single,independent,1990,technology,hard-worker,Catholic,student,white,57,low,1.67,Mexican,,cash,yes,12:00-19:30;,Mon;Tue;Wed;Thu;Fri;
U1125,135066,1,0,1,22.19204,-100.956935,false,casual drinker,formal,friends,public,single,independent,1990,technology,hard-worker,Catholic,student,white,57,low,1.67,Mexican,,cash,yes,07:00-23:00;,Sat;
U1125,135032,1,2,1,22.19204,-100.956935,false,casual drinker,formal,friends,public,single,independent,1990,technology,hard-worker,Catholic,student,white,57,low,1.67,Mexican,Cafeteria,cash,public,07:00-23:30;,Mon;Tue;Wed;Thu;Fri;
U1119,134986,2,2,2,18.96479,-99.260017,false,abstemious,formal,family,public,single,independent,1992,eco-friendly,thrifty-protector,Catholic,student,blue,68,medium,1.68,Mexican,International,,yes,00:00-23:30;,Mon;Tue;Wed;Thu;Fri;
U1119,135021,0,0,0,18.96479,-99.260017,false,abstemious,formal,family,public,single,independent,1992,eco-friendly,thrifty-protector,Catholic,student,blue,68,medium,1.68,Mexican,Fast_Food,cash,public,00:00-23:30;,Mon;Tue;Wed;Thu;Fri;
U1119,135001,2,2,2,18.96479,-99.260017,false,abstemious,formal,family,public,single,independent,1992,eco-friendly,thrifty-protector,Catholic,student,blue,68,medium,1.68,Mexican,,cash,yes,07:00-23:30;,Mon;Tue;Wed;Thu;Fri;
U1125,135042,1,1,1,22.19204,-100.956935,false,casual drinker,formal,friends,public,single,independent,1990,technology,hard-worker,Catholic,student,white,57,low,1.67,Mexican,Chinese,cash,none,11:00-21:30;,Mon;Tue;Wed;Thu;Fri;
U1119,132583,2,2,2,18.96479,-99.260017,false,abstemious,formal,family,public,single,independent,1992,eco-friendly,thrifty-protector,Catholic,student,blue,68,medium,1.68,Mexican,American,cash,none,,
U1125,135063,1,2,1,22.19204,-100.956935,false,casual drinker,formal,friends,public,single,independent,1990,technology,hard-worker,Catholic,student,white,57,low,1.67,Mexican,,cash,none,08:30-19:30;,Mon;Tue;Wed;Thu;Fri;
U1119,132768,2,2,2,18.96479,-99.260017,false,abstemious,formal,family,public,single,independent,1992,eco-friendly,thrifty-protector,Catholic,student,blue,68,medium,1.68,Mexican,Family,cash,none,09:00-19:00;,Mon;Tue;Wed;Thu;Fri;
U1125,135060,1,0,2,22.19204,-100.956935,false,casual drinker,formal,friends,public,single,independent,1990,technology,hard-worker,Catholic,student,white,57,low,1.67,Mexican,Seafood,cash,none,11:30-19:00;,Mon;Tue;Wed;Thu;Fri;
U1125,135038,2,2,1,22.19204,-100.956935,false,casual drinker,formal,friends,public,single,independent,1990,technology,hard-worker,Catholic,student,white,57,low,1.67,Mexican,,cash,none,08:00-17:00;,Mon;Tue;Wed;Thu;Fri;
U1125,135062,1,2,1,22.19204,-100.956935,false,casual drinker,formal,friends,public,single,independent,1990,technology,hard-worker,Catholic,student,white,57,low,1.67,Mexican,,cash,yes,00:00-23:30;,Mon;Tue;Wed;Thu;Fri;
U1018,135081,1,1,1,22.190949,-100.917902,true,casual drinker,formal,friends,public,single,independent,1989,technology,thrifty-protector,Christian,student,blue,65,low,1.83,Mexican,,cash,none,14:00-23:30;,Mon;Tue;Wed;Thu;Fri;
U1018,135057,1,1,0,22.190949,-100.917902,true,casual drinker,formal,friends,public,single,independent,1989,technology,thrifty-protector,Christian,student,blue,65,low,1.83,Mexican,Bar,cash,yes,13:00-23:00;,Mon;Tue;Wed;Thu;Fri;
U1018,135066,1,1,1,22.190949,-100.917902,true,casual drinker,formal,friends,public,single,independent,1989,technology,thrifty-protector,Christian,student,blue,65,low,1.83,Mexican,,cash,yes,07:00-23:00;,Sat;
U1018,135032,1,1,1,22.190949,-100.917902,true,casual drinker,formal,friends,public,single,independent,1989,technology,thrifty-protector,Christian,student,blue,65,low,1.83,Mexican,Cafeteria,cash,public,07:00-23:30;,Mon;Tue;Wed;Thu;Fri;
U1018,135062,0,0,1,22.190949,-100.917902,true,casual drinker,formal,friends,public,single,independent,1989,technology,thrifty-protector,Christian,student,blue,65,low,1.83,Mexican,,cash,yes,00:00-23:30;,Mon;Tue;Wed;Thu;Fri;
U1018,135025,1,1,1,22.190949,-100.917902,true,casual drinker,formal,friends,public,single,independent,1989,technology,thrifty-protector,Christian,student,blue,65,low,1.83,Mexican,Mexican,cash,none,18:00-23:30;,Mon;Tue;Wed;Thu;Fri;
U1018,135069,0,1,1,22.190949,-100.917902,true,casual drinker,formal,friends,public,single,independent,1989,technology,thrifty-protector,Christian,student,blue,65,low,1.83,Mexican,Bar,cash,yes,09:00-23:30;,Mon;Tue;Wed;Thu;Fri;
U1018,135108,1,0,1,22.190949,-100.917902,true,casual drinker,formal,friends,public,single,independent,1989,technology,thrifty-protector,Christian,student,blue,65,low,1.83,Mexican,,,none,00:00-23:30;,Mon;Tue;Wed;Thu;Fri;
U1076,135039,2,2,1,22.156469,-100.98554,false,social drinker,elegant,family,public,married,kids,1987,technology,thrifty-protector,Catholic,student,blue,65,medium,1.71,Mexican,Seafood,cash,yes,10:00-20:00;,Mon;Tue;Wed;Thu;Fri;
U1076,135038,1,2,2,22.156469,-100.98554,false,social drinker,elegant,family,public,married,kids,1987,technology,thrifty-protector,Catholic,student,blue,65,medium,1.71,Mexican,,cash,none,08:00-17:00;,Mon;Tue;Wed;Thu;Fri;
U1076,135027,0,1,1,22.156469,-100.98554,false,social drinker,elegant,family,public,married,kids,1987,technology,thrifty-protector,Catholic,student,blue,65,medium,1.71,Mexican,Mexican,cash,none,08:00-22:00;,Mon;Tue;Wed;Thu;Fri;
U1076,135042,2,2,2,22.156469,-100.98554,false,social drinker,elegant,family,public,married,kids,1987,technology,thrifty-protector,Catholic,student,blue,65,medium,1.71,Mexican,Chinese,cash,none,11:00-21:30;,Mon;Tue;Wed;Thu;Fri;
U1022,135040,0,0,0,22.146708,-100.964355,false,casual drinker,formal,family,car owner,single,independent,1990,variety,hard-worker,Catholic,student,purple,46,medium,1.54,Mexican,,cash,yes,08:00-23:30;,Mon;Tue;Wed;Thu;Fri;
U1076,135073,2,1,1,22.156469,-100.98554,false,social drinker,elegant,family,public,married,kids,1987,technology,thrifty-protector,Catholic,student,blue,65,medium,1.71,Mexican,Bar,cash,yes,09:30-23:30;,Mon;Tue;Wed;Thu;Fri;
U1022,135033,1,1,2,22.146708,-100.964355,false,casual drinker,formal,family,car owner,single,independent,1990,variety,hard-worker,Catholic,student,purple,46,medium,1.54,Mexican,,cash,none,09:00-21:00;,Mon;Tue;Wed;Thu;Fri;
U1022,135025,0,0,0,22.146708,-100.964355,false,casual drinker,formal,family,car owner,single,independent,1990,variety,hard-worker,Catholic,student,purple,46,medium,1.54,Mexican,Mexican,cash,none,18:00-23:30;,Mon;Tue;Wed;Thu;Fri;
U1022,135032,1,1,2,22.146708,-100.964355,false,casual drinker,formal,family,car owner,single,independent,1990,variety,hard-worker,Catholic,student,purple,46,medium,1.54,Mexican,Cafeteria,cash,public,07:00-23:30;,Mon;Tue;Wed;Thu;Fri;
U1022,135057,2,2,2,22.146708,-100.964355,false,casual drinker,formal,family,car owner,single,independent,1990,variety,hard-worker,Catholic,student,purple,46,medium,1.54,Mexican,Bar,cash,yes,13:00-23:00;,Mon;Tue;Wed;Thu;Fri;
U1022,135060,1,1,2,22.146708,-100.964355,false,casual drinker,formal,family,car owner,single,independent,1990,variety,hard-worker,Catholic,student,purple,46,medium,1.54,Mexican,Seafood,cash,none,11:30-19:00;,Mon;Tue;Wed;Thu;Fri;
U1022,135052,2,2,2,22.146708,-100.964355,false,casual drinker,formal,family,car owner,single,independent,1990,variety,hard-worker,Catholic,student,purple,46,medium,1.54,Mexican,Bar,cash,none,08:00-23:30;,Mon;Tue;Wed;Thu;Fri;
U1022,135038,2,1,2,22.146708,-100.964355,false,casual drinker,formal,family,car owner,single,independent,1990,variety,hard-worker,Catholic,student,purple,46,medium,1.54,Mexican,,cash,none,08:00-17:00;,Mon;Tue;Wed;Thu;Fri;
U1022,135081,0,2,1,22.146708,-100.964355,false,casual drinker,formal,family,car owner,single,independent,1990,variety,hard-worker,Catholic,student,purple,46,medium,1.54,Mexican,,cash,none,14:00-23:30;,Mon;Tue;Wed;Thu;Fri;
U1022,135045,2,1,1,22.146708,-100.964355,false,casual drinker,formal,family,car owner,single,independent,1990,variety,hard-worker,Catholic,student,purple,46,medium,1.54,Mexican,,cash,yes,13:00-23:30;,Mon;Tue;Wed;Thu;Fri;
U1022,135051,2,1,1,22.146708,-100.964355,false,casual drinker,formal,family,car owner,single,independent,1990,variety,hard-worker,Catholic,student,purple,46,medium,1.54,Mexican,,cash,none,08:00-23:30;,Mon;Tue;Wed;Thu;Fri;
U1022,135073,2,2,2,22.146708,-100.964355,false,casual drinker,formal,family,car owner,single,independent,1990,variety,hard-worker,Catholic,student,purple,46,medium,1.54,Mexican,Bar,cash,yes,09:30-23:30;,Mon;Tue;Wed;Thu;Fri;
U1022,135062,1,2,1,22.146708,-100.964355,false,casual drinker,formal,family,car owner,single,independent,1990,variety,hard-worker,Catholic,student,purple,46,medium,1.54,Mexican,,cash,yes,00:00-23:30;,Mon;Tue;Wed;Thu;Fri;
U1022,135063,2,1,2,22.146708,-100.964355,false,casual drinker,formal,family,car owner,single,independent,1990,variety,hard-worker,Catholic,student,purple,46,medium,1.54,Mexican,,cash,none,08:30-19:30;,Mon;Tue;Wed;Thu;Fri;
U1094,135054,0,0,0,23.73944,-99.160548,false,abstemious,informal,friends,public,single,independent,1991,variety,thrifty-protector,Catholic,student,green,59,medium,1.71,Mexican,Seafood,cash,yes,07:00-19:00;,Mon;Tue;Wed;Thu;Fri;
U1094,135082,0,0,0,23.73944,-99.160548,false,abstemious,informal,friends,public,single,independent,1991,variety,thrifty-protector,Catholic,student,green,59,medium,1.71,Mexican,,cash,none,10:00-18:00;,Mon;Tue;Wed;Thu;Fri;
U1094,135057,0,1,0,23.73944,-99.160548,false,abstemious,informal,friends,public,single,independent,1991,variety,thrifty-protector,Catholic,student,green,59,medium,1.71,Mexican,Bar,cash,yes,13:00-23:00;,Mon;Tue;Wed;Thu;Fri;
U1094,135071,0,1,0,23.73944,-99.160548,false,abstemious,informal,friends,public,single,independent,1991,variety,thrifty-protector,Catholic,student,green,59,medium,1.71,Mexican,Bar,cash,yes,13:00-23:30;,Mon;Tue;Wed;Thu;Fri;
U1094,132830,0,1,0,23.73944,-99.160548,false,abstemious,informal,friends,public,single,independent,1991,variety,thrifty-protector,Catholic,student,green,59,medium,1.71,Mexican,,,none,00:00-23:30;,Mon;Tue;Wed;Thu;Fri;
U1094,135070,0,1,0,23.73944,-99.160548,false,abstemious,informal,friends,public,single,independent,1991,variety,thrifty-protector,Catholic,student,green,59,medium,1.71,Mexican,,cash,yes,07:00-23:00;,Mon;Tue;Wed;Thu;Fri;
U1094,135108,0,1,1,23.73944,-99.160548,false,abstemious,informal,friends,public,single,independent,1991,variety,thrifty-protector,Catholic,student,green,59,medium,1.71,Mexican,,,none,00:00-23:30;,Mon;Tue;Wed;Thu;Fri;
U1094,135069,0,1,0,23.73944,-99.160548,false,abstemious,informal,friends,public,single,independent,1991,variety,thrifty-protector,Catholic,student,green,59,medium,1.71,Mexican,Bar,cash,yes,09:00-23:30;,Mon;Tue;Wed;Thu;Fri;
U1116,135047,2,2,2,22.156469,-100.98554,false,social drinker,formal,family,public,married,kids,1987,technology,thrifty-protector,Catholic,student,blue,40,medium,1.71,Mexican,,cash,yes,08:00-23:30;,Mon;Tue;Wed;Thu;Fri;
U1116,135060,0,0,0,22.156469,-100.98554,false,social drinker,formal,family,public,married,kids,1987,technology,thrifty-protector,Catholic,student,blue,40,medium,1.71,Mexican,Seafood,cash,none,11:30-19:00;,Mon;Tue;Wed;Thu;Fri;
U1116,135038,2,2,2,22.156469,-100.98554,false,social drinker,formal,family,public,married,kids,1987,technology,thrifty-protector,Catholic,student,blue,40,medium,1.71,Mexican,,cash,none,08:00-17:00;,Mon;Tue;Wed;Thu;Fri;
U1116,135085,2,2,2,22.156469,-100.98554,false,social drinker,formal,family,public,married,kids,1987,technology,thrifty-protector,Catholic,student,blue,40,medium,1.71,Mexican,Fast_Food,cash,public,00:00-00:00;,Mon;Tue;Wed;Thu;Fri;
U1116,135052,2,2,2,22.156469,-100.98554,false,social drinker,formal,family,public,married,kids,1987,technology,thrifty-protector,Catholic,student,blue,40,medium,1.71,Mexican,Bar,cash,none,08:00-23:30;,Mon;Tue;Wed;Thu;Fri;
U1116,135025,2,2,2,22.156469,-100.98554,false,social drinker,formal,family,public,married,kids,1987,technology,thrifty-protector,Catholic,student,blue,40,medium,1.71,Mexican,Mexican,cash,none,18:00-23:30;,Mon;Tue;Wed;Thu;Fri;
U1116,135059,0,2,2,22.156469,-100.98554,false,social drinker,formal,family,public,married,kids,1987,technology,thrifty-protector,Catholic,student,blue,40,medium,1.71,Mexican,Bar,cash,yes,12:00-23:30;,Mon;Tue;Wed;Thu;Fri;
U1116,135027,0,2,2,22.156469,-100.98554,false,social drinker,formal,family,public,married,kids,1987,technology,thrifty-protector,Catholic,student,blue,40,medium,1.71,Mexican,Mexican,cash,none,08:00-22:00;,Mon;Tue;Wed;Thu;Fri;
U1116,132825,2,2,2,22.156469,-100.98554,false,social drinker,formal,family,public,married,kids,1987,technology,thrifty-protector,Catholic,student,blue,40,medium,1.71,Mexican,Mexican,cash,none,09:00-12:00;,Mon;Tue;Wed;Thu;Fri;
U1116,135030,1,2,2,22.156469,-100.98554,false,social drinker,formal,family,public,married,kids,1987,technology,thrifty-protector,Catholic,student,blue,40,medium,1.71,Mexican,Cafe-Coffee_Shop,cash,none,00:00-00:00;,Mon;Tue;Wed;Thu;Fri;
U1116,132834,2,2,2,22.156469,-100.98554,false,social drinker,formal,family,public,married,kids,1987,technology,thrifty-protector,Catholic,student,blue,40,medium,1.71,Mexican,Mexican,cash,public,08:30-15:00;,Mon;Tue;Wed;Thu;Fri;
U1105,135057,0,0,0,22.120019,-100.950991,false,social drinker,formal,family,public,single,independent,1991,variety,hard-worker,Christian,student,green,40,medium,1.74,Cafeteria,Bar,cash,yes,13:00-23:00;,Mon;Tue;Wed;Thu;Fri;
U1105,135069,0,0,0,22.120019,-100.950991,false,social drinker,formal,family,public,single,independent,1991,variety,hard-worker,Christian,student,green,40,medium,1.74,Cafeteria,Bar,cash,yes,09:00-23:30;,Mon;Tue;Wed;Thu;Fri;
U1105,132830,0,0,0,22.120019,-100.950991,false,social drinker,formal,family,public,single,independent,1991,variety,hard-worker,Christian,student,green,40,medium,1.74,Cafeteria,,,none,00:00-23:30;,Mon;Tue;Wed;Thu;Fri;
U1105,135040,0,0,0,22.120019,-100.950991,false,social drinker,formal,family,public,single,independent,1991,variety,hard-worker,Christian,student,green,40,medium,1.74,Cafeteria,,cash,yes,08:00-23:30;,Mon;Tue;Wed;Thu;Fri;
U1105,135033,0,0,0,22.120019,-100.950991,false,social drinker,formal,family,public,single,independent,1991,variety,hard-worker,Christian,student,green,40,medium,1.74,Cafeteria,,cash,none,09:00-21:00;,Mon;Tue;Wed;Thu;Fri;
U1105,135054,0,0,0,22.120019,-100.950991,false,social drinker,formal,family,public,single,independent,1991,variety,hard-worker,Christian,student,green,40,medium,1.74,Cafeteria,Seafood,cash,yes,07:00-19:00;,Mon;Tue;Wed;Thu;Fri;
U1105,135039,0,0,0,22.120019,-100.950991,false,social drinker,formal,family,public,single,independent,1991,variety,hard-worker,Christian,student,green,40,medium,1.74,Cafeteria,Seafood,cash,yes,10:00-20:00;,Mon;Tue;Wed;Thu;Fri;
U1105,135052,0,0,0,22.120019,-100.950991,false,social drinker,formal,family,public,single,independent,1991,variety,hard-worker,Christian,student,green,40,medium,1.74,Cafeteria,Bar,cash,none,08:00-23:30;,Mon;Tue;Wed;Thu;Fri;
U1075,135081,1,2,1,22.167575,-100.960364,false,casual drinker,informal,family,car owner,single,independent,1991,technology,thrifty-protector,Catholic,student,white,68,medium,1.6,Mexican,,cash,none,14:00-23:30;,Mon;Tue;Wed;Thu;Fri;
U1075,135066,2,1,2,22.167575,-100.960364,false,casual drinker,informal,family,car owner,single,independent,1991,technology,thrifty-protector,Catholic,student,white,68,medium,1.6,Mexican,,cash,yes,07:00-23:00;,Sat;
U1075,135050,2,2,2,22.167575,-100.960364,false,casual drinker,informal,family,car owner,single,independent,1991,technology,thrifty-protector,Catholic,student,white,68,medium,1.6,Mexican,,cash,yes,12:00-19:30;,Mon;Tue;Wed;Thu;Fri;
U1007,135108,1,1,1,22.118464,-100.938256,false,casual drinker,informal,solitary,public,single,independent,1989,variety,thrifty-protector,Catholic,student,purple,60,low,1.59,Family,,,none,00:00-23:30;,Mon;Tue;Wed;Thu;Fri;
U1075,135076,2,2,0,22.167575,-100.960364,false,casual drinker,informal,family,car owner,single,independent,1991,technology,thrifty-protector,Catholic,student,white,68,medium,1.6,Mexican,,cash,yes,12:00-23:30;,Mon;Tue;Wed;Thu;Fri;
U1007,135057,1,1,2,22.118464,-100.938256,false,casual drinker,informal,solitary,public,single,independent,1989,variety,thrifty-protector,Catholic,student,purple,60,low,1.59,Family,Bar,cash,yes,13:00-23:00;,Mon;Tue;Wed;Thu;Fri;
U1075,135032,1,1,1,22.167575,-100.960364,false,casual drinker,informal,family,car owner,single,independent,1991,technology,thrifty-protector,Catholic,student,white,68,medium,1.6,Mexican,Cafeteria,cash,public,07:00-23:30;,Mon;Tue;Wed;Thu;Fri;
U1075,132834,1,2,1,22.167575,-100.960364,false,casual drinker,informal,family,car owner,single,independent,1991,technology,thrifty-protector,Catholic,student,white,68,medium,1.6,Mexican,Mexican,cash,public,08:30-15:00;,Mon;Tue;Wed;Thu;Fri;
U1075,135057,2,1,1,22.167575,-100.960364,false,casual drinker,informal,family,car owner,single,independent,1991,technology,thrifty-protector,Catholic,student,white,68,medium,1.6,Mexican,Bar,cash,yes,13:00-23:00;,Mon;Tue;Wed;Thu;Fri;
U1075,132830,1,1,1,22.167575,-100.960364,false,casual drinker,informal,family,car owner,single,independent,1991,technology,thrifty-protector,Catholic,student,white,68,medium,1.6,Mexican,,,none,00:00-23:30;,Mon;Tue;Wed;Thu;Fri;
U1075,135062,1,0,1,22.167575,-100.960364,false,casual drinker,informal,family,car owner,single,independent,1991,technology,thrifty-protector,Catholic,student,white,68,medium,1.6,Mexican,,cash,yes,00:00-23:30;,Mon;Tue;Wed;Thu;Fri;
U1075,135039,2,2,0,22.167575,-100.960364,false,casual drinker,informal,family,car owner,single,independent,1991,technology,thrifty-protector,Catholic,student,white,68,medium,1.6,Mexican,Seafood,cash,yes,10:00-20:00;,Mon;Tue;Wed;Thu;Fri;
U1075,135051,1,1,1,22.167575,-100.960364,false,casual drinker,informal,family,car owner,single,independent,1991,technology,thrifty-protector,Catholic,student,white,68,medium,1.6,Mexican,,cash,none,08:00-23:30;,Mon;Tue;Wed;Thu;Fri;
U1075,135041,1,1,0,22.167575,-100.960364,false,casual drinker,informal,family,car owner,single,independent,1991,technology,thrifty-protector,Catholic,student,white,68,medium,1.6,Mexican,Bar,cash,none,00:00-00:00;,Mon;Tue;Wed;Thu;Fri;
U1115,135057,2,2,2,22.138127,-100.920512,true,social drinker,elegant,friends,public,single,independent,1990,variety,hard-worker,Catholic,student,green,76,low,1.76,Regional,Bar,cash,yes,13:00-23:00;,Mon;Tue;Wed;Thu;Fri;
U1115,135082,2,2,2,22.138127,-100.920512,true,social drinker,elegant,friends,public,single,independent,1990,variety,hard-worker,Catholic,student,green,76,low,1.76,Regional,,cash,none,10:00-18:00;,Mon;Tue;Wed;Thu;Fri;
U1115,135054,0,0,1,22.138127,-100.920512,true,social drinker,elegant,friends,public,single,independent,1990,variety,hard-worker,Catholic,student,green,76,low,1.76,Regional,Seafood,cash,yes,07:00-19:00;,Mon;Tue;Wed;Thu;Fri;
U1115,135108,1,2,2,22.138127,-100.920512,true,social drinker,elegant,friends,public,single,independent,1990,variety,hard-worker,Catholic,student,green,76,low,1.76,Regional,,,none,00:00-23:30;,Mon;Tue;Wed;Thu;Fri;
U1115,135069,1,0,1,22.138127,-100.920512,true,social drinker,elegant,friends,public,single,independent,1990,variety,hard-worker,Catholic,student,green,76,low,1.76,Regional,Bar,cash,yes,09:00-23:30;,Mon;Tue;Wed;Thu;Fri;
U1115,132830,2,2,2,22.138127,-100.920512,true,social drinker,elegant,friends,public,single,independent,1990,variety,hard-worker,Catholic,student,green,76,low,1.76,Regional,,,none,00:00-23:30;,Mon;Tue;Wed;Thu;Fri;
U1115,135070,1,1,1,22.138127,-100.920512,true,social drinker,elegant,friends,public,single,independent,1990,variety,hard-worker,Catholic,student,green,76,low,1.76,Regional,,cash,yes,07:00-23:00;,Mon;Tue;Wed;Thu;Fri;
U1115,135071,2,2,2,22.138127,-100.920512,true,social drinker,elegant,friends,public,single,independent,1990,variety,hard-worker,Catholic,student,green,76,low,1.76,Regional,Bar,cash,yes,13:00-23:30;,Mon;Tue;Wed;Thu;Fri;
U1072,135000,0,0,0,18.86826,-99.212033,false,casual drinker,no preference,family,public,single,independent,1984,eco-friendly,thrifty-protector,Christian,student,red,50,medium,1.54,Mexican,,cash,none,07:30-18:00;,Mon;Tue;Wed;Thu;Fri;
U1024,132834,1,1,1,22.154021,-100.976028,?,abstemious,?,?,?,?,?,1930,none,hard-worker,none,?,yellow,40,?,1.2,Afghan,Mexican,cash,public,08:30-15:00;,Mon;Tue;Wed;Thu;Fri;
U1024,135106,1,1,1,22.154021,-100.976028,?,abstemious,?,?,?,?,?,1930,none,hard-worker,none,?,yellow,40,?,1.2,Afghan,Mexican,cash,none,18:00-23:30;,Mon;Tue;Wed;Thu;Fri;
U1024,135042,1,2,1,22.154021,-100.976028,?,abstemious,?,?,?,?,?,1930,none,hard-worker,none,?,yellow,40,?,1.2,Afghan,Chinese,cash,none,11:00-21:30;,Mon;Tue;Wed;Thu;Fri;
U1024,132825,1,1,0,22.154021,-100.976028,?,abstemious,?,?,?,?,?,1930,none,hard-worker,none,?,yellow,40,?,1.2,Afghan,Mexican,cash,none,09:00-12:00;,Mon;Tue;Wed;Thu;Fri;
U1024,135060,1,0,2,22.154021,-100.976028,?,abstemious,?,?,?,?,?,1930,none,hard-worker,none,?,yellow,40,?,1.2,Afghan,Seafood,cash,none,11:30-19:00;,Mon;Tue;Wed;Thu;Fri;
U1024,135032,2,2,2,22.154021,-100.976028,?,abstemious,?,?,?,?,?,1930,none,hard-worker,none,?,yellow,40,?,1.2,Afghan,Cafeteria,cash,public,07:00-23:30;,Mon;Tue;Wed;Thu;Fri;
U1024,135039,2,2,2,22.154021,-100.976028,?,abstemious,?,?,?,?,?,1930,none,hard-worker,none,?,yellow,40,?,1.2,Afghan,Seafood,cash,yes,10:00-20:00;,Mon;Tue;Wed;Thu;Fri;
U1024,135045,2,2,0,22.154021,-100.976028,?,abstemious,?,?,?,?,?,1930,none,hard-worker,none,?,yellow,40,?,1.2,Afghan,,cash,yes,13:00-23:30;,Mon;Tue;Wed;Thu;Fri;
U1024,135027,1,2,0,22.154021,-100.976028,?,abstemious,?,?,?,?,?,1930,none,hard-worker,none,?,yellow,40,?,1.2,Afghan,Mexican,cash,none,08:00-22:00;,Mon;Tue;Wed;Thu;Fri;
U1024,135073,1,2,0,22.154021,-100.976028,?,abstemious,?,?,?,?,?,1930,none,hard-worker,none,?,yellow,40,?,1.2,Afghan,Bar,cash,yes,09:30-23:30;,Mon;Tue;Wed;Thu;Fri;
U1024,135051,1,1,0,22.154021,-100.976028,?,abstemious,?,?,?,?,?,1930,none,hard-worker,none,?,yellow,40,?,1.2,Afghan,,cash,none,08:00-23:30;,Mon;Tue;Wed;Thu;Fri;
U1024,135041,1,1,1,22.154021,-100.976028,?,abstemious,?,?,?,?,?,1930,none,hard-worker,none,?,yellow,40,?,1.2,Afghan,Bar,cash,none,00:00-00:00;,Mon;Tue;Wed;Thu;Fri;
U1024,135038,1,1,0,22.154021,-100.976028,?,abstemious,?,?,?,?,?,1930,none,hard-worker,none,?,yellow,40,?,1.2,Afghan,,cash,none,08:00-17:00;,Mon;Tue;Wed;Thu;Fri;
U1024,135028,1,1,1,22.154021,-100.976028,?,abstemious,?,?,?,?,?,1930,none,hard-worker,none,?,yellow,40,?,1.2,Afghan,Mexican,cash,none,13:00-23:30;,Mon;Tue;Wed;Thu;Fri;
U1024,135030,1,1,1,22.154021,-100.976028,?,abstemious,?,?,?,?,?,1930,none,hard-worker,none,?,yellow,40,?,1.2,Afghan,Cafe-Coffee_Shop,cash,none,00:00-00:00;,Mon;Tue;Wed;Thu;Fri;
U1132,135038,1,1,1,22.15,-100.983,false,casual drinker,informal,solitary,public,single,?,1991,none,hard-worker,none,student,blue,55,?,1.6,Mexican,,cash,none,08:00-17:00;,Mon;Tue;Wed;Thu;Fri;
U1132,132825,2,2,2,22.15,-100.983,false,casual drinker,informal,solitary,public,single,?,1991,none,hard-worker,none,student,blue,55,?,1.6,Mexican,Mexican,cash,none,09:00-12:00;,Mon;Tue;Wed;Thu;Fri;
U1132,135085,2,2,2,22.15,-100.983,false,casual drinker,informal,solitary,public,single,?,1991,none,hard-worker,none,student,blue,55,?,1.6,Mexican,Fast_Food,cash,public,00:00-00:00;,Mon;Tue;Wed;Thu;Fri;
U1132,135062,2,1,1,22.15,-100.983,false,casual drinker,informal,solitary,public,single,?,1991,none,hard-worker,none,student,blue,55,?,1.6,Mexican,,cash,yes,00:00-23:30;,Mon;Tue;Wed;Thu;Fri;
U1132,135025,1,1,2,22.15,-100.983,false,casual drinker,informal,solitary,public,single,?,1991,none,hard-worker,none,student,blue,55,?,1.6,Mexican,Mexican,cash,none,18:00-23:30;,Mon;Tue;Wed;Thu;Fri;
U1132,135052,2,2,2,22.15,-100.983,false,casual drinker,informal,solitary,public,single,?,1991,none,hard-worker,none,student,blue,55,?,1.6,Mexican,Bar,cash,none,08:00-23:30;,Mon;Tue;Wed;Thu;Fri;
U1132,135028,2,2,2,22.15,-100.983,false,casual drinker,informal,solitary,public,single,?,1991,none,hard-worker,none,student,blue,55,?,1.6,Mexican,Mexican,cash,none,13:00-23:30;,Mon;Tue;Wed;Thu;Fri;
U1132,135032,1,0,1,22.15,-100.983,false,casual drinker,informal,solitary,public,single,?,1991,none,hard-worker,none,student,blue,55,?,1.6,Mexican,Cafeteria,cash,public,07:00-23:30;,Mon;Tue;Wed;Thu;Fri;
U1132,135051,1,1,0,22.15,-100.983,false,casual drinker,informal,solitary,public,single,?,1991,none,hard-worker,none,student,blue,55,?,1.6,Mexican,,cash,none,08:00-23:30;,Mon;Tue;Wed;Thu;Fri;
U1132,135027,2,1,0,22.15,-100.983,false,casual drinker,informal,solitary,public,single,?,1991,none,hard-worker,none,student,blue,55,?,1.6,Mexican,Mexican,cash,none,08:00-22:00;,Mon;Tue;Wed;Thu;Fri;
U1005,135050,1,2,1,22.183477,-100.959891,false,abstemious,no preference,family,public,single,independent,1992,none,thrifty-protector,Catholic,student,black,65,medium,1.69,American,,cash,yes,12:00-19:30;,Mon;Tue;Wed;Thu;Fri;
U1005,135076,2,2,1,22.183477,-100.959891,false,abstemious,no preference,family,public,single,independent,1992,none,thrifty-protector,Catholic,student,black,65,medium,1.69,American,,cash,yes,12:00-23:30;,Mon;Tue;Wed;Thu;Fri;
U1005,132830,1,1,0,22.183477,-100.959891,false,abstemious,no preference,family,public,single,independent,1992,none,thrifty-protector,Catholic,student,black,65,medium,1.69,American,,,none,00:00-23:30;,Mon;Tue;Wed;Thu;Fri;
U1005,135066,2,1,1,22.183477,-100.959891,false,abstemious,no preference,family,public,single,independent,1992,none,thrifty-protector,Catholic,student,black,65,medium,1.69,American,,cash,yes,07:00-23:00;,Sat;
U1005,135041,1,1,1,22.183477,-100.959891,false,abstemious,no preference,family,public,single,independent,1992,none,thrifty-protector,Catholic,student,black,65,medium,1.69,American,Bar,cash,none,00:00-00:00;,Mon;Tue;Wed;Thu;Fri;
U1005,135057,1,2,1,22.183477,-100.959891,false,abstemious,no preference,family,public,single,independent,1992,none,thrifty-protector,Catholic,student,black,65,medium,1.69,American,Bar,cash,yes,13:00-23:00;,Mon;Tue;Wed;Thu;Fri;
U1005,135043,0,2,0,22.183477,-100.959891,false,abstemious,no preference,family,public,single,independent,1992,none,thrifty-protector,Catholic,student,black,65,medium,1.69,American,Fast_Food,cash,none,00:00-00:00;,Mon;Tue;Wed;Thu;Fri;
U1005,135042,2,1,2,22.183477,-100.959891,false,abstemious,no preference,family,public,single,independent,1992,none,thrifty-protector,Catholic,student,black,65,medium,1.69,American,Chinese,cash,none,11:00-21:30;,Mon;Tue;Wed;Thu;Fri;
U1005,135032,2,1,2,22.183477,-100.959891,false,abstemious,no preference,family,public,single,independent,1992,none,thrifty-protector,Catholic,student,black,65,medium,1.69,American,Cafeteria,cash,public,07:00-23:30;,Mon;Tue;Wed;Thu;Fri;
U1120,135085,0,0,0,22.121857,-100.904279,false,abstemious,informal,friends,public,single,independent,1930,variety,hard-worker,none,student,green,47,low,1.57,Mexican,Fast_Food,cash,public,00:00-00:00;,Mon;Tue;Wed;Thu;Fri;
U1120,132845,1,0,2,22.121857,-100.904279,false,abstemious,informal,friends,public,single,independent,1930,variety,hard-worker,none,student,green,47,low,1.57,Mexican,Mexican,cash,none,19:30-23:30;,Mon;Tue;Wed;Thu;Fri;
U1120,135032,1,1,1,22.121857,-100.904279,false,abstemious,informal,friends,public,single,independent,1930,variety,hard-worker,none,student,green,47,low,1.57,Mexican,Cafeteria,cash,public,07:00-23:30;,Mon;Tue;Wed;Thu;Fri;
U1120,135045,1,2,2,22.121857,-100.904279,false,abstemious,informal,friends,public,single,independent,1930,variety,hard-worker,none,student,green,47,low,1.57,Mexican,,cash,yes,13:00-23:30;,Mon;Tue;Wed;Thu;Fri;
U1120,135038,0,0,0,22.121857,-100.904279,false,abstemious,informal,friends,public,single,independent,1930,variety,hard-worker,none,student,green,47,low,1.57,Mexican,,cash,none,08:00-17:00;,Mon;Tue;Wed;Thu;Fri;
U1004,135060,1,1,1,18.867,-99.183,false,abstemious,informal,family,public,single,independent,1940,variety,hard-worker,none,professional,green,44,medium,1.53,Bakery,Seafood,cash,none,11:30-19:00;,Mon;Tue;Wed;Thu;Fri;
U1004,135028,2,2,2,18.867,-99.183,false,abstemious,informal,family,public,single,independent,1940,variety,hard-worker,none,professional,green,44,medium,1.53,Bakery,Mexican,cash,none,13:00-23:30;,Mon;Tue;Wed;Thu;Fri;
U1004,135106,2,2,2,18.867,-99.183,false,abstemious,informal,family,public,single,independent,1940,variety,hard-worker,none,professional,green,44,medium,1.53,Bakery,Mexican,cash,none,18:00-23:30;,Mon;Tue;Wed;Thu;Fri;
U1120,135057,2,2,2,22.121857,-100.904279,false,abstemious,informal,friends,public,single,independent,1930,variety,hard-worker,none,student,green,47,low,1.57,Mexican,Bar,cash,yes,13:00-23:00;,Mon;Tue;Wed;Thu;Fri;
U1004,135062,2,2,1,18.867,-99.183,false,abstemious,informal,family,public,single,independent,1940,variety,hard-worker,none,professional,green,44,medium,1.53,Bakery,,cash,yes,00:00-23:30;,Mon;Tue;Wed;Thu;Fri;
U1120,135026,1,1,1,22.121857,-100.904279,false,abstemious,informal,friends,public,single,independent,1930,variety,hard-worker,none,student,green,47,low,1.57,Mexican,Bar,,none,13:30-23:30;,Mon;Tue;Wed;Thu;Fri;
U1004,135032,2,2,2,18.867,-99.183,false,abstemious,informal,family,public,single,independent,1940,variety,hard-worker,none,professional,green,44,medium,1.53,Bakery,Cafeteria,cash,public,07:00-23:30;,Mon;Tue;Wed;Thu;Fri;
U1120,132846,2,2,1,22.121857,-100.904279,false,abstemious,informal,friends,public,single,independent,1930,variety,hard-worker,none,student,green,47,low,1.57,Mexican,International,cash,none,08:00-23:30;,Mon;Tue;Wed;Thu;Fri;
U1077,135027,0,1,1,22.156469,-100.98554,false,social drinker,elegant,family,public,married,kids,1987,technology,thrifty-protector,Catholic,student,blue,65,medium,1.71,Mexican,Mexican,cash,none,08:00-22:00;,Mon;Tue;Wed;Thu;Fri;
U1120,132847,2,2,2,22.121857,-100.904279,false,abstemious,informal,friends,public,single,independent,1930,variety,hard-worker,none,student,green,47,low,1.57,Mexican,,cash,none,20:00-01:30;,Mon;Tue;Wed;Thu;Fri;
U1037,135054,2,1,1,22.15031,-100.900536,false,social drinker,no preference,family,public,single,independent,1990,variety,thrifty-protector,Catholic,student,blue,52,low,1.5,Mexican,Seafood,cash,yes,07:00-19:00;,Mon;Tue;Wed;Thu;Fri;
U1037,135082,0,0,0,22.15031,-100.900536,false,social drinker,no preference,family,public,single,independent,1990,variety,thrifty-protector,Catholic,student,blue,52,low,1.5,Mexican,,cash,none,10:00-18:00;,Mon;Tue;Wed;Thu;Fri;
U1037,135070,0,0,0,22.15031,-100.900536,false,social drinker,no preference,family,public,single,independent,1990,variety,thrifty-protector,Catholic,student,blue,52,low,1.5,Mexican,,cash,yes,07:00-23:00;,Mon;Tue;Wed;Thu;Fri;
U1037,132845,0,0,0,22.15031,-100.900536,false,social drinker,no preference,family,public,single,independent,1990,variety,thrifty-protector,Catholic,student,blue,52,low,1.5,Mexican,Mexican,cash,none,19:30-23:30;,Mon;Tue;Wed;Thu;Fri;
U1037,135108,2,2,2,22.15031,-100.900536,false,social drinker,no preference,family,public,single,independent,1990,variety,thrifty-protector,Catholic,student,blue,52,low,1.5,Mexican,,,none,00:00-23:30;,Mon;Tue;Wed;Thu;Fri;
U1037,132847,1,1,1,22.15031,-100.900536,false,social drinker,no preference,family,public,single,independent,1990,variety,thrifty-protector,Catholic,student,blue,52,low,1.5,Mexican,,cash,none,20:00-01:30;,Mon;Tue;Wed;Thu;Fri;
U1037,132830,2,2,2,22.15031,-100.900536,false,social drinker,no preference,family,public,single,independent,1990,variety,thrifty-protector,Catholic,student,blue,52,low,1.5,Mexican,,,none,00:00-23:30;,Mon;Tue;Wed;Thu;Fri;
U1035,135000,2,2,2,18.839671,-99.223897,true,casual drinker,no preference,friends,car owner,single,independent,1985,variety,hunter-ostentatious,none,student,red,69,medium,1.75,Family,,cash,none,07:30-18:00;,Mon;Tue;Wed;Thu;Fri;
U1035,134996,2,1,2,18.839671,-99.223897,true,casual drinker,no preference,friends,car owner,single,independent,1985,variety,hunter-ostentatious,none,student,red,69,medium,1.75,Family,,cash,yes,07:00-23:00;,Mon;Tue;Wed;Thu;Fri;
U1035,134986,2,2,2,18.839671,-99.223897,true,casual drinker,no preference,friends,car owner,single,independent,1985,variety,hunter-ostentatious,none,student,red,69,medium,1.75,Family,International,,yes,00:00-23:30;,Mon;Tue;Wed;Thu;Fri;
U1052,132851,1,0,2,22.138055,-100.936005,true,social drinker,no preference,family,on foot,single,independent,1990,none,conformist,Catholic,student,blue,85,low,1.8,Bakery,American,cash,yes,09:00-22:00;,Mon;Tue;Wed;Thu;Fri;
U1036,132834,1,2,2,22.160572,-100.989418,false,social drinker,informal,family,public,single,independent,1991,none,hard-worker,Catholic,student,blue,76,medium,1.7,Mexican,Mexican,cash,public,08:30-15:00;,Mon;Tue;Wed;Thu;Fri;
U1036,135064,2,2,1,22.160572,-100.989418,false,social drinker,informal,family,public,single,independent,1991,none,hard-worker,Catholic,student,blue,76,medium,1.7,Mexican,,cash,yes,07:00-22:30;,Mon;Tue;Wed;Thu;Fri;
U1036,135079,2,2,2,22.160572,-100.989418,false,social drinker,informal,family,public,single,independent,1991,none,hard-worker,Catholic,student,blue,76,medium,1.7,Mexican,Chinese,cash,none,13:00-22:30;,Mon;Tue;Wed;Thu;Fri;
U1036,135042,2,2,2,22.160572,-100.989418,false,social drinker,informal,family,public,single,independent,1991,none,hard-worker,Catholic,student,blue,76,medium,1.7,Mexican,Chinese,cash,none,11:00-21:30;,Mon;Tue;Wed;Thu;Fri;
U1036,135085,2,2,2,22.160572,-100.989418,false,social drinker,informal,family,public,single,independent,1991,none,hard-worker,Catholic,student,blue,76,medium,1.7,Mexican,Fast_Food,cash,public,00:00-00:00;,Mon;Tue;Wed;Thu;Fri;
U1036,135025,2,2,2,22.160572,-100.989418,false,social drinker,informal,family,public,single,independent,1991,none,hard-worker,Catholic,student,blue,76,medium,1.7,Mexican,Mexican,cash,none,18:00-23:30;,Mon;Tue;Wed;Thu;Fri;
U1036,132825,2,2,2,22.160572,-100.989418,false,social drinker,informal,family,public,single,independent,1991,none,hard-worker,Catholic,student,blue,76,medium,1.7,Mexican,Mexican,cash,none,09:00-12:00;,Mon;Tue;Wed;Thu;Fri;
U1036,135059,2,2,2,22.160572,-100.989418,false,social drinker,informal,family,public,single,independent,1991,none,hard-worker,Catholic,student,blue,76,medium,1.7,Mexican,Bar,cash,yes,12:00-23:30;,Mon;Tue;Wed;Thu;Fri;
U1036,135052,2,2,2,22.160572,-100.989418,false,social drinker,informal,family,public,single,independent,1991,none,hard-worker,Catholic,student,blue,76,medium,1.7,Mexican,Bar,cash,none,08:00-23:30;,Mon;Tue;Wed;Thu;Fri;
U1036,132754,2,2,2,22.160572,-100.989418,false,social drinker,informal,family,public,single,independent,1991,none,hard-worker,Catholic,student,blue,76,medium,1.7,Mexican,Mexican,cash,none,08:00-20:00;,Mon;Tue;Wed;Thu;Fri;
U1036,135065,0,0,0,22.160572,-100.989418,false,social drinker,informal,family,public,single,independent,1991,none,hard-worker,Catholic,student,blue,76,medium,1.7,Mexican,,cash,none,14:00-23:30;,Mon;Tue;Wed;Thu;Fri;
U1036,135045,2,2,2,22.160572,-100.989418,false,social drinker,informal,family,public,single,independent,1991,none,hard-worker,Catholic,student,blue,76,medium,1.7,Mexican,,cash,yes,13:00-23:30;,Mon;Tue;Wed;Thu;Fri;
U1038,132854,1,2,2,22.125786,-100.943705,true,social drinker,no preference,family,public,single,independent,1930,variety,thrifty-protector,Catholic,student,blue,97,low,1.83,Mexican,International,cash,yes,10:30-22:00;,Mon;Tue;Wed;Thu;Fri;
U1038,132856,0,1,1,22.125786,-100.943705,true,social drinker,no preference,family,public,single,independent,1930,variety,thrifty-protector,Catholic,student,blue,97,low,1.83,Mexican,Italian,cash,none,10:30-22:30;,Mon;Tue;Wed;Thu;Fri;
U1038,132858,0,2,1,22.125786,-100.943705,true,social drinker,no preference,family,public,single,independent,1930,variety,thrifty-protector,Catholic,student,blue,97,low,1.83,Mexican,Burgers,cash,none,18:30-23:30;,Mon;Tue;Wed;Thu;Fri;
U1038,132861,1,1,2,22.125786,-100.943705,true,social drinker,no preference,family,public,single,independent,1930,variety,thrifty-protector,Catholic,student,blue,97,low,1.83,Mexican,Burgers,cash,yes,10:00-23:30;,Mon;Tue;Wed;Thu;Fri;
U1038,132862,2,2,2,22.125786,-100.943705,true,social drinker,no preference,family,public,single,independent,1930,variety,thrifty-protector,Catholic,student,blue,97,low,1.83,Mexican,International,cash,valet parking,09:30-23:30;,Mon;Tue;Wed;Thu;Fri;
U1071,132862,2,2,2,22.154339,-100.975342,false,abstemious,formal,friends,car owner,single,independent,1930,none,hunter-ostentatious,none,student,blue,40,high,1.73,Mexican,International,cash,valet parking,09:30-23:30;,Mon;Tue;Wed;Thu;Fri;
U1071,135063,2,1,2,22.154339,-100.975342,false,abstemious,formal,friends,car owner,single,independent,1930,none,hunter-ostentatious,none,student,blue,40,high,1.73,Mexican,,cash,none,08:30-19:30;,Mon;Tue;Wed;Thu;Fri;
U1071,135052,2,2,2,22.154339,-100.975342,false,abstemious,formal,friends,car owner,single,independent,1930,none,hunter-ostentatious,none,student,blue,40,high,1.73,Mexican,Bar,cash,none,08:00-23:30;,Mon;Tue;Wed;Thu;Fri;
U1071,135060,1,2,2,22.154339,-100.975342,false,abstemious,formal,friends,car owner,single,independent,1930,none,hunter-ostentatious,none,student,blue,40,high,1.73,Mexican,Seafood,cash,none,11:30-19:00;,Mon;Tue;Wed;Thu;Fri;
U1071,135042,2,2,2,22.154339,-100.975342,false,abstemious,formal,friends,car owner,single,independent,1930,none,hunter-ostentatious,none,student,blue,40,high,1.73,Mexican,Chinese,cash,none,11:00-21:30;,Mon;Tue;Wed;Thu;Fri;
U1071,132825,2,2,2,22.154339,-100.975342,false,abstemious,formal,friends,car owner,single,independent,1930,none,hunter-ostentatious,none,student,blue,40,high,1.73,Mexican,Mexican,cash,none,09:00-12:00;,Mon;Tue;Wed;Thu;Fri;
U1071,132856,2,2,2,22.154339,-100.975342,false,abstemious,formal,friends,car owner,single,independent,1930,none,hunter-ostentatious,none,student,blue,40,high,1.73,Mexican,Italian,cash,none,10:30-22:30;,Mon;Tue;Wed;Thu;Fri;
U1071,135032,2,2,2,22.154339,-100.975342,false,abstemious,formal,friends,car owner,single,independent,1930,none,hunter-ostentatious,none,student,blue,40,high,1.73,Mexican,Cafeteria,cash,public,07:00-23:30;,Mon;Tue;Wed;Thu;Fri;
U1071,132834,1,1,1,22.154339,-100.975342,false,abstemious,formal,friends,car owner,single,independent,1930,none,hunter-ostentatious,none,student,blue,40,high,1.73,Mexican,Mexican,cash,public,08:30-15:00;,Mon;Tue;Wed;Thu;Fri;
U1071,135039,2,2,2,22.154339,-100.975342,false,abstemious,formal,friends,car owner,single,independent,1930,none,hunter-ostentatious,none,student,blue,40,high,1.73,Mexican,Seafood,cash,yes,10:00-20:00;,Mon;Tue;Wed;Thu;Fri;
U1071,135028,2,2,2,22.154339,-100.975342,false,abstemious,formal,friends,car owner,single,independent,1930,none,hunter-ostentatious,none,student,blue,40,high,1.73,Mexican,Mexican,cash,none,13:00-23:30;,Mon;Tue;Wed;Thu;Fri;
U1071,135025,2,2,2,22.154339,-100.975342,false,abstemious,formal,friends,car owner,single,independent,1930,none,hunter-ostentatious,none,student,blue,40,high,1.73,Mexican,Mexican,cash,none,18:00-23:30;,Mon;Tue;Wed;Thu;Fri;
U1071,135030,2,2,2,22.154339,-100.975342,false,abstemious,formal,friends,car owner,single,independent,1930,none,hunter-ostentatious,none,student,blue,40,high,1.73,Mexican,Cafe-Coffee_Shop,cash,none,00:00-00:00;,Mon;Tue;Wed;Thu;Fri;
U1114,135053,0,0,0,22.177726,-101.014094,false,abstemious,no preference,family,on foot,single,independent,1991,variety,hard-worker,Catholic,student,blue,58,medium,1.68,Mexican,Cafeteria,cash,yes,11:00-22:00;,Mon;Tue;Wed;Thu;Fri;
U1084,135058,1,0,2,22.172524,-101.005758,true,casual drinker,formal,family,public,single,independent,1991,variety,thrifty-protector,Catholic,student,red,65,medium,1.6,Mexican,Pizzeria,cash,public,13:00-23:00;,Mon;Tue;Wed;Thu;Fri;
U1084,132862,2,2,2,22.172524,-101.005758,true,casual drinker,formal,family,public,single,independent,1991,variety,thrifty-protector,Catholic,student,red,65,medium,1.6,Mexican,International,cash,valet parking,09:30-23:30;,Mon;Tue;Wed;Thu;Fri;
U1084,135072,2,2,2,22.172524,-101.005758,true,casual drinker,formal,family,public,single,independent,1991,variety,thrifty-protector,Catholic,student,red,65,medium,1.6,Mexican,Japanese,cash,none,13:00-23:00;,Mon;Tue;Wed;Thu;Fri;
U1084,135030,2,2,2,22.172524,-101.005758,true,casual drinker,formal,family,public,single,independent,1991,variety,thrifty-protector,Catholic,student,red,65,medium,1.6,Mexican,Cafe-Coffee_Shop,cash,none,00:00-00:00;,Mon;Tue;Wed;Thu;Fri;
U1084,135026,2,2,2,22.172524,-101.005758,true,casual drinker,formal,family,public,single,independent,1991,variety,thrifty-protector,Catholic,student,red,65,medium,1.6,Mexican,Bar,,none,13:30-23:30;,Mon;Tue;Wed;Thu;Fri;
U1084,135035,2,2,2,22.172524,-101.005758,true,casual drinker,formal,family,public,single,independent,1991,variety,thrifty-protector,Catholic,student,red,65,medium,1.6,Mexican,Italian,cash,yes,13:30-23:30;,Mon;Tue;Wed;Thu;Fri;
U1084,135045,2,2,2,22.172524,-101.005758,true,casual drinker,formal,family,public,single,independent,1991,variety,thrifty-protector,Catholic,student,red,65,medium,1.6,Mexican,,cash,yes,13:00-23:30;,Mon;Tue;Wed;Thu;Fri;
U1084,132861,2,2,2,22.172524,-101.005758,true,casual drinker,formal,family,public,single,independent,1991,variety,thrifty-protector,Catholic,student,red,65,medium,1.6,Mexican,Burgers,cash,yes,10:00-23:30;,Mon;Tue;Wed;Thu;Fri;
U1084,135085,2,2,2,22.172524,-101.005758,true,casual drinker,formal,family,public,single,independent,1991,variety,thrifty-protector,Catholic,student,red,65,medium,1.6,Mexican,Fast_Food,cash,public,00:00-00:00;,Mon;Tue;Wed;Thu;Fri;
U1084,132723,1,0,1,22.172524,-101.005758,true,casual drinker,formal,family,public,single,independent,1991,variety,thrifty-protector,Catholic,student,red,65,medium,1.6,Mexican,Mexican,cash,public,06:30-15:00;,Mon;Tue;Wed;Thu;Fri;
U1049,132825,0,0,0,22.15,-100.983,false,casual drinker,informal,solitary,public,single,?,1991,none,hard-worker,none,student,blue,55,?,1.6,Mexican,Mexican,cash,none,09:00-12:00;,Mon;Tue;Wed;Thu;Fri;
U1049,135041,0,0,0,22.15,-100.983,false,casual drinker,informal,solitary,public,single,?,1991,none,hard-worker,none,student,blue,55,?,1.6,Mexican,Bar,cash,none,00:00-00:00;,Mon;Tue;Wed;Thu;Fri;
U1019,132830,0,0,0,22.153385,-100.975294,false,casual drinker,no preference,family,public,single,independent,1989,variety,thrifty-protector,Catholic,student,purple,59,medium,1.6,Family,,,none,00:00-23:30;,Mon;Tue;Wed;Thu;Fri;
U1019,135076,0,0,0,22.153385,-100.975294,false,casual drinker,no preference,family,public,single,independent,1989,variety,thrifty-protector,Catholic,student,purple,59,medium,1.6,Family,,cash,yes,12:00-23:30;,Mon;Tue;Wed;Thu;Fri;
U1019,135038,0,0,0,22.153385,-100.975294,false,casual drinker,no preference,family,public,single,independent,1989,variety,thrifty-protector,Catholic,student,purple,59,medium,1.6,Family,,cash,none,08:00-17:00;,Mon;Tue;Wed;Thu;Fri;
U1019,132856,0,0,0,22.153385,-100.975294,false,casual drinker,no preference,family,public,single,independent,1989,variety,thrifty-protector,Catholic,student,purple,59,medium,1.6,Family,Italian,cash,none,10:30-22:30;,Mon;Tue;Wed;Thu;Fri;
U1069,135070,0,0,0,19.347641,-99.130229,false,social drinker,no preference,family,public,single,independent,1983,variety,thrifty-protector,Catholic,professional,black,60,medium,1.56,Mexican,,cash,yes,07:00-23:00;,Mon;Tue;Wed;Thu;Fri;
U1069,135082,0,0,0,19.347641,-99.130229,false,social drinker,no preference,family,public,single,independent,1983,variety,thrifty-protector,Catholic,professional,black,60,medium,1.56,Mexican,,cash,none,10:00-18:00;,Mon;Tue;Wed;Thu;Fri;
U1069,135108,0,0,0,19.347641,-99.130229,false,social drinker,no preference,family,public,single,independent,1983,variety,thrifty-protector,Catholic,professional,black,60,medium,1.56,Mexican,,,none,00:00-23:30;,Mon;Tue;Wed;Thu;Fri;
U1069,132858,0,0,0,19.347641,-99.130229,false,social drinker,no preference,family,public,single,independent,1983,variety,thrifty-protector,Catholic,professional,black,60,medium,1.56,Mexican,Burgers,cash,none,18:30-23:30;,Mon;Tue;Wed;Thu;Fri;
U1069,135069,0,0,0,19.347641,-99.130229,false,social drinker,no preference,family,public,single,independent,1983,variety,thrifty-protector,Catholic,professional,black,60,medium,1.56,Mexican,Bar,cash,yes,09:00-23:30;,Mon;Tue;Wed;Thu;Fri;
U1069,132846,0,0,0,19.347641,-99.130229,false,social drinker,no preference,family,public,single,independent,1983,variety,thrifty-protector,Catholic,professional,black,60,medium,1.56,Mexican,International,cash,none,08:00-23:30;,Mon;Tue;Wed;Thu;Fri;
U1069,132845,0,0,0,19.347641,-99.130229,false,social drinker,no preference,family,public,single,independent,1983,variety,thrifty-protector,Catholic,professional,black,60,medium,1.56,Mexican,Mexican,cash,none,19:30-23:30;,Mon;Tue;Wed;Thu;Fri;
U1069,132851,1,0,0,19.347641,-99.130229,false,social drinker,no preference,family,public,single,independent,1983,variety,thrifty-protector,Catholic,professional,black,60,medium,1.56,Mexican,American,cash,yes,09:00-22:00;,Mon;Tue;Wed;Thu;Fri;
U1069,132847,0,2,0,19.347641,-99.130229,false,social drinker,no preference,family,public,single,independent,1983,variety,thrifty-protector,Catholic,professional,black,60,medium,1.56,Mexican,,cash,none,20:00-01:30;,Mon;Tue;Wed;Thu;Fri;
U1113,135038,1,2,0,22.137343,-100.913935,false,casual drinker,formal,family,public,single,independent,1990,none,thrifty-protector,Catholic,student,blue,75,medium,1.73,Burgers,,cash,none,08:00-17:00;,Mon;Tue;Wed;Thu;Fri;
U1113,135057,2,2,1,22.137343,-100.913935,false,casual drinker,formal,family,public,single,independent,1990,none,thrifty-protector,Catholic,student,blue,75,medium,1.73,Burgers,Bar,cash,yes,13:00-23:00;,Mon;Tue;Wed;Thu;Fri;
U1113,135085,1,2,1,22.137343,-100.913935,false,casual drinker,formal,family,public,single,independent,1990,none,thrifty-protector,Catholic,student,blue,75,medium,1.73,Burgers,Fast_Food,cash,public,00:00-00:00;,Mon;Tue;Wed;Thu;Fri;
U1113,135032,0,0,0,22.137343,-100.913935,false,casual drinker,formal,family,public,single,independent,1990,none,thrifty-protector,Catholic,student,blue,75,medium,1.73,Burgers,Cafeteria,cash,public,07:00-23:30;,Mon;Tue;Wed;Thu;Fri;
U1113,135079,1,2,1,22.137343,-100.913935,false,casual drinker,formal,family,public,single,independent,1990,none,thrifty-protector,Catholic,student,blue,75,medium,1.73,Burgers,Chinese,cash,none,13:00-22:30;,Mon;Tue;Wed;Thu;Fri;
U1113,135046,2,2,1,22.137343,-100.913935,false,casual drinker,formal,family,public,single,independent,1990,none,thrifty-protector,Catholic,student,blue,75,medium,1.73,Burgers,Fast_Food,cash,yes,08:30-21:00;,Mon;Tue;Wed;Thu;Fri;
U1113,132856,0,1,0,22.137343,-100.913935,false,casual drinker,formal,family,public,single,independent,1990,none,thrifty-protector,Catholic,student,blue,75,medium,1.73,Burgers,Italian,cash,none,10:30-22:30;,Mon;Tue;Wed;Thu;Fri;
U1113,132854,0,0,0,22.137343,-100.913935,false,casual drinker,formal,family,public,single,independent,1990,none,thrifty-protector,Catholic,student,blue,75,medium,1.73,Burgers,International,cash,yes,10:30-22:00;,Mon;Tue;Wed;Thu;Fri;
U1104,135039,0,0,1,22.149005,-100.978153,true,social drinker,no preference,family,car owner,single,independent,1991,technology,hunter-ostentatious,Catholic,student,blue,75,medium,1.71,Italian,Seafood,cash,yes,10:00-20:00;,Mon;Tue;Wed;Thu;Fri;
U1104,132825,1,2,1,22.149005,-100.978153,true,social drinker,no preference,family,car owner,single,independent,1991,technology,hunter-ostentatious,Catholic,student,blue,75,medium,1.71,Italian,Mexican,cash,none,09:00-12:00;,Mon;Tue;Wed;Thu;Fri;
U1104,135085,2,2,1,22.149005,-100.978153,true,social drinker,no preference,family,car owner,single,independent,1991,technology,hunter-ostentatious,Catholic,student,blue,75,medium,1.71,Italian,Fast_Food,cash,public,00:00-00:00;,Mon;Tue;Wed;Thu;Fri;
U1104,135030,2,1,1,22.149005,-100.978153,true,social drinker,no preference,family,car owner,single,independent,1991,technology,hunter-ostentatious,Catholic,student,blue,75,medium,1.71,Italian,Cafe-Coffee_Shop,cash,none,00:00-00:00;,Mon;Tue;Wed;Thu;Fri;
U1104,135062,1,1,2,22.149005,-100.978153,true,social drinker,no preference,family,car owner,single,independent,1991,technology,hunter-ostentatious,Catholic,student,blue,75,medium,1.71,Italian,,cash,yes,00:00-23:30;,Mon;Tue;Wed;Thu;Fri;
U1106,135047,0,0,0,18.927072,-99.173584,false,casual drinker,informal,friends,car owner,single,independent,1930,technology,hard-worker,Catholic,professional,blue,65,medium,1.71,Barbecue,,cash,yes,08:00-23:30;,Mon;Tue;Wed;Thu;Fri;
U1106,135052,0,0,0,18.927072,-99.173584,false,casual drinker,informal,friends,car owner,single,independent,1930,technology,hard-worker,Catholic,professional,blue,65,medium,1.71,Barbecue,Bar,cash,none,08:00-23:30;,Mon;Tue;Wed;Thu;Fri;
U1104,132834,1,2,1,22.149005,-100.978153,true,social drinker,no preference,family,car owner,single,independent,1991,technology,hunter-ostentatious,Catholic,student,blue,75,medium,1.71,Italian,Mexican,cash,public,08:30-15:00;,Mon;Tue;Wed;Thu;Fri;
U1106,135106,0,0,0,18.927072,-99.173584,false,casual drinker,informal,friends,car owner,single,independent,1930,technology,hard-worker,Catholic,professional,blue,65,medium,1.71,Barbecue,Mexican,cash,none,18:00-23:30;,Mon;Tue;Wed;Thu;Fri;
U1106,132754,2,2,1,18.927072,-99.173584,false,casual drinker,informal,friends,car owner,single,independent,1930,technology,hard-worker,Catholic,professional,blue,65,medium,1.71,Barbecue,Mexican,cash,none,08:00-20:00;,Mon;Tue;Wed;Thu;Fri;
U1104,135052,1,1,1,22.149005,-100.978153,true,social drinker,no preference,family,car owner,single,independent,1991,technology,hunter-ostentatious,Catholic,student,blue,75,medium,1.71,Italian,Bar,cash,none,08:00-23:30;,Mon;Tue;Wed;Thu;Fri;
U1106,132856,0,1,0,18.927072,-99.173584,false,casual drinker,informal,friends,car owner,single,independent,1930,technology,hard-worker,Catholic,professional,blue,65,medium,1.71,Barbecue,Italian,cash,none,10:30-22:30;,Mon;Tue;Wed;Thu;Fri;
U1104,135032,2,1,1,22.149005,-100.978153,true,social drinker,no preference,family,car owner,single,independent,1991,technology,hunter-ostentatious,Catholic,student,blue,75,medium,1.71,Italian,Cafeteria,cash,public,07:00-23:30;,Mon;Tue;Wed;Thu;Fri;
U1104,135025,2,1,1,22.149005,-100.978153,true,social drinker,no preference,family,car owner,single,independent,1991,technology,hunter-ostentatious,Catholic,student,blue,75,medium,1.71,Italian,Mexican,cash,none,18:00-23:30;,Mon;Tue;Wed;Thu;Fri;
U1106,132834,2,1,1,18.927072,-99.173584,false,casual drinker,informal,friends,car owner,single,independent,1930,technology,hard-worker,Catholic,professional,blue,65,medium,1.71,Barbecue,Mexican,cash,public,08:30-15:00;,Mon;Tue;Wed;Thu;Fri;
U1104,135047,1,2,1,22.149005,-100.978153,true,social drinker,no preference,family,car owner,single,independent,1991,technology,hunter-ostentatious,Catholic,student,blue,75,medium,1.71,Italian,,cash,yes,08:00-23:30;,Mon;Tue;Wed;Thu;Fri;
U1106,135042,2,0,0,18.927072,-99.173584,false,casual drinker,informal,friends,car owner,single,independent,1930,technology,hard-worker,Catholic,professional,blue,65,medium,1.71,Barbecue,Chinese,cash,none,11:00-21:30;,Mon;Tue;Wed;Thu;Fri;
U1106,135039,2,1,1,18.927072,-99.173584,false,casual drinker,informal,friends,car owner,single,independent,1930,technology,hard-worker,Catholic,professional,blue,65,medium,1.71,Barbecue,Seafood,cash,yes,10:00-20:00;,Mon;Tue;Wed;Thu;Fri;
U1052,132866,2,2,1,22.138055,-100.936005,true,social drinker,no preference,family,on foot,single,independent,1990,none,conformist,Catholic,student,blue,85,low,1.8,Bakery,Bakery,cash,yes,09:00-22:00;,Mon;Tue;Wed;Thu;Fri;
U1106,135066,2,1,2,18.927072,-99.173584,false,casual drinker,informal,friends,car owner,single,independent,1930,technology,hard-worker,Catholic,professional,blue,65,medium,1.71,Barbecue,,cash,yes,07:00-23:00;,Sat;
U1106,135085,2,2,2,18.927072,-99.173584,false,casual drinker,informal,friends,car owner,single,independent,1930,technology,hard-worker,Catholic,professional,blue,65,medium,1.71,Barbecue,Fast_Food,cash,public,00:00-00:00;,Mon;Tue;Wed;Thu;Fri;
U1104,135033,1,1,2,22.149005,-100.978153,true,social drinker,no preference,family,car owner,single,independent,1991,technology,hunter-ostentatious,Catholic,student,blue,75,medium,1.71,Italian,,cash,none,09:00-21:00;,Mon;Tue;Wed;Thu;Fri;
U1106,135062,2,2,1,18.927072,-99.173584,false,casual drinker,informal,friends,car owner,single,independent,1930,technology,hard-worker,Catholic,professional,blue,65,medium,1.71,Barbecue,,cash,yes,00:00-23:30;,Mon;Tue;Wed;Thu;Fri;
U1106,132862,2,2,2,18.927072,-99.173584,false,casual drinker,informal,friends,car owner,single,independent,1930,technology,hard-worker,Catholic,professional,blue,65,medium,1.71,Barbecue,International,cash,valet parking,09:30-23:30;,Mon;Tue;Wed;Thu;Fri;
U1106,135030,2,2,1,18.927072,-99.173584,false,casual drinker,informal,friends,car owner,single,independent,1930,technology,hard-worker,Catholic,professional,blue,65,medium,1.71,Barbecue,Cafe-Coffee_Shop,cash,none,00:00-00:00;,Mon;Tue;Wed;Thu;Fri;
U1106,135079,2,2,2,18.927072,-99.173584,false,casual drinker,informal,friends,car owner,single,independent,1930,technology,hard-worker,Catholic,professional,blue,65,medium,1.71,Barbecue,Chinese,cash,none,13:00-22:30;,Mon;Tue;Wed;Thu;Fri;
U1106,135064,2,2,2,18.927072,-99.173584,false,casual drinker,informal,friends,car owner,single,independent,1930,technology,hard-worker,Catholic,professional,blue,65,medium,1.71,Barbecue,,cash,yes,07:00-22:30;,Mon;Tue;Wed;Thu;Fri;
U1052,132869,2,2,1,22.138055,-100.936005,true,social drinker,no preference,family,on foot,single,independent,1990,none,conformist,Catholic,student,blue,85,low,1.8,Bakery,Pizzeria,cash,yes,10:00-23:00;,Mon;Tue;Wed;Thu;Fri;
U1052,132870,1,1,1,22.138055,-100.936005,true,social drinker,no preference,family,on foot,single,independent,1990,none,conformist,Catholic,student,blue,85,low,1.8,Bakery,Burgers,cash,none,10:30-23:00;,Mon;Tue;Wed;Thu;Fri;
U1104,135041,1,2,1,22.149005,-100.978153,true,social drinker,no preference,family,car owner,single,independent,1991,technology,hunter-ostentatious,Catholic,student,blue,75,medium,1.71,Italian,Bar,cash,none,00:00-00:00;,Mon;Tue;Wed;Thu;Fri;
U1079,134986,2,2,2,18.917,-99.25,false,abstemious,formal,family,public,single,independent,1992,technology,thrifty-protector,Catholic,?,black,53,medium,1.55,Mexican,International,,yes,00:00-23:30;,Mon;Tue;Wed;Thu;Fri;
U1079,134976,1,1,0,18.917,-99.25,false,abstemious,formal,family,public,single,independent,1992,technology,thrifty-protector,Catholic,?,black,53,medium,1.55,Mexican,Mexican,VISA,yes,,
U1079,132768,2,2,2,18.917,-99.25,false,abstemious,formal,family,public,single,independent,1992,technology,thrifty-protector,Catholic,?,black,53,medium,1.55,Mexican,Family,cash,none,09:00-19:00;,Mon;Tue;Wed;Thu;Fri;
U1079,132766,1,2,1,18.917,-99.25,false,abstemious,formal,family,public,single,independent,1992,technology,thrifty-protector,Catholic,?,black,53,medium,1.55,Mexican,Japanese,cash,yes,00:00-23:30;,Mon;Tue;Wed;Thu;Fri;
U1045,132825,2,1,1,22.156724,-100.984268,false,casual drinker,elegant,friends,car owner,single,independent,1991,technology,thrifty-protector,Mormon,student,orange,68,high,1.6,Middle_Eastern,Mexican,cash,none,09:00-12:00;,Mon;Tue;Wed;Thu;Fri;
U1045,135064,0,0,0,22.156724,-100.984268,false,casual drinker,elegant,friends,car owner,single,independent,1991,technology,thrifty-protector,Mormon,student,orange,68,high,1.6,Middle_Eastern,,cash,yes,07:00-22:30;,Mon;Tue;Wed;Thu;Fri;
U1045,132856,1,2,2,22.156724,-100.984268,false,casual drinker,elegant,friends,car owner,single,independent,1991,technology,thrifty-protector,Mormon,student,orange,68,high,1.6,Middle_Eastern,Italian,cash,none,10:30-22:30;,Mon;Tue;Wed;Thu;Fri;
U1045,135085,2,2,2,22.156724,-100.984268,false,casual drinker,elegant,friends,car owner,single,independent,1991,technology,thrifty-protector,Mormon,student,orange,68,high,1.6,Middle_Eastern,Fast_Food,cash,public,00:00-00:00;,Mon;Tue;Wed;Thu;Fri;
U1045,135032,0,0,0,22.156724,-100.984268,false,casual drinker,elegant,friends,car owner,single,independent,1991,technology,thrifty-protector,Mormon,student,orange,68,high,1.6,Middle_Eastern,Cafeteria,cash,public,07:00-23:30;,Mon;Tue;Wed;Thu;Fri;
U1045,132834,1,1,1,22.156724,-100.984268,false,casual drinker,elegant,friends,car owner,single,independent,1991,technology,thrifty-protector,Mormon,student,orange,68,high,1.6,Middle_Eastern,Mexican,cash,public,08:30-15:00;,Mon;Tue;Wed;Thu;Fri;
U1045,135052,1,2,2,22.156724,-100.984268,false,casual drinker,elegant,friends,car owner,single,independent,1991,technology,thrifty-protector,Mormon,student,orange,68,high,1.6,Middle_Eastern,Bar,cash,none,08:00-23:30;,Mon;Tue;Wed;Thu;Fri;
U1045,135060,2,2,2,22.156724,-100.984268,false,casual drinker,elegant,friends,car owner,single,independent,1991,technology,thrifty-protector,Mormon,student,orange,68,high,1.6,Middle_Eastern,Seafood,cash,none,11:30-19:00;,Mon;Tue;Wed;Thu;Fri;
U1045,135051,2,2,2,22.156724,-100.984268,false,casual drinker,elegant,friends,car owner,single,independent,1991,technology,thrifty-protector,Mormon,student,orange,68,high,1.6,Middle_Eastern,,cash,none,08:00-23:30;,Mon;Tue;Wed;Thu;Fri;
U1045,135041,1,2,1,22.156724,-100.984268,false,casual drinker,elegant,friends,car owner,single,independent,1991,technology,thrifty-protector,Mormon,student,orange,68,high,1.6,Middle_Eastern,Bar,cash,none,00:00-00:00;,Mon;Tue;Wed;Thu;Fri;
U1009,132754,1,2,1,22.159427,-100.990448,false,abstemious,formal,family,on foot,single,kids,1991,variety,thrifty-protector,Catholic,student,green,75,medium,1.78,Diner,Mexican,cash,none,08:00-20:00;,Mon;Tue;Wed;Thu;Fri;
U1009,132862,2,1,2,22.159427,-100.990448,false,abstemious,formal,family,on foot,single,kids,1991,variety,thrifty-protector,Catholic,student,green,75,medium,1.78,Diner,International,cash,valet parking,09:30-23:30;,Mon;Tue;Wed;Thu;Fri;
U1009,135060,1,1,1,22.159427,-100.990448,false,abstemious,formal,family,on foot,single,kids,1991,variety,thrifty-protector,Catholic,student,green,75,medium,1.78,Diner,Seafood,cash,none,11:30-19:00;,Mon;Tue;Wed;Thu;Fri;
U1009,135059,2,1,1,22.159427,-100.990448,false,abstemious,formal,family,on foot,single,kids,1991,variety,thrifty-protector,Catholic,student,green,75,medium,1.78,Diner,Bar,cash,yes,12:00-23:30;,Mon;Tue;Wed;Thu;Fri;
U1009,132834,2,2,1,22.159427,-100.990448,false,abstemious,formal,family,on foot,single,kids,1991,variety,thrifty-protector,Catholic,student,green,75,medium,1.78,Diner,Mexican,cash,public,08:30-15:00;,Mon;Tue;Wed;Thu;Fri;
U1009,135058,1,1,2,22.159427,-100.990448,false,abstemious,formal,family,on foot,single,kids,1991,variety,thrifty-protector,Catholic,student,green,75,medium,1.78,Diner,Pizzeria,cash,public,13:00-23:00;,Mon;Tue;Wed;Thu;Fri;
U1009,135038,2,2,2,22.159427,-100.990448,false,abstemious,formal,family,on foot,single,kids,1991,variety,thrifty-protector,Catholic,student,green,75,medium,1.78,Diner,,cash,none,08:00-17:00;,Mon;Tue;Wed;Thu;Fri;
U1009,132825,1,1,0,22.159427,-100.990448,false,abstemious,formal,family,on foot,single,kids,1991,variety,thrifty-protector,Catholic,student,green,75,medium,1.78,Diner,Mexican,cash,none,09:00-12:00;,Mon;Tue;Wed;Thu;Fri;
U1009,135052,2,1,0,22.159427,-100.990448,false,abstemious,formal,family,on foot,single,kids,1991,variety,thrifty-protector,Catholic,student,green,75,medium,1.78,Diner,Bar,cash,none,08:00-23:30;,Mon;Tue;Wed;Thu;Fri;
U1009,135063,0,0,0,22.159427,-100.990448,false,abstemious,formal,family,on foot,single,kids,1991,variety,thrifty-protector,Catholic,student,green,75,medium,1.78,Diner,,cash,none,08:30-19:30;,Mon;Tue;Wed;Thu;Fri;
U1009,135079,1,2,2,22.159427,-100.990448,false,abstemious,formal,family,on foot,single,kids,1991,variety,thrifty-protector,Catholic,student,green,75,medium,1.78,Diner,Chinese,cash,none,13:00-22:30;,Mon;Tue;Wed;Thu;Fri;
U1016,132834,2,2,2,22.156247,-100.977402,false,casual drinker,informal,friends,on foot,single,independent,1991,eco-friendly,thrifty-protector,Catholic,student,green,70,medium,1.67,Cafe-Coffee_Shop,Mexican,cash,public,08:30-15:00;,Mon;Tue;Wed;Thu;Fri;
U1016,135042,1,2,2,22.156247,-100.977402,false,casual drinker,informal,friends,on foot,single,independent,1991,eco-friendly,thrifty-protector,Catholic,student,green,70,medium,1.67,Cafe-Coffee_Shop,Chinese,cash,none,11:00-21:30;,Mon;Tue;Wed;Thu;Fri;
U1016,135032,2,2,2,22.156247,-100.977402,false,casual drinker,informal,friends,on foot,single,independent,1991,eco-friendly,thrifty-protector,Catholic,student,green,70,medium,1.67,Cafe-Coffee_Shop,Cafeteria,cash,public,07:00-23:30;,Mon;Tue;Wed;Thu;Fri;
U1016,135106,2,2,2,22.156247,-100.977402,false,casual drinker,informal,friends,on foot,single,independent,1991,eco-friendly,thrifty-protector,Catholic,student,green,70,medium,1.67,Cafe-Coffee_Shop,Mexican,cash,none,18:00-23:30;,Mon;Tue;Wed;Thu;Fri;
U1016,132856,2,2,2,22.156247,-100.977402,false,casual drinker,informal,friends,on foot,single,independent,1991,eco-friendly,thrifty-protector,Catholic,student,green,70,medium,1.67,Cafe-Coffee_Shop,Italian,cash,none,10:30-22:30;,Mon;Tue;Wed;Thu;Fri;
U1016,135045,2,2,2,22.156247,-100.977402,false,casual drinker,informal,friends,on foot,single,independent,1991,eco-friendly,thrifty-protector,Catholic,student,green,70,medium,1.67,Cafe-Coffee_Shop,,cash,yes,13:00-23:30;,Mon;Tue;Wed;Thu;Fri;
U1016,135060,2,2,2,22.156247,-100.977402,false,casual drinker,informal,friends,on foot,single,independent,1991,eco-friendly,thrifty-protector,Catholic,student,green,70,medium,1.67,Cafe-Coffee_Shop,Seafood,cash,none,11:30-19:00;,Mon;Tue;Wed;Thu;Fri;
U1016,135066,2,2,2,22.156247,-100.977402,false,casual drinker,informal,friends,on foot,single,independent,1991,eco-friendly,thrifty-protector,Catholic,student,green,70,medium,1.67,Cafe-Coffee_Shop,,cash,yes,07:00-23:00;,Sat;
U1016,135085,2,2,0,22.156247,-100.977402,false,casual drinker,informal,friends,on foot,single,independent,1991,eco-friendly,thrifty-protector,Catholic,student,green,70,medium,1.67,Cafe-Coffee_Shop,Fast_Food,cash,public,00:00-00:00;,Mon;Tue;Wed;Thu;Fri;
U1016,135052,2,2,2,22.156247,-100.977402,false,casual drinker,informal,friends,on foot,single,independent,1991,eco-friendly,thrifty-protector,Catholic,student,green,70,medium,1.67,Cafe-Coffee_Shop,Bar,cash,none,08:00-23:30;,Mon;Tue;Wed;Thu;Fri;
U1016,132862,2,2,2,22.156247,-100.977402,false,casual drinker,informal,friends,on foot,single,independent,1991,eco-friendly,thrifty-protector,Catholic,student,green,70,medium,1.67,Cafe-Coffee_Shop,International,cash,valet parking,09:30-23:30;,Mon;Tue;Wed;Thu;Fri;
U1016,135051,2,2,0,22.156247,-100.977402,false,casual drinker,informal,friends,on foot,single,independent,1991,eco-friendly,thrifty-protector,Catholic,student,green,70,medium,1.67,Cafe-Coffee_Shop,,cash,none,08:00-23:30;,Mon;Tue;Wed;Thu;Fri;
U1016,135062,2,2,2,22.156247,-100.977402,false,casual drinker,informal,friends,on foot,single,independent,1991,eco-friendly,thrifty-protector,Catholic,student,green,70,medium,1.67,Cafe-Coffee_Shop,,cash,yes,00:00-23:30;,Mon;Tue;Wed;Thu;Fri;
U1047,132875,0,0,0,22.142429,-100.949147,false,abstemious,no preference,family,public,single,independent,1992,retro,thrifty-protector,Catholic,student,purple,60,medium,1.63,American,Japanese,cash,valet parking,00:00-23:30;,Mon;Tue;Wed;Thu;Fri;
U1047,132877,0,0,0,22.142429,-100.949147,false,abstemious,no preference,family,public,single,independent,1992,retro,thrifty-protector,Catholic,student,purple,60,medium,1.63,American,,,none,00:00-23:30;,Mon;Tue;Wed;Thu;Fri;
U1047,132884,0,0,0,22.142429,-100.949147,false,abstemious,no preference,family,public,single,independent,1992,retro,thrifty-protector,Catholic,student,purple,60,medium,1.63,American,,,none,00:00-23:30;,Mon;Tue;Wed;Thu;Fri;
U1095,132872,1,2,2,22.179865,-101.018547,false,abstemious,formal,family,public,married,independent,1986,variety,thrifty-protector,Catholic,student,blue,65,medium,1.65,Italian,American,cash,public,09:00-21:00;,Mon;Tue;Wed;Thu;Fri;
U1095,135034,2,2,2,22.179865,-101.018547,false,abstemious,formal,family,public,married,independent,1986,variety,thrifty-protector,Catholic,student,blue,65,medium,1.65,Italian,Japanese,cash,none,13:30-23:00;,Mon;Tue;Wed;Thu;Fri;
U1095,135058,1,2,2,22.179865,-101.018547,false,abstemious,formal,family,public,married,independent,1986,variety,thrifty-protector,Catholic,student,blue,65,medium,1.65,Italian,Pizzeria,cash,public,13:00-23:00;,Mon;Tue;Wed;Thu;Fri;
U1034,135086,1,1,1,22.137178,-101.013169,false,casual drinker,informal,family,public,single,independent,1990,technology,thrifty-protector,Catholic,student,yellow,50,medium,1.58,Mexican,Burgers,cash,yes,08:00-23:00;,Mon;Tue;Wed;Thu;Fri;
U1095,132861,1,1,1,22.179865,-101.018547,false,abstemious,formal,family,public,married,independent,1986,variety,thrifty-protector,Catholic,student,blue,65,medium,1.65,Italian,Burgers,cash,yes,10:00-23:30;,Mon;Tue;Wed;Thu;Fri;
U1034,135049,0,0,0,22.137178,-101.013169,false,casual drinker,informal,family,public,single,independent,1990,technology,thrifty-protector,Catholic,student,yellow,50,medium,1.58,Mexican,Seafood,cash,none,12:00-20:00;,Mon;Tue;Wed;Thu;Fri;
U1034,132723,1,0,1,22.137178,-101.013169,false,casual drinker,informal,family,public,single,independent,1990,technology,thrifty-protector,Catholic,student,yellow,50,medium,1.58,Mexican,Mexican,cash,public,06:30-15:00;,Mon;Tue;Wed;Thu;Fri;
U1095,132723,2,2,2,22.179865,-101.018547,false,abstemious,formal,family,public,married,independent,1986,variety,thrifty-protector,Catholic,student,blue,65,medium,1.65,Italian,Mexican,cash,public,06:30-15:00;,Mon;Tue;Wed;Thu;Fri;
U1095,135086,1,2,1,22.179865,-101.018547,false,abstemious,formal,family,public,married,independent,1986,variety,thrifty-protector,Catholic,student,blue,65,medium,1.65,Italian,Burgers,cash,yes,08:00-23:00;,Mon;Tue;Wed;Thu;Fri;
U1095,135055,2,2,2,22.179865,-101.018547,false,abstemious,formal,family,public,married,independent,1986,variety,thrifty-protector,Catholic,student,blue,65,medium,1.65,Italian,Mexican,cash,yes,14:00-22:00;,Mon;Tue;Wed;Thu;Fri;
U1007,135058,1,2,1,22.118464,-100.938256,false,casual drinker,informal,solitary,public,single,independent,1989,variety,thrifty-protector,Catholic,student,purple,60,low,1.59,Family,Pizzeria,cash,public,13:00-23:00;,Mon;Tue;Wed;Thu;Fri;
U1007,135085,1,2,0,22.118464,-100.938256,false,casual drinker,informal,solitary,public,single,independent,1989,variety,thrifty-protector,Catholic,student,purple,60,low,1.59,Family,Fast_Food,cash,public,00:00-00:00;,Mon;Tue;Wed;Thu;Fri;
U1095,135064,1,1,1,22.179865,-101.018547,false,abstemious,formal,family,public,married,independent,1986,variety,thrifty-protector,Catholic,student,blue,65,medium,1.65,Italian,,cash,yes,07:00-22:30;,Mon;Tue;Wed;Thu;Fri;
U1095,135035,2,2,2,22.179865,-101.018547,false,abstemious,formal,family,public,married,independent,1986,variety,thrifty-protector,Catholic,student,blue,65,medium,1.65,Italian,Italian,cash,yes,13:30-23:30;,Mon;Tue;Wed;Thu;Fri;
U1095,135072,2,2,2,22.179865,-101.018547,false,abstemious,formal,family,public,married,independent,1986,variety,thrifty-protector,Catholic,student,blue,65,medium,1.65,Italian,Japanese,cash,none,13:00-23:00;,Mon;Tue;Wed;Thu;Fri;
U1007,135025,1,1,1,22.118464,-100.938256,false,casual drinker,informal,solitary,public,single,independent,1989,variety,thrifty-protector,Catholic,student,purple,60,low,1.59,Family,Mexican,cash,none,18:00-23:30;,Mon;Tue;Wed;Thu;Fri;
U1007,135032,1,1,0,22.118464,-100.938256,false,casual drinker,informal,solitary,public,single,independent,1989,variety,thrifty-protector,Catholic,student,purple,60,low,1.59,Family,Cafeteria,cash,public,07:00-23:30;,Mon;Tue;Wed;Thu;Fri;
U1007,135086,0,0,0,22.118464,-100.938256,false,casual drinker,informal,solitary,public,single,independent,1989,variety,thrifty-protector,Catholic,student,purple,60,low,1.59,Family,Burgers,cash,yes,08:00-23:00;,Mon;Tue;Wed;Thu;Fri;
U1007,132572,1,1,1,22.118464,-100.938256,false,casual drinker,informal,solitary,public,single,independent,1989,variety,thrifty-protector,Catholic,student,purple,60,low,1.59,Family,Cafeteria,cash,yes,00:00-23:30;,Mon;Tue;Wed;Thu;Fri;
U1007,135038,1,1,0,22.118464,-100.938256,false,casual drinker,informal,solitary,public,single,independent,1989,variety,thrifty-protector,Catholic,student,purple,60,low,1.59,Family,,cash,none,08:00-17:00;,Mon;Tue;Wed;Thu;Fri;
U1078,132885,1,1,1,22.172109,-100.963199,true,social drinker,informal,solitary,car owner,single,independent,1983,variety,hard-worker,Catholic,professional,blue,69,medium,1.69,Mexican,Cafeteria,cash,public,08:00-23:30;,Mon;Tue;Wed;Thu;Fri;
U1099,135076,1,1,0,22.184862,-100.970535,true,social drinker,informal,family,public,single,independent,1989,technology,conformist,Catholic,student,purple,70,high,2.0,Mexican,,cash,yes,12:00-23:30;,Mon;Tue;Wed;Thu;Fri;
U1099,132834,2,2,2,22.184862,-100.970535,true,social drinker,informal,family,public,single,independent,1989,technology,conformist,Catholic,student,purple,70,high,2.0,Mexican,Mexican,cash,public,08:30-15:00;,Mon;Tue;Wed;Thu;Fri;
U1008,132866,1,1,1,22.122989,-100.923811,false,social drinker,formal,solitary,public,single,independent,1989,technology,hard-worker,Catholic,student,green,68,low,1.72,Cafe-Coffee_Shop,Bakery,cash,yes,09:00-22:00;,Mon;Tue;Wed;Thu;Fri;
U1008,132858,1,2,1,22.122989,-100.923811,false,social drinker,formal,solitary,public,single,independent,1989,technology,hard-worker,Catholic,student,green,68,low,1.72,Cafe-Coffee_Shop,Burgers,cash,none,18:30-23:30;,Mon;Tue;Wed;Thu;Fri;
U1099,135043,2,2,2,22.184862,-100.970535,true,social drinker,informal,family,public,single,independent,1989,technology,conformist,Catholic,student,purple,70,high,2.0,Mexican,Fast_Food,cash,none,00:00-00:00;,Mon;Tue;Wed;Thu;Fri;
U1099,132885,0,0,0,22.184862,-100.970535,true,social drinker,informal,family,public,single,independent,1989,technology,conformist,Catholic,student,purple,70,high,2.0,Mexican,Cafeteria,cash,public,08:00-23:30;,Mon;Tue;Wed;Thu;Fri;
U1008,132854,2,2,1,22.122989,-100.923811,false,social drinker,formal,solitary,public,single,independent,1989,technology,hard-worker,Catholic,student,green,68,low,1.72,Cafe-Coffee_Shop,International,cash,yes,10:30-22:00;,Mon;Tue;Wed;Thu;Fri;
U1099,132872,1,1,2,22.184862,-100.970535,true,social drinker,informal,family,public,single,independent,1989,technology,conformist,Catholic,student,purple,70,high,2.0,Mexican,American,cash,public,09:00-21:00;,Mon;Tue;Wed;Thu;Fri;
U1008,135108,1,1,0,22.122989,-100.923811,false,social drinker,formal,solitary,public,single,independent,1989,technology,hard-worker,Catholic,student,green,68,low,1.72,Cafe-Coffee_Shop,,,none,00:00-23:30;,Mon;Tue;Wed;Thu;Fri;
U1008,132851,1,1,1,22.122989,-100.923811,false,social drinker,formal,solitary,public,single,independent,1989,technology,hard-worker,Catholic,student,green,68,low,1.72,Cafe-Coffee_Shop,American,cash,yes,09:00-22:00;,Mon;Tue;Wed;Thu;Fri;
U1099,132856,1,1,0,22.184862,-100.970535,true,social drinker,informal,family,public,single,independent,1989,technology,conformist,Catholic,student,purple,70,high,2.0,Mexican,Italian,cash,none,10:30-22:30;,Mon;Tue;Wed;Thu;Fri;
U1008,132869,1,1,1,22.122989,-100.923811,false,social drinker,formal,solitary,public,single,independent,1989,technology,hard-worker,Catholic,student,green,68,low,1.72,Cafe-Coffee_Shop,Pizzeria,cash,yes,10:00-23:00;,Mon;Tue;Wed;Thu;Fri;
U1099,135066,1,1,1,22.184862,-100.970535,true,social drinker,informal,family,public,single,independent,1989,technology,conformist,Catholic,student,purple,70,high,2.0,Mexican,,cash,yes,07:00-23:00;,Sat;
U1008,135069,1,1,1,22.122989,-100.923811,false,social drinker,formal,solitary,public,single,independent,1989,technology,hard-worker,Catholic,student,green,68,low,1.72,Cafe-Coffee_Shop,Bar,cash,yes,09:00-23:30;,Mon;Tue;Wed;Thu;Fri;
U1099,135038,0,1,1,22.184862,-100.970535,true,social drinker,informal,family,public,single,independent,1989,technology,conformist,Catholic,student,purple,70,high,2.0,Mexican,,cash,none,08:00-17:00;,Mon;Tue;Wed;Thu;Fri;
U1099,135060,2,2,2,22.184862,-100.970535,true,social drinker,informal,family,public,single,independent,1989,technology,conformist,Catholic,student,purple,70,high,2.0,Mexican,Seafood,cash,none,11:30-19:00;,Mon;Tue;Wed;Thu;Fri;
U1099,135045,1,1,1,22.184862,-100.970535,true,social drinker,informal,family,public,single,independent,1989,technology,conformist,Catholic,student,purple,70,high,2.0,Mexican,,cash,yes,13:00-23:30;,Mon;Tue;Wed;Thu;Fri;
U1008,132846,1,1,1,22.122989,-100.923811,false,social drinker,formal,solitary,public,single,independent,1989,technology,hard-worker,Catholic,student,green,68,low,1.72,Cafe-Coffee_Shop,International,cash,none,08:00-23:30;,Mon;Tue;Wed;Thu;Fri;
U1008,135054,1,1,1,22.122989,-100.923811,false,social drinker,formal,solitary,public,single,independent,1989,technology,hard-worker,Catholic,student,green,68,low,1.72,Cafe-Coffee_Shop,Seafood,cash,yes,07:00-19:00;,Mon;Tue;Wed;Thu;Fri;
U1099,135042,1,1,1,22.184862,-100.970535,true,social drinker,informal,family,public,single,independent,1989,technology,conformist,Catholic,student,purple,70,high,2.0,Mexican,Chinese,cash,none,11:00-21:30;,Mon;Tue;Wed;Thu;Fri;
U1040,132773,1,1,1,18.895187,-99.18039,false,abstemious,no preference,friends,public,single,independent,1994,none,thrifty-protector,Catholic,student,blue,73,medium,1.64,Pizzeria,Family,cash,none,10:00-18:00;,Mon;Tue;Wed;Thu;Fri;
U1040,134999,1,1,1,18.895187,-99.18039,false,abstemious,no preference,friends,public,single,independent,1994,none,thrifty-protector,Catholic,student,blue,73,medium,1.64,Pizzeria,Japanese,,none,11:00-21:00;,Mon;Tue;Wed;Thu;Fri;
U1040,135013,2,2,2,18.895187,-99.18039,false,abstemious,no preference,friends,public,single,independent,1994,none,thrifty-protector,Catholic,student,blue,73,medium,1.64,Pizzeria,,cash,none,13:00-22:00;,Mon;Tue;Wed;Thu;Fri;
U1040,135019,1,2,1,18.895187,-99.18039,false,abstemious,no preference,friends,public,single,independent,1994,none,thrifty-protector,Catholic,student,blue,73,medium,1.64,Pizzeria,Bar,,none,00:00-00:00;,Mon;Tue;Wed;Thu;Fri;
U1121,135021,0,0,0,18.871674,-99.183253,false,social drinker,no preference,family,public,married,independent,1987,variety,thrifty-protector,Catholic,working-class,black,90,medium,1.6,Mexican,Fast_Food,cash,public,00:00-23:30;,Mon;Tue;Wed;Thu;Fri;
U1110,135021,1,2,1,18.871678,-99.183263,false,abstemious,no preference,family,car owner,single,independent,1993,variety,thrifty-protector,Catholic,student,red,85,medium,1.75,Mexican,Fast_Food,cash,public,00:00-23:30;,Mon;Tue;Wed;Thu;Fri;
U1110,132767,2,2,2,18.871678,-99.183263,false,abstemious,no preference,family,car owner,single,independent,1993,variety,thrifty-protector,Catholic,student,red,85,medium,1.75,Mexican,Vietnamese,cash,yes,14:00-20:00;,Mon;Tue;Wed;Thu;Fri;
U1110,135013,2,2,2,18.871678,-99.183263,false,abstemious,no preference,family,car owner,single,independent,1993,variety,thrifty-protector,Catholic,student,red,85,medium,1.75,Mexican,,cash,none,13:00-22:00;,Mon;Tue;Wed;Thu;Fri;
U1110,134999,2,2,2,18.871678,-99.183263,false,abstemious,no preference,family,car owner,single,independent,1993,variety,thrifty-protector,Catholic,student,red,85,medium,1.75,Mexican,Japanese,,none,11:00-21:00;,Mon;Tue;Wed;Thu;Fri;
U1121,135019,2,2,2,18.871674,-99.183253,false,social drinker,no preference,family,public,married,independent,1987,variety,thrifty-protector,Catholic,working-class,black,90,medium,1.6,Mexican,Bar,,none,00:00-00:00;,Mon;Tue;Wed;Thu;Fri;
U1121,132767,2,2,2,18.871674,-99.183253,false,social drinker,no preference,family,public,married,independent,1987,variety,thrifty-protector,Catholic,working-class,black,90,medium,1.6,Mexican,Vietnamese,cash,yes,14:00-20:00;,Mon;Tue;Wed;Thu;Fri;
U1121,134999,2,2,2,18.871674,-99.183253,false,social drinker,no preference,family,public,married,independent,1987,variety,thrifty-protector,Catholic,working-class,black,90,medium,1.6,Mexican,Japanese,,none,11:00-21:00;,Mon;Tue;Wed;Thu;Fri;
U1042,132768,2,2,1,18.925773,-99.219589,false,abstemious,no preference,family,car owner,single,independent,1943,technology,thrifty-protector,Christian,student,yellow,40,high,1.4,Mexican,Family,cash,none,09:00-19:00;,Mon;Tue;Wed;Thu;Fri;
U1042,135021,1,2,0,18.925773,-99.219589,false,abstemious,no preference,family,car owner,single,independent,1943,technology,thrifty-protector,Christian,student,yellow,40,high,1.4,Mexican,Fast_Food,cash,public,00:00-23:30;,Mon;Tue;Wed;Thu;Fri;
U1042,134996,2,2,2,18.925773,-99.219589,false,abstemious,no preference,family,car owner,single,independent,1943,technology,thrifty-protector,Christian,student,yellow,40,high,1.4,Mexican,,cash,yes,07:00-23:00;,Mon;Tue;Wed;Thu;Fri;
U1013,135079,1,1,1,22.174624,-100.993873,false,abstemious,no preference,friends,public,widow,independent,1982,retro,thrifty-protector,none,professional,blue,80,medium,1.75,Japanese,Chinese,cash,none,13:00-22:30;,Mon;Tue;Wed;Thu;Fri;
U1013,135072,2,1,1,22.174624,-100.993873,false,abstemious,no preference,friends,public,widow,independent,1982,retro,thrifty-protector,none,professional,blue,80,medium,1.75,Japanese,Japanese,cash,none,13:00-23:00;,Mon;Tue;Wed;Thu;Fri;
U1013,135085,1,2,0,22.174624,-100.993873,false,abstemious,no preference,friends,public,widow,independent,1982,retro,thrifty-protector,none,professional,blue,80,medium,1.75,Japanese,Fast_Food,cash,public,00:00-00:00;,Mon;Tue;Wed;Thu;Fri;
U1013,135076,1,1,0,22.174624,-100.993873,false,abstemious,no preference,friends,public,widow,independent,1982,retro,thrifty-protector,none,professional,blue,80,medium,1.75,Japanese,,cash,yes,12:00-23:30;,Mon;Tue;Wed;Thu;Fri;
U1054,135062,2,2,0,22.150683,-100.975342,false,social drinker,formal,family,public,single,independent,1992,technology,thrifty-protector,Catholic,student,blue,59,medium,1.7,Mexican,,cash,yes,00:00-23:30;,Mon;Tue;Wed;Thu;Fri;
U1054,135060,2,2,2,22.150683,-100.975342,false,social drinker,formal,family,public,single,independent,1992,technology,thrifty-protector,Catholic,student,blue,59,medium,1.7,Mexican,Seafood,cash,none,11:30-19:00;,Mon;Tue;Wed;Thu;Fri;
U1054,135039,2,2,1,22.150683,-100.975342,false,social drinker,formal,family,public,single,independent,1992,technology,thrifty-protector,Catholic,student,blue,59,medium,1.7,Mexican,Seafood,cash,yes,10:00-20:00;,Mon;Tue;Wed;Thu;Fri;
U1054,135052,2,2,1,22.150683,-100.975342,false,social drinker,formal,family,public,single,independent,1992,technology,thrifty-protector,Catholic,student,blue,59,medium,1.7,Mexican,Bar,cash,none,08:00-23:30;,Mon;Tue;Wed;Thu;Fri;
U1054,132856,2,2,2,22.150683,-100.975342,false,social drinker,formal,family,public,single,independent,1992,technology,thrifty-protector,Catholic,student,blue,59,medium,1.7,Mexican,Italian,cash,none,10:30-22:30;,Mon;Tue;Wed;Thu;Fri;
U1054,135051,2,2,0,22.150683,-100.975342,false,social drinker,formal,family,public,single,independent,1992,technology,thrifty-protector,Catholic,student,blue,59,medium,1.7,Mexican,,cash,none,08:00-23:30;,Mon;Tue;Wed;Thu;Fri;
U1054,135025,2,2,2,22.150683,-100.975342,false,social drinker,formal,family,public,single,independent,1992,technology,thrifty-protector,Catholic,student,blue,59,medium,1.7,Mexican,Mexican,cash,none,18:00-23:30;,Mon;Tue;Wed;Thu;Fri;
U1054,135041,2,2,2,22.150683,-100.975342,false,social drinker,formal,family,public,single,independent,1992,technology,thrifty-protector,Catholic,student,blue,59,medium,1.7,Mexican,Bar,cash,none,00:00-00:00;,Mon;Tue;Wed;Thu;Fri;
U1054,135038,2,1,1,22.150683,-100.975342,false,social drinker,formal,family,public,single,independent,1992,technology,thrifty-protector,Catholic,student,blue,59,medium,1.7,Mexican,,cash,none,08:00-17:00;,Mon;Tue;Wed;Thu;Fri;
U1054,135032,1,1,1,22.150683,-100.975342,false,social drinker,formal,family,public,single,independent,1992,technology,thrifty-protector,Catholic,student,blue,59,medium,1.7,Mexican,Cafeteria,cash,public,07:00-23:30;,Mon;Tue;Wed;Thu;Fri;
U1054,135045,2,1,2,22.150683,-100.975342,false,social drinker,formal,family,public,single,independent,1992,technology,thrifty-protector,Catholic,student,blue,59,medium,1.7,Mexican,,cash,yes,13:00-23:30;,Mon;Tue;Wed;Thu;Fri;
U1042,134986,2,2,2,18.925773,-99.219589,false,abstemious,no preference,family,car owner,single,independent,1943,technology,thrifty-protector,Christian,student,yellow,40,high,1.4,Mexican,International,,yes,00:00-23:30;,Mon;Tue;Wed;Thu;Fri;
U1042,134992,1,2,1,18.925773,-99.219589,false,abstemious,no preference,family,car owner,single,independent,1943,technology,thrifty-protector,Christian,student,yellow,40,high,1.4,Mexican,,cash,yes,08:00-21:30;,Mon;Tue;Wed;Thu;Fri;
U1111,132845,2,2,1,22.143078,-100.908523,true,casual drinker,formal,friends,car owner,single,independent,1991,none,hard-worker,Catholic,student,white,69,medium,1.69,Mexican,Mexican,cash,none,19:30-23:30;,Mon;Tue;Wed;Thu;Fri;
U1111,135071,2,2,2,22.143078,-100.908523,true,casual drinker,formal,friends,car owner,single,independent,1991,none,hard-worker,Catholic,student,white,69,medium,1.69,Mexican,Bar,cash,yes,13:00-23:30;,Mon;Tue;Wed;Thu;Fri;
U1111,132858,1,1,1,22.143078,-100.908523,true,casual drinker,formal,friends,car owner,single,independent,1991,none,hard-worker,Catholic,student,white,69,medium,1.69,Mexican,Burgers,cash,none,18:30-23:30;,Mon;Tue;Wed;Thu;Fri;
U1111,132854,2,2,2,22.143078,-100.908523,true,casual drinker,formal,friends,car owner,single,independent,1991,none,hard-worker,Catholic,student,white,69,medium,1.69,Mexican,International,cash,yes,10:30-22:00;,Mon;Tue;Wed;Thu;Fri;
U1111,132877,1,1,1,22.143078,-100.908523,true,casual drinker,formal,friends,car owner,single,independent,1991,none,hard-worker,Catholic,student,white,69,medium,1.69,Mexican,,,none,00:00-23:30;,Mon;Tue;Wed;Thu;Fri;
U1037,135071,1,0,0,22.15031,-100.900536,false,social drinker,no preference,family,public,single,independent,1990,variety,thrifty-protector,Catholic,student,blue,52,low,1.5,Mexican,Bar,cash,yes,13:00-23:30;,Mon;Tue;Wed;Thu;Fri;
U1111,132851,2,1,0,22.143078,-100.908523,true,casual drinker,formal,friends,car owner,single,independent,1991,none,hard-worker,Catholic,student,white,69,medium,1.69,Mexican,American,cash,yes,09:00-22:00;,Mon;Tue;Wed;Thu;Fri;
U1111,135108,2,1,0,22.143078,-100.908523,true,casual drinker,formal,friends,car owner,single,independent,1991,none,hard-worker,Catholic,student,white,69,medium,1.69,Mexican,,,none,00:00-23:30;,Mon;Tue;Wed;Thu;Fri;
U1111,132869,0,0,0,22.143078,-100.908523,true,casual drinker,formal,friends,car owner,single,independent,1991,none,hard-worker,Catholic,student,white,69,medium,1.69,Mexican,Pizzeria,cash,yes,10:00-23:00;,Mon;Tue;Wed;Thu;Fri;
U1037,132869,1,1,2,22.15031,-100.900536,false,social drinker,no preference,family,public,single,independent,1990,variety,thrifty-protector,Catholic,student,blue,52,low,1.5,Mexican,Pizzeria,cash,yes,10:00-23:00;,Mon;Tue;Wed;Thu;Fri;
U1111,132870,0,0,0,22.143078,-100.908523,true,casual drinker,formal,friends,car owner,single,independent,1991,none,hard-worker,Catholic,student,white,69,medium,1.69,Mexican,Burgers,cash,none,10:30-23:00;,Mon;Tue;Wed;Thu;Fri;
U1037,132851,2,2,1,22.15031,-100.900536,false,social drinker,no preference,family,public,single,independent,1990,variety,thrifty-protector,Catholic,student,blue,52,low,1.5,Mexican,American,cash,yes,09:00-22:00;,Mon;Tue;Wed;Thu;Fri;
U1111,132847,0,0,0,22.143078,-100.908523,true,casual drinker,formal,friends,car owner,single,independent,1991,none,hard-worker,Catholic,student,white,69,medium,1.69,Mexican,,cash,none,20:00-01:30;,Mon;Tue;Wed;Thu;Fri;
U1111,135082,1,0,0,22.143078,-100.908523,true,casual drinker,formal,friends,car owner,single,independent,1991,none,hard-worker,Catholic,student,white,69,medium,1.69,Mexican,,cash,none,10:00-18:00;,Mon;Tue;Wed;Thu;Fri;
U1037,132854,1,2,0,22.15031,-100.900536,false,social drinker,no preference,family,public,single,independent,1990,variety,thrifty-protector,Catholic,student,blue,52,low,1.5,Mexican,International,cash,yes,10:30-22:00;,Mon;Tue;Wed;Thu;Fri;
U1015,132845,1,1,1,22.12676,-100.905209,true,social drinker,informal,family,public,single,independent,1989,technology,thrifty-protector,Catholic,student,black,87,medium,1.67,Mexican,Mexican,cash,none,19:30-23:30;,Mon;Tue;Wed;Thu;Fri;
U1015,132866,0,1,1,22.12676,-100.905209,true,social drinker,informal,family,public,single,independent,1989,technology,thrifty-protector,Catholic,student,black,87,medium,1.67,Mexican,Bakery,cash,yes,09:00-22:00;,Mon;Tue;Wed;Thu;Fri;
U1015,132870,0,0,1,22.12676,-100.905209,true,social drinker,informal,family,public,single,independent,1989,technology,thrifty-protector,Catholic,student,black,87,medium,1.67,Mexican,Burgers,cash,none,10:30-23:00;,Mon;Tue;Wed;Thu;Fri;
U1015,135054,1,1,1,22.12676,-100.905209,true,social drinker,informal,family,public,single,independent,1989,technology,thrifty-protector,Catholic,student,black,87,medium,1.67,Mexican,Seafood,cash,yes,07:00-19:00;,Mon;Tue;Wed;Thu;Fri;
U1015,132869,2,2,2,22.12676,-100.905209,true,social drinker,informal,family,public,single,independent,1989,technology,thrifty-protector,Catholic,student,black,87,medium,1.67,Mexican,Pizzeria,cash,yes,10:00-23:00;,Mon;Tue;Wed;Thu;Fri;
U1015,132851,1,1,1,22.12676,-100.905209,true,social drinker,informal,family,public,single,independent,1989,technology,thrifty-protector,Catholic,student,black,87,medium,1.67,Mexican,American,cash,yes,09:00-22:00;,Mon;Tue;Wed;Thu;Fri;
U1015,132877,1,1,2,22.12676,-100.905209,true,social drinker,informal,family,public,single,independent,1989,technology,thrifty-protector,Catholic,student,black,87,medium,1.67,Mexican,,,none,00:00-23:30;,Mon;Tue;Wed;Thu;Fri;
U1128,132872,0,0,0,22.187236,-100.994213,false,casual drinker,no preference,friends,public,single,independent,1986,variety,thrifty-protector,Catholic,student,red,66,low,1.72,Cafeteria,American,cash,public,09:00-21:00;,Mon;Tue;Wed;Thu;Fri;
U1062,132872,0,0,0,22.195826,-101.006317,false,casual drinker,informal,friends,car owner,single,independent,1985,variety,hard-worker,Catholic,student,yellow,88,medium,1.68,Mexican,American,cash,public,09:00-21:00;,Mon;Tue;Wed;Thu;Fri;
U1101,135039,1,1,1,22.150891,-100.974891,false,casual drinker,no preference,friends,car owner,single,independent,1988,eco-friendly,hunter-ostentatious,Catholic,student,white,50,low,1.69,Chinese,Seafood,cash,yes,10:00-20:00;,Mon;Tue;Wed;Thu;Fri;
U1101,135027,2,1,1,22.150891,-100.974891,false,casual drinker,no preference,friends,car owner,single,independent,1988,eco-friendly,hunter-ostentatious,Catholic,student,white,50,low,1.69,Chinese,Mexican,cash,none,08:00-22:00;,Mon;Tue;Wed;Thu;Fri;
U1101,135073,1,1,1,22.150891,-100.974891,false,casual drinker,no preference,friends,car owner,single,independent,1988,eco-friendly,hunter-ostentatious,Catholic,student,white,50,low,1.69,Chinese,Bar,cash,yes,09:30-23:30;,Mon;Tue;Wed;Thu;Fri;
U1101,135106,0,0,0,22.150891,-100.974891,false,casual drinker,no preference,friends,car owner,single,independent,1988,eco-friendly,hunter-ostentatious,Catholic,student,white,50,low,1.69,Chinese,Mexican,cash,none,18:00-23:30;,Mon;Tue;Wed;Thu;Fri;
U1101,132856,1,0,1,22.150891,-100.974891,false,casual drinker,no preference,friends,car owner,single,independent,1988,eco-friendly,hunter-ostentatious,Catholic,student,white,50,low,1.69,Chinese,Italian,cash,none,10:30-22:30;,Mon;Tue;Wed;Thu;Fri;
U1101,135032,2,2,1,22.150891,-100.974891,false,casual drinker,no preference,friends,car owner,single,independent,1988,eco-friendly,hunter-ostentatious,Catholic,student,white,50,low,1.69,Chinese,Cafeteria,cash,public,07:00-23:30;,Mon;Tue;Wed;Thu;Fri;
U1101,135038,2,2,1,22.150891,-100.974891,false,casual drinker,no preference,friends,car owner,single,independent,1988,eco-friendly,hunter-ostentatious,Catholic,student,white,50,low,1.69,Chinese,,cash,none,08:00-17:00;,Mon;Tue;Wed;Thu;Fri;
U1101,135051,2,0,2,22.150891,-100.974891,false,casual drinker,no preference,friends,car owner,single,independent,1988,eco-friendly,hunter-ostentatious,Catholic,student,white,50,low,1.69,Chinese,,cash,none,08:00-23:30;,Mon;Tue;Wed;Thu;Fri;
U1101,135052,2,1,1,22.150891,-100.974891,false,casual drinker,no preference,friends,car owner,single,independent,1988,eco-friendly,hunter-ostentatious,Catholic,student,white,50,low,1.69,Chinese,Bar,cash,none,08:00-23:30;,Mon;Tue;Wed;Thu;Fri;
U1101,135041,0,0,0,22.150891,-100.974891,false,casual drinker,no preference,friends,car owner,single,independent,1988,eco-friendly,hunter-ostentatious,Catholic,student,white,50,low,1.69,Chinese,Bar,cash,none,00:00-00:00;,Mon;Tue;Wed;Thu;Fri;
U1001,135085,0,1,1,22.139997,-100.978803,false,abstemious,informal,family,on foot,single,independent,1989,variety,thrifty-protector,none,student,black,69,medium,1.77,American,Fast_Food,cash,public,00:00-00:00;,Mon;Tue;Wed;Thu;Fri;
U1001,135040,1,1,1,22.139997,-100.978803,false,abstemious,informal,family,on foot,single,independent,1989,variety,thrifty-protector,none,student,black,69,medium,1.77,American,,cash,yes,08:00-23:30;,Mon;Tue;Wed;Thu;Fri;
U1001,135039,1,1,1,22.139997,-100.978803,false,abstemious,informal,family,on foot,single,independent,1989,variety,thrifty-protector,none,student,black,69,medium,1.77,American,Seafood,cash,yes,10:00-20:00;,Mon;Tue;Wed;Thu;Fri;
U1001,135045,1,1,1,22.139997,-100.978803,false,abstemious,informal,family,on foot,single,independent,1989,variety,thrifty-protector,none,student,black,69,medium,1.77,American,,cash,yes,13:00-23:30;,Mon;Tue;Wed;Thu;Fri;
U1001,135033,1,1,1,22.139997,-100.978803,false,abstemious,informal,family,on foot,single,independent,1989,variety,thrifty-protector,none,student,black,69,medium,1.77,American,,cash,none,09:00-21:00;,Mon;Tue;Wed;Thu;Fri;
U1001,135025,2,2,2,22.139997,-100.978803,false,abstemious,informal,family,on foot,single,independent,1989,variety,thrifty-protector,none,student,black,69,medium,1.77,American,Mexican,cash,none,18:00-23:30;,Mon;Tue;Wed;Thu;Fri;
U1001,135051,1,1,2,22.139997,-100.978803,false,abstemious,informal,family,on foot,single,independent,1989,variety,thrifty-protector,none,student,black,69,medium,1.77,American,,cash,none,08:00-23:30;,Mon;Tue;Wed;Thu;Fri;
U1135,135085,0,0,0,22.170396,-100.949936,false,casual drinker,informal,family,on foot,single,kids,1988,variety,hunter-ostentatious,Catholic,student,purple,66,low,1.54,Organic-Healthy,Fast_Food,cash,public,00:00-00:00;,Mon;Tue;Wed;Thu;Fri;
U1135,135106,0,0,0,22.170396,-100.949936,false,casual drinker,informal,family,on foot,single,kids,1988,variety,hunter-ostentatious,Catholic,student,purple,66,low,1.54,Organic-Healthy,Mexican,cash,none,18:00-23:30;,Mon;Tue;Wed;Thu;Fri;
U1135,135052,0,0,0,22.170396,-100.949936,false,casual drinker,informal,family,on foot,single,kids,1988,variety,hunter-ostentatious,Catholic,student,purple,66,low,1.54,Organic-Healthy,Bar,cash,none,08:00-23:30;,Mon;Tue;Wed;Thu;Fri;
U1135,135041,0,0,0,22.170396,-100.949936,false,casual drinker,informal,family,on foot,single,kids,1988,variety,hunter-ostentatious,Catholic,student,purple,66,low,1.54,Organic-Healthy,Bar,cash,none,00:00-00:00;,Mon;Tue;Wed;Thu;Fri;
U1032,132872,1,1,1,22.169184,-100.986843,false,abstemious,formal,family,public,single,independent,1989,variety,hard-worker,Catholic,student,blue,40,medium,1.75,Mexican,American,cash,public,09:00-21:00;,Mon;Tue;Wed;Thu;Fri;
U1032,135058,2,1,0,22.169184,-100.986843,false,abstemious,formal,family,public,single,independent,1989,variety,hard-worker,Catholic,student,blue,40,medium,1.75,Mexican,Pizzeria,cash,public,13:00-23:00;,Mon;Tue;Wed;Thu;Fri;
U1032,135079,2,2,0,22.169184,-100.986843,false,abstemious,formal,family,public,single,independent,1989,variety,hard-worker,Catholic,student,blue,40,medium,1.75,Mexican,Chinese,cash,none,13:00-22:30;,Mon;Tue;Wed;Thu;Fri;
U1032,135085,1,1,1,22.169184,-100.986843,false,abstemious,formal,family,public,single,independent,1989,variety,hard-worker,Catholic,student,blue,40,medium,1.75,Mexican,Fast_Food,cash,public,00:00-00:00;,Mon;Tue;Wed;Thu;Fri;
U1032,135042,0,1,0,22.169184,-100.986843,false,abstemious,formal,family,public,single,independent,1989,variety,hard-worker,Catholic,student,blue,40,medium,1.75,Mexican,Chinese,cash,none,11:00-21:30;,Mon;Tue;Wed;Thu;Fri;
U1032,132856,1,1,0,22.169184,-100.986843,false,abstemious,formal,family,public,single,independent,1989,variety,hard-worker,Catholic,student,blue,40,medium,1.75,Mexican,Italian,cash,none,10:30-22:30;,Mon;Tue;Wed;Thu;Fri;
U1135,132825,0,0,0,22.170396,-100.949936,false,casual drinker,informal,family,on foot,single,kids,1988,variety,hunter-ostentatious,Catholic,student,purple,66,low,1.54,Organic-Healthy,Mexican,cash,none,09:00-12:00;,Mon;Tue;Wed;Thu;Fri;
U1135,132834,0,0,0,22.170396,-100.949936,false,casual drinker,informal,family,on foot,single,kids,1988,variety,hunter-ostentatious,Catholic,student,purple,66,low,1.54,Organic-Healthy,Mexican,cash,public,08:30-15:00;,Mon;Tue;Wed;Thu;Fri;
U1032,135038,1,1,0,22.169184,-100.986843,false,abstemious,formal,family,public,single,independent,1989,variety,hard-worker,Catholic,student,blue,40,medium,1.75,Mexican,,cash,none,08:00-17:00;,Mon;Tue;Wed;Thu;Fri;
U1032,132834,1,1,0,22.169184,-100.986843,false,abstemious,formal,family,public,single,independent,1989,variety,hard-worker,Catholic,student,blue,40,medium,1.75,Mexican,Mexican,cash,public,08:30-15:00;,Mon;Tue;Wed;Thu;Fri;
U1032,135060,1,1,1,22.169184,-100.986843,false,abstemious,formal,family,public,single,independent,1989,variety,hard-worker,Catholic,student,blue,40,medium,1.75,Mexican,Seafood,cash,none,11:30-19:00;,Mon;Tue;Wed;Thu;Fri;
U1135,135058,0,0,0,22.170396,-100.949936,false,casual drinker,informal,family,on foot,single,kids,1988,variety,hunter-ostentatious,Catholic,student,purple,66,low,1.54,Organic-Healthy,Pizzeria,cash,public,13:00-23:00;,Mon;Tue;Wed;Thu;Fri;
U1032,135032,0,0,0,22.169184,-100.986843,false,abstemious,formal,family,public,single,independent,1989,variety,hard-worker,Catholic,student,blue,40,medium,1.75,Mexican,Cafeteria,cash,public,07:00-23:30;,Mon;Tue;Wed;Thu;Fri;
U1135,135063,0,0,0,22.170396,-100.949936,false,casual drinker,informal,family,on foot,single,kids,1988,variety,hunter-ostentatious,Catholic,student,purple,66,low,1.54,Organic-Healthy,,cash,none,08:30-19:30;,Mon;Tue;Wed;Thu;Fri;
U1135,132856,0,0,0,22.170396,-100.949936,false,casual drinker,informal,family,on foot,single,kids,1988,variety,hunter-ostentatious,Catholic,student,purple,66,low,1.54,Organic-Healthy,Italian,cash,none,10:30-22:30;,Mon;Tue;Wed;Thu;Fri;
U1135,135045,0,0,0,22.170396,-100.949936,false,casual drinker,informal,family,on foot,single,kids,1988,variety,hunter-ostentatious,Catholic,student,purple,66,low,1.54,Organic-Healthy,,cash,yes,13:00-23:30;,Mon;Tue;Wed;Thu;Fri;
U1135,135028,0,0,0,22.170396,-100.949936,false,casual drinker,informal,family,on foot,single,kids,1988,variety,hunter-ostentatious,Catholic,student,purple,66,low,1.54,Organic-Healthy,Mexican,cash,none,13:00-23:30;,Mon;Tue;Wed;Thu;Fri;
U1135,135032,0,0,0,22.170396,-100.949936,false,casual drinker,informal,family,on foot,single,kids,1988,variety,hunter-ostentatious,Catholic,student,purple,66,low,1.54,Organic-Healthy,Cafeteria,cash,public,07:00-23:30;,Mon;Tue;Wed;Thu;Fri;
U1135,135042,0,0,0,22.170396,-100.949936,false,casual drinker,informal,family,on foot,single,kids,1988,variety,hunter-ostentatious,Catholic,student,purple,66,low,1.54,Organic-Healthy,Chinese,cash,none,11:00-21:30;,Mon;Tue;Wed;Thu;Fri;
U1135,135060,0,0,0,22.170396,-100.949936,false,casual drinker,informal,family,on foot,single,kids,1988,variety,hunter-ostentatious,Catholic,student,purple,66,low,1.54,Organic-Healthy,Seafood,cash,none,11:30-19:00;,Mon;Tue;Wed;Thu;Fri;
U1048,135049,1,0,2,22.142208,-101.022785,true,casual drinker,no preference,?,public,single,independent,1988,eco-friendly,thrifty-protector,none,student,green,65,medium,1.7,Mexican,Seafood,cash,none,12:00-20:00;,Mon;Tue;Wed;Thu;Fri;
U1048,135026,2,2,2,22.142208,-101.022785,true,casual drinker,no preference,?,public,single,independent,1988,eco-friendly,thrifty-protector,none,student,green,65,medium,1.7,Mexican,Bar,,none,13:30-23:30;,Mon;Tue;Wed;Thu;Fri;
U1048,135034,2,2,1,22.142208,-101.022785,true,casual drinker,no preference,?,public,single,independent,1988,eco-friendly,thrifty-protector,none,student,green,65,medium,1.7,Mexican,Japanese,cash,none,13:30-23:00;,Mon;Tue;Wed;Thu;Fri;
U1048,135048,0,1,0,22.142208,-101.022785,true,casual drinker,no preference,?,public,single,independent,1988,eco-friendly,thrifty-protector,none,student,green,65,medium,1.7,Mexican,Bar,cash,yes,11:00-22:30;,Mon;Tue;Wed;Thu;Fri;
U1048,135065,2,2,0,22.142208,-101.022785,true,casual drinker,no preference,?,public,single,independent,1988,eco-friendly,thrifty-protector,none,student,green,65,medium,1.7,Mexican,,cash,none,14:00-23:30;,Mon;Tue;Wed;Thu;Fri;
U1048,132755,2,2,2,22.142208,-101.022785,true,casual drinker,no preference,?,public,single,independent,1988,eco-friendly,thrifty-protector,none,student,green,65,medium,1.7,Mexican,Mexican,cash,public,00:00-23:30;,Mon;Tue;Wed;Thu;Fri;
U1048,132723,2,2,2,22.142208,-101.022785,true,casual drinker,no preference,?,public,single,independent,1988,eco-friendly,thrifty-protector,none,student,green,65,medium,1.7,Mexican,Mexican,cash,public,06:30-15:00;,Mon;Tue;Wed;Thu;Fri;
U1062,135085,0,0,0,22.195826,-101.006317,false,casual drinker,informal,friends,car owner,single,independent,1985,variety,hard-worker,Catholic,student,yellow,88,medium,1.68,Mexican,Fast_Food,cash,public,00:00-00:00;,Mon;Tue;Wed;Thu;Fri;
U1062,135053,0,0,0,22.195826,-101.006317,false,casual drinker,informal,friends,car owner,single,independent,1985,variety,hard-worker,Catholic,student,yellow,88,medium,1.68,Mexican,Cafeteria,cash,yes,11:00-22:00;,Mon;Tue;Wed;Thu;Fri;
U1092,135071,1,0,0,22.125365,-100.947888,false,abstemious,formal,solitary,public,single,dependent,1990,variety,thrifty-protector,Catholic,?,red,70,medium,1.69,Game,Bar,cash,yes,13:00-23:30;,Mon;Tue;Wed;Thu;Fri;
U1062,132825,0,0,0,22.195826,-101.006317,false,casual drinker,informal,friends,car owner,single,independent,1985,variety,hard-worker,Catholic,student,yellow,88,medium,1.68,Mexican,Mexican,cash,none,09:00-12:00;,Mon;Tue;Wed;Thu;Fri;
U1092,135085,0,0,0,22.125365,-100.947888,false,abstemious,formal,solitary,public,single,dependent,1990,variety,thrifty-protector,Catholic,?,red,70,medium,1.69,Game,Fast_Food,cash,public,00:00-00:00;,Mon;Tue;Wed;Thu;Fri;
U1062,135052,0,0,0,22.195826,-101.006317,false,casual drinker,informal,friends,car owner,single,independent,1985,variety,hard-worker,Catholic,student,yellow,88,medium,1.68,Mexican,Bar,cash,none,08:00-23:30;,Mon;Tue;Wed;Thu;Fri;
U1092,135046,0,0,0,22.125365,-100.947888,false,abstemious,formal,solitary,public,single,dependent,1990,variety,thrifty-protector,Catholic,?,red,70,medium,1.69,Game,Fast_Food,cash,yes,08:30-21:00;,Mon;Tue;Wed;Thu;Fri;
U1062,135062,0,0,0,22.195826,-101.006317,false,casual drinker,informal,friends,car owner,single,independent,1985,variety,hard-worker,Catholic,student,yellow,88,medium,1.68,Mexican,,cash,yes,00:00-23:30;,Mon;Tue;Wed;Thu;Fri;
U1092,132572,1,0,0,22.125365,-100.947888,false,abstemious,formal,solitary,public,single,dependent,1990,variety,thrifty-protector,Catholic,?,red,70,medium,1.69,Game,Cafeteria,cash,yes,00:00-23:30;,Mon;Tue;Wed;Thu;Fri;
U1062,135038,0,0,0,22.195826,-101.006317,false,casual drinker,informal,friends,car owner,single,independent,1985,variety,hard-worker,Catholic,student,yellow,88,medium,1.68,Mexican,,cash,none,08:00-17:00;,Mon;Tue;Wed;Thu;Fri;
U1062,135045,0,0,0,22.195826,-101.006317,false,casual drinker,informal,friends,car owner,single,independent,1985,variety,hard-worker,Catholic,student,yellow,88,medium,1.68,Mexican,,cash,yes,13:00-23:30;,Mon;Tue;Wed;Thu;Fri;
U1092,135025,2,1,1,22.125365,-100.947888,false,abstemious,formal,solitary,public,single,dependent,1990,variety,thrifty-protector,Catholic,?,red,70,medium,1.69,Game,Mexican,cash,none,18:00-23:30;,Mon;Tue;Wed;Thu;Fri;
U1062,132834,0,0,0,22.195826,-101.006317,false,casual drinker,informal,friends,car owner,single,independent,1985,variety,hard-worker,Catholic,student,yellow,88,medium,1.68,Mexican,Mexican,cash,public,08:30-15:00;,Mon;Tue;Wed;Thu;Fri;
U1092,132723,1,1,1,22.125365,-100.947888,false,abstemious,formal,solitary,public,single,dependent,1990,variety,thrifty-protector,Catholic,?,red,70,medium,1.69,Game,Mexican,cash,public,06:30-15:00;,Mon;Tue;Wed;Thu;Fri;
U1051,134996,1,1,2,18.877719,-99.22299,false,casual drinker,no preference,family,public,single,independent,1979,variety,thrifty-protector,none,professional,blue,74,medium,1.76,Mexican,,cash,yes,07:00-23:00;,Mon;Tue;Wed;Thu;Fri;
U1013,132875,2,2,1,22.174624,-100.993873,false,abstemious,no preference,friends,public,widow,independent,1982,retro,thrifty-protector,none,professional,blue,80,medium,1.75,Japanese,Japanese,cash,valet parking,00:00-23:30;,Mon;Tue;Wed;Thu;Fri;
U1085,135043,2,2,2,22.196787,-100.936335,false,abstemious,no preference,solitary,car owner,single,independent,1988,technology,thrifty-protector,Catholic,student,black,84,?,1.7,Mexican,Fast_Food,cash,none,00:00-00:00;,Mon;Tue;Wed;Thu;Fri;
U1085,132885,0,0,0,22.196787,-100.936335,false,abstemious,no preference,solitary,car owner,single,independent,1988,technology,thrifty-protector,Catholic,student,black,84,?,1.7,Mexican,Cafeteria,cash,public,08:00-23:30;,Mon;Tue;Wed;Thu;Fri;
U1085,135050,2,2,2,22.196787,-100.936335,false,abstemious,no preference,solitary,car owner,single,independent,1988,technology,thrifty-protector,Catholic,student,black,84,?,1.7,Mexican,,cash,yes,12:00-19:30;,Mon;Tue;Wed;Thu;Fri;
U1085,135076,2,2,2,22.196787,-100.936335,false,abstemious,no preference,solitary,car owner,single,independent,1988,technology,thrifty-protector,Catholic,student,black,84,?,1.7,Mexican,,cash,yes,12:00-23:30;,Mon;Tue;Wed;Thu;Fri;
U1085,135081,2,2,2,22.196787,-100.936335,false,abstemious,no preference,solitary,car owner,single,independent,1988,technology,thrifty-protector,Catholic,student,black,84,?,1.7,Mexican,,cash,none,14:00-23:30;,Mon;Tue;Wed;Thu;Fri;
U1109,135028,2,2,2,22.303308,-101.05468,false,abstemious,formal,solitary,public,single,independent,1989,eco-friendly,thrifty-protector,Catholic,student,blue,57,low,1.72,Mexican,Mexican,cash,none,13:00-23:30;,Mon;Tue;Wed;Thu;Fri;
U1109,132856,1,1,1,22.303308,-101.05468,false,abstemious,formal,solitary,public,single,independent,1989,eco-friendly,thrifty-protector,Catholic,student,blue,57,low,1.72,Mexican,Italian,cash,none,10:30-22:30;,Mon;Tue;Wed;Thu;Fri;
U1085,135042,0,0,0,22.196787,-100.936335,false,abstemious,no preference,solitary,car owner,single,independent,1988,technology,thrifty-protector,Catholic,student,black,84,?,1.7,Mexican,Chinese,cash,none,11:00-21:30;,Mon;Tue;Wed;Thu;Fri;
U1085,135059,2,2,1,22.196787,-100.936335,false,abstemious,no preference,solitary,car owner,single,independent,1988,technology,thrifty-protector,Catholic,student,black,84,?,1.7,Mexican,Bar,cash,yes,12:00-23:30;,Mon;Tue;Wed;Thu;Fri;
U1109,132825,2,2,2,22.303308,-101.05468,false,abstemious,formal,solitary,public,single,independent,1989,eco-friendly,thrifty-protector,Catholic,student,blue,57,low,1.72,Mexican,Mexican,cash,none,09:00-12:00;,Mon;Tue;Wed;Thu;Fri;
U1085,132872,0,2,2,22.196787,-100.936335,false,abstemious,no preference,solitary,car owner,single,independent,1988,technology,thrifty-protector,Catholic,student,black,84,?,1.7,Mexican,American,cash,public,09:00-21:00;,Mon;Tue;Wed;Thu;Fri;
U1085,135055,2,2,2,22.196787,-100.936335,false,abstemious,no preference,solitary,car owner,single,independent,1988,technology,thrifty-protector,Catholic,student,black,84,?,1.7,Mexican,Mexican,cash,yes,14:00-22:00;,Mon;Tue;Wed;Thu;Fri;
U1109,135032,2,2,2,22.303308,-101.05468,false,abstemious,formal,solitary,public,single,independent,1989,eco-friendly,thrifty-protector,Catholic,student,blue,57,low,1.72,Mexican,Cafeteria,cash,public,07:00-23:30;,Mon;Tue;Wed;Thu;Fri;
U1085,132825,2,2,2,22.196787,-100.936335,false,abstemious,no preference,solitary,car owner,single,independent,1988,technology,thrifty-protector,Catholic,student,black,84,?,1.7,Mexican,Mexican,cash,none,09:00-12:00;,Mon;Tue;Wed;Thu;Fri;
U1109,135063,2,2,2,22.303308,-101.05468,false,abstemious,formal,solitary,public,single,independent,1989,eco-friendly,thrifty-protector,Catholic,student,blue,57,low,1.72,Mexican,,cash,none,08:30-19:30;,Mon;Tue;Wed;Thu;Fri;
U1109,135042,2,2,2,22.303308,-101.05468,false,abstemious,formal,solitary,public,single,independent,1989,eco-friendly,thrifty-protector,Catholic,student,blue,57,low,1.72,Mexican,Chinese,cash,none,11:00-21:30;,Mon;Tue;Wed;Thu;Fri;
U1109,135058,2,2,2,22.303308,-101.05468,false,abstemious,formal,solitary,public,single,independent,1989,eco-friendly,thrifty-protector,Catholic,student,blue,57,low,1.72,Mexican,Pizzeria,cash,public,13:00-23:00;,Mon;Tue;Wed;Thu;Fri;
U1109,135085,2,2,2,22.303308,-101.05468,false,abstemious,formal,solitary,public,single,independent,1989,eco-friendly,thrifty-protector,Catholic,student,blue,57,low,1.72,Mexican,Fast_Food,cash,public,00:00-00:00;,Mon;Tue;Wed;Thu;Fri;
U1109,135038,2,2,2,22.303308,-101.05468,false,abstemious,formal,solitary,public,single,independent,1989,eco-friendly,thrifty-protector,Catholic,student,blue,57,low,1.72,Mexican,,cash,none,08:00-17:00;,Mon;Tue;Wed;Thu;Fri;
U1109,132872,1,1,1,22.303308,-101.05468,false,abstemious,formal,solitary,public,single,independent,1989,eco-friendly,thrifty-protector,Catholic,student,blue,57,low,1.72,Mexican,American,cash,public,09:00-21:00;,Mon;Tue;Wed;Thu;Fri;
U1078,135081,1,1,1,22.172109,-100.963199,true,social drinker,informal,solitary,car owner,single,independent,1983,variety,hard-worker,Catholic,professional,blue,69,medium,1.69,Mexican,,cash,none,14:00-23:30;,Mon;Tue;Wed;Thu;Fri;
U1078,135060,2,2,2,22.172109,-100.963199,true,social drinker,informal,solitary,car owner,single,independent,1983,variety,hard-worker,Catholic,professional,blue,69,medium,1.69,Mexican,Seafood,cash,none,11:30-19:00;,Mon;Tue;Wed;Thu;Fri;
U1078,135106,2,2,2,22.172109,-100.963199,true,social drinker,informal,solitary,car owner,single,independent,1983,variety,hard-worker,Catholic,professional,blue,69,medium,1.69,Mexican,Mexican,cash,none,18:00-23:30;,Mon;Tue;Wed;Thu;Fri;
U1078,135041,2,1,2,22.172109,-100.963199,true,social drinker,informal,solitary,car owner,single,independent,1983,variety,hard-worker,Catholic,professional,blue,69,medium,1.69,Mexican,Bar,cash,none,00:00-00:00;,Mon;Tue;Wed;Thu;Fri;
U1078,132834,0,2,1,22.172109,-100.963199,true,social drinker,informal,solitary,car owner,single,independent,1983,variety,hard-worker,Catholic,professional,blue,69,medium,1.69,Mexican,Mexican,cash,public,08:30-15:00;,Mon;Tue;Wed;Thu;Fri;
U1078,135052,2,2,2,22.172109,-100.963199,true,social drinker,informal,solitary,car owner,single,independent,1983,variety,hard-worker,Catholic,professional,blue,69,medium,1.69,Mexican,Bar,cash,none,08:00-23:30;,Mon;Tue;Wed;Thu;Fri;
U1019,135079,0,0,0,22.153385,-100.975294,false,casual drinker,no preference,family,public,single,independent,1989,variety,thrifty-protector,Catholic,student,purple,59,medium,1.6,Family,Chinese,cash,none,13:00-22:30;,Mon;Tue;Wed;Thu;Fri;
U1102,132846,2,2,2,22.137131,-100.941151,false,social drinker,no preference,friends,on foot,single,independent,1989,eco-friendly,conformist,none,student,black,90,low,1.78,Pizzeria,International,cash,none,08:00-23:30;,Mon;Tue;Wed;Thu;Fri;
U1098,132885,1,1,0,22.182571,-100.963232,false,social drinker,formal,family,public,single,independent,1991,none,thrifty-protector,Catholic,student,green,68,medium,1.76,Mexican,Cafeteria,cash,public,08:00-23:30;,Mon;Tue;Wed;Thu;Fri;
U1098,135060,2,1,2,22.182571,-100.963232,false,social drinker,formal,family,public,single,independent,1991,none,thrifty-protector,Catholic,student,green,68,medium,1.76,Mexican,Seafood,cash,none,11:30-19:00;,Mon;Tue;Wed;Thu;Fri;
U1098,132856,1,2,1,22.182571,-100.963232,false,social drinker,formal,family,public,single,independent,1991,none,thrifty-protector,Catholic,student,green,68,medium,1.76,Mexican,Italian,cash,none,10:30-22:30;,Mon;Tue;Wed;Thu;Fri;
U1046,135026,1,0,2,22.144415,-100.933097,false,social drinker,no preference,friends,car owner,single,independent,1990,retro,hard-worker,Catholic,student,black,82,medium,1.84,Bar,Bar,,none,13:30-23:30;,Mon;Tue;Wed;Thu;Fri;
U1122,135066,2,1,1,22.169601,-100.991821,?,abstemious,?,?,?,?,?,1930,none,hard-worker,none,?,yellow,40,?,1.2,Afghan,,cash,yes,07:00-23:00;,Sat;
U1122,135065,2,2,2,22.169601,-100.991821,?,abstemious,?,?,?,?,?,1930,none,hard-worker,none,?,yellow,40,?,1.2,Afghan,,cash,none,14:00-23:30;,Mon;Tue;Wed;Thu;Fri;
U1122,132872,2,2,2,22.169601,-100.991821,?,abstemious,?,?,?,?,?,1930,none,hard-worker,none,?,yellow,40,?,1.2,Afghan,American,cash,public,09:00-21:00;,Mon;Tue;Wed;Thu;Fri;
U1122,135058,2,0,2,22.169601,-100.991821,?,abstemious,?,?,?,?,?,1930,none,hard-worker,none,?,yellow,40,?,1.2,Afghan,Pizzeria,cash,public,13:00-23:00;,Mon;Tue;Wed;Thu;Fri;
U1122,132834,2,1,1,22.169601,-100.991821,?,abstemious,?,?,?,?,?,1930,none,hard-worker,none,?,yellow,40,?,1.2,Afghan,Mexican,cash,public,08:30-15:00;,Mon;Tue;Wed;Thu;Fri;
U1122,132754,2,1,2,22.169601,-100.991821,?,abstemious,?,?,?,?,?,1930,none,hard-worker,none,?,yellow,40,?,1.2,Afghan,Mexican,cash,none,08:00-20:00;,Mon;Tue;Wed;Thu;Fri;
U1122,135079,2,2,2,22.169601,-100.991821,?,abstemious,?,?,?,?,?,1930,none,hard-worker,none,?,yellow,40,?,1.2,Afghan,Chinese,cash,none,13:00-22:30;,Mon;Tue;Wed;Thu;Fri;
U1122,135038,2,2,2,22.169601,-100.991821,?,abstemious,?,?,?,?,?,1930,none,hard-worker,none,?,yellow,40,?,1.2,Afghan,,cash,none,08:00-17:00;,Mon;Tue;Wed;Thu;Fri;
U1122,135085,2,2,1,22.169601,-100.991821,?,abstemious,?,?,?,?,?,1930,none,hard-worker,none,?,yellow,40,?,1.2,Afghan,Fast_Food,cash,public,00:00-00:00;,Mon;Tue;Wed;Thu;Fri;
U1122,135030,2,1,1,22.169601,-100.991821,?,abstemious,?,?,?,?,?,1930,none,hard-worker,none,?,yellow,40,?,1.2,Afghan,Cafe-Coffee_Shop,cash,none,00:00-00:00;,Mon;Tue;Wed;Thu;Fri;
U1122,135064,1,1,1,22.169601,-100.991821,?,abstemious,?,?,?,?,?,1930,none,hard-worker,none,?,yellow,40,?,1.2,Afghan,,cash,yes,07:00-22:30;,Mon;Tue;Wed;Thu;Fri;
U1122,135053,2,2,2,22.169601,-100.991821,?,abstemious,?,?,?,?,?,1930,none,hard-worker,none,?,yellow,40,?,1.2,Afghan,Cafeteria,cash,yes,11:00-22:00;,Mon;Tue;Wed;Thu;Fri;
U1138,132921,2,2,1,22.152884,-100.939663,false,social drinker,formal,friends,public,single,independent,1991,variety,thrifty-protector,none,student,blue,54,medium,1.55,Pizzeria,Bar,cash,none,01:00-20:30;,Mon;Tue;Wed;Thu;Fri;
U1138,132922,2,2,2,22.152884,-100.939663,false,social drinker,formal,friends,public,single,independent,1991,variety,thrifty-protector,none,student,blue,54,medium,1.55,Pizzeria,Cafeteria,cash,none,19:00-23:00;,Mon;Tue;Wed;Thu;Fri;
U1138,132925,1,2,1,22.152884,-100.939663,false,social drinker,formal,friends,public,single,independent,1991,variety,thrifty-protector,none,student,blue,54,medium,1.55,Pizzeria,Mexican,cash,none,09:00-21:00;,Mon;Tue;Wed;Thu;Fri;
U1013,132921,2,2,1,22.174624,-100.993873,false,abstemious,no preference,friends,public,widow,independent,1982,retro,thrifty-protector,none,professional,blue,80,medium,1.75,Japanese,Bar,cash,none,01:00-20:30;,Mon;Tue;Wed;Thu;Fri;
U1098,135085,1,2,1,22.182571,-100.963232,false,social drinker,formal,family,public,single,independent,1991,none,thrifty-protector,Catholic,student,green,68,medium,1.76,Mexican,Fast_Food,cash,public,00:00-00:00;,Mon;Tue;Wed;Thu;Fri;
U1098,132825,1,1,1,22.182571,-100.963232,false,social drinker,formal,family,public,single,independent,1991,none,thrifty-protector,Catholic,student,green,68,medium,1.76,Mexican,Mexican,cash,none,09:00-12:00;,Mon;Tue;Wed;Thu;Fri;
U1098,135079,2,1,1,22.182571,-100.963232,false,social drinker,formal,family,public,single,independent,1991,none,thrifty-protector,Catholic,student,green,68,medium,1.76,Mexican,Chinese,cash,none,13:00-22:30;,Mon;Tue;Wed;Thu;Fri;
U1098,135032,2,1,1,22.182571,-100.963232,false,social drinker,formal,family,public,single,independent,1991,none,thrifty-protector,Catholic,student,green,68,medium,1.76,Mexican,Cafeteria,cash,public,07:00-23:30;,Mon;Tue;Wed;Thu;Fri;
U1098,135038,1,1,1,22.182571,-100.963232,false,social drinker,formal,family,public,single,independent,1991,none,thrifty-protector,Catholic,student,green,68,medium,1.76,Mexican,,cash,none,08:00-17:00;,Mon;Tue;Wed;Thu;Fri;
U1098,132861,2,2,1,22.182571,-100.963232,false,social drinker,formal,family,public,single,independent,1991,none,thrifty-protector,Catholic,student,green,68,medium,1.76,Mexican,Burgers,cash,yes,10:00-23:30;,Mon;Tue;Wed;Thu;Fri;
U1098,135046,1,2,1,22.182571,-100.963232,false,social drinker,formal,family,public,single,independent,1991,none,thrifty-protector,Catholic,student,green,68,medium,1.76,Mexican,Fast_Food,cash,yes,08:30-21:00;,Mon;Tue;Wed;Thu;Fri;
U1098,132862,1,2,2,22.182571,-100.963232,false,social drinker,formal,family,public,single,independent,1991,none,thrifty-protector,Catholic,student,green,68,medium,1.76,Mexican,International,cash,valet parking,09:30-23:30;,Mon;Tue;Wed;Thu;Fri;
U1098,132921,1,2,1,22.182571,-100.963232,false,social drinker,formal,family,public,single,independent,1991,none,thrifty-protector,Catholic,student,green,68,medium,1.76,Mexican,Bar,cash,none,01:00-20:30;,Mon;Tue;Wed;Thu;Fri;
U1034,132884,0,0,0,22.137178,-101.013169,false,casual drinker,informal,family,public,single,independent,1990,technology,thrifty-protector,Catholic,student,yellow,50,medium,1.58,Mexican,,,none,00:00-23:30;,Mon;Tue;Wed;Thu;Fri;
U1034,135055,0,0,0,22.137178,-101.013169,false,casual drinker,informal,family,public,single,independent,1990,technology,thrifty-protector,Catholic,student,yellow,50,medium,1.58,Mexican,Mexican,cash,yes,14:00-22:00;,Mon;Tue;Wed;Thu;Fri;
U1034,135035,1,1,1,22.137178,-101.013169,false,casual drinker,informal,family,public,single,independent,1990,technology,thrifty-protector,Catholic,student,yellow,50,medium,1.58,Mexican,Italian,cash,yes,13:30-23:30;,Mon;Tue;Wed;Thu;Fri;
U1033,135065,1,1,1,22.15,-100.983,false,social drinker,no preference,family,on foot,single,?,1991,none,hard-worker,none,student,yellow,54,low,1.6,Mexican,,cash,none,14:00-23:30;,Mon;Tue;Wed;Thu;Fri;
U1033,135028,2,1,1,22.15,-100.983,false,social drinker,no preference,family,on foot,single,?,1991,none,hard-worker,none,student,yellow,54,low,1.6,Mexican,Mexican,cash,none,13:00-23:30;,Mon;Tue;Wed;Thu;Fri;
U1033,135085,2,2,2,22.15,-100.983,false,social drinker,no preference,family,on foot,single,?,1991,none,hard-worker,none,student,yellow,54,low,1.6,Mexican,Fast_Food,cash,public,00:00-00:00;,Mon;Tue;Wed;Thu;Fri;
U1033,135046,2,1,1,22.15,-100.983,false,social drinker,no preference,family,on foot,single,?,1991,none,hard-worker,none,student,yellow,54,low,1.6,Mexican,Fast_Food,cash,yes,08:30-21:00;,Mon;Tue;Wed;Thu;Fri;
U1033,135045,2,1,2,22.15,-100.983,false,social drinker,no preference,family,on foot,single,?,1991,none,hard-worker,none,student,yellow,54,low,1.6,Mexican,,cash,yes,13:00-23:30;,Mon;Tue;Wed;Thu;Fri;
U1033,132951,2,1,0,22.15,-100.983,false,social drinker,no preference,family,on foot,single,?,1991,none,hard-worker,none,student,yellow,54,low,1.6,Mexican,American,cash,yes,00:00-23:30;,Mon;Tue;Wed;Thu;Fri;
U1033,132572,1,0,0,22.15,-100.983,false,social drinker,no preference,family,on foot,single,?,1991,none,hard-worker,none,student,yellow,54,low,1.6,Mexican,Cafeteria,cash,yes,00:00-23:30;,Mon;Tue;Wed;Thu;Fri;
U1033,132921,2,1,1,22.15,-100.983,false,social drinker,no preference,family,on foot,single,?,1991,none,hard-worker,none,student,yellow,54,low,1.6,Mexican,Bar,cash,none,01:00-20:30;,Mon;Tue;Wed;Thu;Fri;
U1033,135075,2,1,0,22.15,-100.983,false,social drinker,no preference,family,on foot,single,?,1991,none,hard-worker,none,student,yellow,54,low,1.6,Mexican,Seafood,cash,yes,00:00-23:30;,Mon;Tue;Wed;Thu;Fri;
U1033,135038,1,1,1,22.15,-100.983,false,social drinker,no preference,family,on foot,single,?,1991,none,hard-worker,none,student,yellow,54,low,1.6,Mexican,,cash,none,08:00-17:00;,Mon;Tue;Wed;Thu;Fri;
U1033,135030,2,1,1,22.15,-100.983,false,social drinker,no preference,family,on foot,single,?,1991,none,hard-worker,none,student,yellow,54,low,1.6,Mexican,Cafe-Coffee_Shop,cash,none,00:00-00:00;,Mon;Tue;Wed;Thu;Fri;
U1089,135058,1,1,1,22.162562,-100.99313,true,casual drinker,informal,family,public,single,independent,1990,variety,conformist,Catholic,student,white,54,low,1.6,Mexican,Pizzeria,cash,public,13:00-23:00;,Mon;Tue;Wed;Thu;Fri;
U1089,135064,1,1,1,22.162562,-100.99313,true,casual drinker,informal,family,public,single,independent,1990,variety,conformist,Catholic,student,white,54,low,1.6,Mexican,,cash,yes,07:00-22:30;,Mon;Tue;Wed;Thu;Fri;
U1089,135028,1,1,1,22.162562,-100.99313,true,casual drinker,informal,family,public,single,independent,1990,variety,conformist,Catholic,student,white,54,low,1.6,Mexican,Mexican,cash,none,13:00-23:30;,Mon;Tue;Wed;Thu;Fri;
U1089,132951,1,1,1,22.162562,-100.99313,true,casual drinker,informal,family,public,single,independent,1990,variety,conformist,Catholic,student,white,54,low,1.6,Mexican,American,cash,yes,00:00-23:30;,Mon;Tue;Wed;Thu;Fri;
U1003,135064,0,0,0,22.119847,-100.946527,false,social drinker,formal,family,public,single,independent,1989,none,hard-worker,Catholic,student,blue,60,low,1.69,Mexican,,cash,yes,07:00-22:30;,Mon;Tue;Wed;Thu;Fri;
U1089,132921,1,1,1,22.162562,-100.99313,true,casual drinker,informal,family,public,single,independent,1990,variety,conformist,Catholic,student,white,54,low,1.6,Mexican,Bar,cash,none,01:00-20:30;,Mon;Tue;Wed;Thu;Fri;
U1003,132825,2,2,1,22.119847,-100.946527,false,social drinker,formal,family,public,single,independent,1989,none,hard-worker,Catholic,student,blue,60,low,1.69,Mexican,Mexican,cash,none,09:00-12:00;,Mon;Tue;Wed;Thu;Fri;
U1089,132754,1,1,1,22.162562,-100.99313,true,casual drinker,informal,family,public,single,independent,1990,variety,conformist,Catholic,student,white,54,low,1.6,Mexican,Mexican,cash,none,08:00-20:00;,Mon;Tue;Wed;Thu;Fri;
U1003,135075,2,2,2,22.119847,-100.946527,false,social drinker,formal,family,public,single,independent,1989,none,hard-worker,Catholic,student,blue,60,low,1.69,Mexican,Seafood,cash,yes,00:00-23:30;,Mon;Tue;Wed;Thu;Fri;
U1089,135026,1,1,1,22.162562,-100.99313,true,casual drinker,informal,family,public,single,independent,1990,variety,conformist,Catholic,student,white,54,low,1.6,Mexican,Bar,,none,13:30-23:30;,Mon;Tue;Wed;Thu;Fri;
U1003,132862,1,2,2,22.119847,-100.946527,false,social drinker,formal,family,public,single,independent,1989,none,hard-worker,Catholic,student,blue,60,low,1.69,Mexican,International,cash,valet parking,09:30-23:30;,Mon;Tue;Wed;Thu;Fri;
U1089,132872,1,1,1,22.162562,-100.99313,true,casual drinker,informal,family,public,single,independent,1990,variety,conformist,Catholic,student,white,54,low,1.6,Mexican,American,cash,public,09:00-21:00;,Mon;Tue;Wed;Thu;Fri;
U1089,135085,1,1,1,22.162562,-100.99313,true,casual drinker,informal,family,public,single,independent,1990,variety,conformist,Catholic,student,white,54,low,1.6,Mexican,Fast_Food,cash,public,00:00-00:00;,Mon;Tue;Wed;Thu;Fri;
U1003,135041,0,1,1,22.119847,-100.946527,false,social drinker,formal,family,public,single,independent,1989,none,hard-worker,Catholic,student,blue,60,low,1.69,Mexican,Bar,cash,none,00:00-00:00;,Mon;Tue;Wed;Thu;Fri;
U1089,135072,1,1,1,22.162562,-100.99313,true,casual drinker,informal,family,public,single,independent,1990,variety,conformist,Catholic,student,white,54,low,1.6,Mexican,Japanese,cash,none,13:00-23:00;,Mon;Tue;Wed;Thu;Fri;
U1089,132834,1,1,1,22.162562,-100.99313,true,casual drinker,informal,family,public,single,independent,1990,variety,conformist,Catholic,student,white,54,low,1.6,Mexican,Mexican,cash,public,08:30-15:00;,Mon;Tue;Wed;Thu;Fri;
U1003,132937,2,2,1,22.119847,-100.946527,false,social drinker,formal,family,public,single,independent,1989,none,hard-worker,Catholic,student,blue,60,low,1.69,Mexican,Bar,cash,none,21:00-02:00;,Mon;Tue;Wed;Thu;Fri;
U1089,132875,1,1,1,22.162562,-100.99313,true,casual drinker,informal,family,public,single,independent,1990,variety,conformist,Catholic,student,white,54,low,1.6,Mexican,Japanese,cash,valet parking,00:00-23:30;,Mon;Tue;Wed;Thu;Fri;
U1089,135038,0,0,0,22.162562,-100.99313,true,casual drinker,informal,family,public,single,independent,1990,variety,conformist,Catholic,student,white,54,low,1.6,Mexican,,cash,none,08:00-17:00;,Mon;Tue;Wed;Thu;Fri;
U1003,132922,2,2,2,22.119847,-100.946527,false,social drinker,formal,family,public,single,independent,1989,none,hard-worker,Catholic,student,blue,60,low,1.69,Mexican,Cafeteria,cash,none,19:00-23:00;,Mon;Tue;Wed;Thu;Fri;
U1091,132825,0,1,1,22.154677,-100.949013,false,casual drinker,no preference,family,car owner,single,independent,1989,eco-friendly,thrifty-protector,none,student,red,40,low,1.7,American,Mexican,cash,none,09:00-12:00;,Mon;Tue;Wed;Thu;Fri;
U1091,135075,2,2,2,22.154677,-100.949013,false,casual drinker,no preference,family,car owner,single,independent,1989,eco-friendly,thrifty-protector,none,student,red,40,low,1.7,American,Seafood,cash,yes,00:00-23:30;,Mon;Tue;Wed;Thu;Fri;
U1089,135079,0,0,0,22.162562,-100.99313,true,casual drinker,informal,family,public,single,independent,1990,variety,conformist,Catholic,student,white,54,low,1.6,Mexican,Chinese,cash,none,13:00-22:30;,Mon;Tue;Wed;Thu;Fri;
U1003,132723,2,2,1,22.119847,-100.946527,false,social drinker,formal,family,public,single,independent,1989,none,hard-worker,Catholic,student,blue,60,low,1.69,Mexican,Mexican,cash,public,06:30-15:00;,Mon;Tue;Wed;Thu;Fri;
U1091,132861,1,1,1,22.154677,-100.949013,false,casual drinker,no preference,family,car owner,single,independent,1989,eco-friendly,thrifty-protector,none,student,red,40,low,1.7,American,Burgers,cash,yes,10:00-23:30;,Mon;Tue;Wed;Thu;Fri;
U1003,132755,2,2,1,22.119847,-100.946527,false,social drinker,formal,family,public,single,independent,1989,none,hard-worker,Catholic,student,blue,60,low,1.69,Mexican,Mexican,cash,public,00:00-23:30;,Mon;Tue;Wed;Thu;Fri;
U1091,132875,1,2,2,22.154677,-100.949013,false,casual drinker,no preference,family,car owner,single,independent,1989,eco-friendly,thrifty-protector,none,student,red,40,low,1.7,American,Japanese,cash,valet parking,00:00-23:30;,Mon;Tue;Wed;Thu;Fri;
U1003,135080,2,1,2,22.119847,-100.946527,false,social drinker,formal,family,public,single,independent,1989,none,hard-worker,Catholic,student,blue,60,low,1.69,Mexican,,cash,none,14:00-23:30;,Mon;Tue;Wed;Thu;Fri;
U1091,135086,1,1,1,22.154677,-100.949013,false,casual drinker,no preference,family,car owner,single,independent,1989,eco-friendly,thrifty-protector,none,student,red,40,low,1.7,American,Burgers,cash,yes,08:00-23:00;,Mon;Tue;Wed;Thu;Fri;
U1003,135079,2,2,2,22.119847,-100.946527,false,social drinker,formal,family,public,single,independent,1989,none,hard-worker,Catholic,student,blue,60,low,1.69,Mexican,Chinese,cash,none,13:00-22:30;,Mon;Tue;Wed;Thu;Fri;
U1027,135066,0,0,0,22.16515,-100.987015,true,social drinker,no preference,?,public,single,independent,1989,retro,thrifty-protector,Catholic,student,purple,60,low,1.65,Family,,cash,yes,07:00-23:00;,Sat;
U1091,135080,0,1,1,22.154677,-100.949013,false,casual drinker,no preference,family,car owner,single,independent,1989,eco-friendly,thrifty-protector,none,student,red,40,low,1.7,American,,cash,none,14:00-23:30;,Mon;Tue;Wed;Thu;Fri;
U1027,132921,1,1,1,22.16515,-100.987015,true,social drinker,no preference,?,public,single,independent,1989,retro,thrifty-protector,Catholic,student,purple,60,low,1.65,Family,Bar,cash,none,01:00-20:30;,Mon;Tue;Wed;Thu;Fri;
U1091,132572,2,2,2,22.154677,-100.949013,false,casual drinker,no preference,family,car owner,single,independent,1989,eco-friendly,thrifty-protector,none,student,red,40,low,1.7,American,Cafeteria,cash,yes,00:00-23:30;,Mon;Tue;Wed;Thu;Fri;
U1027,135052,1,1,1,22.16515,-100.987015,true,social drinker,no preference,?,public,single,independent,1989,retro,thrifty-protector,Catholic,student,purple,60,low,1.65,Family,Bar,cash,none,08:00-23:30;,Mon;Tue;Wed;Thu;Fri;
U1091,132884,2,2,2,22.154677,-100.949013,false,casual drinker,no preference,family,car owner,single,independent,1989,eco-friendly,thrifty-protector,none,student,red,40,low,1.7,American,,,none,00:00-23:30;,Mon;Tue;Wed;Thu;Fri;
U1091,135035,1,1,1,22.154677,-100.949013,false,casual drinker,no preference,family,car owner,single,independent,1989,eco-friendly,thrifty-protector,none,student,red,40,low,1.7,American,Italian,cash,yes,13:30-23:30;,Mon;Tue;Wed;Thu;Fri;
U1027,132937,1,1,1,22.16515,-100.987015,true,social drinker,no preference,?,public,single,independent,1989,retro,thrifty-protector,Catholic,student,purple,60,low,1.65,Family,Bar,cash,none,21:00-02:00;,Mon;Tue;Wed;Thu;Fri;
U1027,132951,1,1,1,22.16515,-100.987015,true,social drinker,no preference,?,public,single,independent,1989,retro,thrifty-protector,Catholic,student,purple,60,low,1.65,Family,American,cash,yes,00:00-23:30;,Mon;Tue;Wed;Thu;Fri;
U1027,132925,1,1,1,22.16515,-100.987015,true,social drinker,no preference,?,public,single,independent,1989,retro,thrifty-protector,Catholic,student,purple,60,low,1.65,Family,Mexican,cash,none,09:00-21:00;,Mon;Tue;Wed;Thu;Fri;
U1027,132872,1,1,1,22.16515,-100.987015,true,social drinker,no preference,?,public,single,independent,1989,retro,thrifty-protector,Catholic,student,purple,60,low,1.65,Family,American,cash,public,09:00-21:00;,Mon;Tue;Wed;Thu;Fri;
U1027,132875,1,1,1,22.16515,-100.987015,true,social drinker,no preference,?,public,single,independent,1989,retro,thrifty-protector,Catholic,student,purple,60,low,1.65,Family,Japanese,cash,valet parking,00:00-23:30;,Mon;Tue;Wed;Thu;Fri;
U1027,135085,1,1,1,22.16515,-100.987015,true,social drinker,no preference,?,public,single,independent,1989,retro,thrifty-protector,Catholic,student,purple,60,low,1.65,Family,Fast_Food,cash,public,00:00-00:00;,Mon;Tue;Wed;Thu;Fri;
U1027,135042,1,1,1,22.16515,-100.987015,true,social drinker,no preference,?,public,single,independent,1989,retro,thrifty-protector,Catholic,student,purple,60,low,1.65,Family,Chinese,cash,none,11:00-21:30;,Mon;Tue;Wed;Thu;Fri;
U1027,135062,1,1,1,22.16515,-100.987015,true,social drinker,no preference,?,public,single,independent,1989,retro,thrifty-protector,Catholic,student,purple,60,low,1.65,Family,,cash,yes,00:00-23:30;,Mon;Tue;Wed;Thu;Fri;
U1029,135047,1,1,1,22.151796,-100.989075,true,casual drinker,formal,family,public,single,independent,1990,variety,conformist,Catholic,student,white,58,low,1.6,Mexican,,cash,yes,08:00-23:30;,Mon;Tue;Wed;Thu;Fri;
U1029,135059,2,1,1,22.151796,-100.989075,true,casual drinker,formal,family,public,single,independent,1990,variety,conformist,Catholic,student,white,58,low,1.6,Mexican,Bar,cash,yes,12:00-23:30;,Mon;Tue;Wed;Thu;Fri;
U1029,132937,1,1,1,22.151796,-100.989075,true,casual drinker,formal,family,public,single,independent,1990,variety,conformist,Catholic,student,white,58,low,1.6,Mexican,Bar,cash,none,21:00-02:00;,Mon;Tue;Wed;Thu;Fri;
U1029,135085,1,1,1,22.151796,-100.989075,true,casual drinker,formal,family,public,single,independent,1990,variety,conformist,Catholic,student,white,58,low,1.6,Mexican,Fast_Food,cash,public,00:00-00:00;,Mon;Tue;Wed;Thu;Fri;
U1029,132834,0,1,0,22.151796,-100.989075,true,casual drinker,formal,family,public,single,independent,1990,variety,conformist,Catholic,student,white,58,low,1.6,Mexican,Mexican,cash,public,08:30-15:00;,Mon;Tue;Wed;Thu;Fri;
U1029,132754,0,0,0,22.151796,-100.989075,true,casual drinker,formal,family,public,single,independent,1990,variety,conformist,Catholic,student,white,58,low,1.6,Mexican,Mexican,cash,none,08:00-20:00;,Mon;Tue;Wed;Thu;Fri;
U1029,132825,1,1,0,22.151796,-100.989075,true,casual drinker,formal,family,public,single,independent,1990,variety,conformist,Catholic,student,white,58,low,1.6,Mexican,Mexican,cash,none,09:00-12:00;,Mon;Tue;Wed;Thu;Fri;
U1029,132921,1,1,1,22.151796,-100.989075,true,casual drinker,formal,family,public,single,independent,1990,variety,conformist,Catholic,student,white,58,low,1.6,Mexican,Bar,cash,none,01:00-20:30;,Mon;Tue;Wed;Thu;Fri;
U1029,132862,1,1,1,22.151796,-100.989075,true,casual drinker,formal,family,public,single,independent,1990,variety,conformist,Catholic,student,white,58,low,1.6,Mexican,International,cash,valet parking,09:30-23:30;,Mon;Tue;Wed;Thu;Fri;
U1029,132922,1,1,1,22.151796,-100.989075,true,casual drinker,formal,family,public,single,independent,1990,variety,conformist,Catholic,student,white,58,low,1.6,Mexican,Cafeteria,cash,none,19:00-23:00;,Mon;Tue;Wed;Thu;Fri;
U1086,135063,1,1,1,22.157281,-100.98444,false,social drinker,no preference,family,car owner,single,independent,1991,variety,hunter-ostentatious,Catholic,student,red,49,medium,1.59,Italian,,cash,none,08:30-19:30;,Mon;Tue;Wed;Thu;Fri;
U1086,132921,1,1,1,22.157281,-100.98444,false,social drinker,no preference,family,car owner,single,independent,1991,variety,hunter-ostentatious,Catholic,student,red,49,medium,1.59,Italian,Bar,cash,none,01:00-20:30;,Mon;Tue;Wed;Thu;Fri;
U1086,135085,2,1,1,22.157281,-100.98444,false,social drinker,no preference,family,car owner,single,independent,1991,variety,hunter-ostentatious,Catholic,student,red,49,medium,1.59,Italian,Fast_Food,cash,public,00:00-00:00;,Mon;Tue;Wed;Thu;Fri;
U1086,132922,2,1,2,22.157281,-100.98444,false,social drinker,no preference,family,car owner,single,independent,1991,variety,hunter-ostentatious,Catholic,student,red,49,medium,1.59,Italian,Cafeteria,cash,none,19:00-23:00;,Mon;Tue;Wed;Thu;Fri;
U1086,132937,2,0,1,22.157281,-100.98444,false,social drinker,no preference,family,car owner,single,independent,1991,variety,hunter-ostentatious,Catholic,student,red,49,medium,1.59,Italian,Bar,cash,none,21:00-02:00;,Mon;Tue;Wed;Thu;Fri;
U1086,135045,2,2,2,22.157281,-100.98444,false,social drinker,no preference,family,car owner,single,independent,1991,variety,hunter-ostentatious,Catholic,student,red,49,medium,1.59,Italian,,cash,yes,13:00-23:30;,Mon;Tue;Wed;Thu;Fri;
U1086,135041,2,2,2,22.157281,-100.98444,false,social drinker,no preference,family,car owner,single,independent,1991,variety,hunter-ostentatious,Catholic,student,red,49,medium,1.59,Italian,Bar,cash,none,00:00-00:00;,Mon;Tue;Wed;Thu;Fri;
U1086,135060,1,1,1,22.157281,-100.98444,false,social drinker,no preference,family,car owner,single,independent,1991,variety,hunter-ostentatious,Catholic,student,red,49,medium,1.59,Italian,Seafood,cash,none,11:30-19:00;,Mon;Tue;Wed;Thu;Fri;
U1086,132951,1,1,1,22.157281,-100.98444,false,social drinker,no preference,family,car owner,single,independent,1991,variety,hunter-ostentatious,Catholic,student,red,49,medium,1.59,Italian,American,cash,yes,00:00-23:30;,Mon;Tue;Wed;Thu;Fri;
U1019,132921,0,0,0,22.153385,-100.975294,false,casual drinker,no preference,family,public,single,independent,1989,variety,thrifty-protector,Catholic,student,purple,59,medium,1.6,Family,Bar,cash,none,01:00-20:30;,Mon;Tue;Wed;Thu;Fri;
U1019,132834,0,0,0,22.153385,-100.975294,false,casual drinker,no preference,family,public,single,independent,1989,variety,thrifty-protector,Catholic,student,purple,59,medium,1.6,Family,Mexican,cash,public,08:30-15:00;,Mon;Tue;Wed;Thu;Fri;
U1137,132951,2,2,2,22.144803,-100.944623,false,social drinker,formal,family,public,single,independent,1989,eco-friendly,hard-worker,Catholic,student,blue,72,low,1.78,Mexican,American,cash,yes,00:00-23:30;,Mon;Tue;Wed;Thu;Fri;
U1019,135062,0,0,0,22.153385,-100.975294,false,casual drinker,no preference,family,public,single,independent,1989,variety,thrifty-protector,Catholic,student,purple,59,medium,1.6,Family,,cash,yes,00:00-23:30;,Mon;Tue;Wed;Thu;Fri;
U1019,135086,0,0,0,22.153385,-100.975294,false,casual drinker,no preference,family,public,single,independent,1989,variety,thrifty-protector,Catholic,student,purple,59,medium,1.6,Family,Burgers,cash,yes,08:00-23:00;,Mon;Tue;Wed;Thu;Fri;
U1137,135085,2,1,2,22.144803,-100.944623,false,social drinker,formal,family,public,single,independent,1989,eco-friendly,hard-worker,Catholic,student,blue,72,low,1.78,Mexican,Fast_Food,cash,public,00:00-00:00;,Mon;Tue;Wed;Thu;Fri;
U1137,132834,2,2,2,22.144803,-100.944623,false,social drinker,formal,family,public,single,independent,1989,eco-friendly,hard-worker,Catholic,student,blue,72,low,1.78,Mexican,Mexican,cash,public,08:30-15:00;,Mon;Tue;Wed;Thu;Fri;
U1090,132572,1,1,2,22.158473,-100.984268,false,social drinker,no preference,friends,car owner,single,independent,1988,variety,thrifty-protector,Catholic,student,blue,50,medium,1.54,Tex-Mex,Cafeteria,cash,yes,00:00-23:30;,Mon;Tue;Wed;Thu;Fri;
U1137,132862,2,2,2,22.144803,-100.944623,false,social drinker,formal,family,public,single,independent,1989,eco-friendly,hard-worker,Catholic,student,blue,72,low,1.78,Mexican,International,cash,valet parking,09:30-23:30;,Mon;Tue;Wed;Thu;Fri;
U1137,135058,0,2,2,22.144803,-100.944623,false,social drinker,formal,family,public,single,independent,1989,eco-friendly,hard-worker,Catholic,student,blue,72,low,1.78,Mexican,Pizzeria,cash,public,13:00-23:00;,Mon;Tue;Wed;Thu;Fri;
U1137,135059,2,0,2,22.144803,-100.944623,false,social drinker,formal,family,public,single,independent,1989,eco-friendly,hard-worker,Catholic,student,blue,72,low,1.78,Mexican,Bar,cash,yes,12:00-23:30;,Mon;Tue;Wed;Thu;Fri;
U1137,135062,2,2,2,22.144803,-100.944623,false,social drinker,formal,family,public,single,independent,1989,eco-friendly,hard-worker,Catholic,student,blue,72,low,1.78,Mexican,,cash,yes,00:00-23:30;,Mon;Tue;Wed;Thu;Fri;
U1137,132825,2,2,1,22.144803,-100.944623,false,social drinker,formal,family,public,single,independent,1989,eco-friendly,hard-worker,Catholic,student,blue,72,low,1.78,Mexican,Mexican,cash,none,09:00-12:00;,Mon;Tue;Wed;Thu;Fri;
U1137,132723,2,2,2,22.144803,-100.944623,false,social drinker,formal,family,public,single,independent,1989,eco-friendly,hard-worker,Catholic,student,blue,72,low,1.78,Mexican,Mexican,cash,public,06:30-15:00;,Mon;Tue;Wed;Thu;Fri;
U1137,132755,2,2,2,22.144803,-100.944623,false,social drinker,formal,family,public,single,independent,1989,eco-friendly,hard-worker,Catholic,student,blue,72,low,1.78,Mexican,Mexican,cash,public,00:00-23:30;,Mon;Tue;Wed;Thu;Fri;
U1137,135042,2,2,2,22.144803,-100.944623,false,social drinker,formal,family,public,single,independent,1989,eco-friendly,hard-worker,Catholic,student,blue,72,low,1.78,Mexican,Chinese,cash,none,11:00-21:30;,Mon;Tue;Wed;Thu;Fri;
U1137,132884,2,2,2,22.144803,-100.944623,false,social drinker,formal,family,public,single,independent,1989,eco-friendly,hard-worker,Catholic,student,blue,72,low,1.78,Mexican,,,none,00:00-23:30;,Mon;Tue;Wed;Thu;Fri;
U1137,135049,2,2,2,22.144803,-100.944623,false,social drinker,formal,family,public,single,independent,1989,eco-friendly,hard-worker,Catholic,student,blue,72,low,1.78,Mexican,Seafood,cash,none,12:00-20:00;,Mon;Tue;Wed;Thu;Fri;
U1137,135075,2,2,2,22.144803,-100.944623,false,social drinker,formal,family,public,single,independent,1989,eco-friendly,hard-worker,Catholic,student,blue,72,low,1.78,Mexican,Seafood,cash,yes,00:00-23:30;,Mon;Tue;Wed;Thu;Fri;
U1114,132825,0,0,0,22.177726,-101.014094,false,abstemious,no preference,family,on foot,single,independent,1991,variety,hard-worker,Catholic,student,blue,58,medium,1.68,Mexican,Mexican,cash,none,09:00-12:00;,Mon;Tue;Wed;Thu;Fri;
U1114,135065,0,0,0,22.177726,-101.014094,false,abstemious,no preference,family,on foot,single,independent,1991,variety,hard-worker,Catholic,student,blue,58,medium,1.68,Mexican,,cash,none,14:00-23:30;,Mon;Tue;Wed;Thu;Fri;
U1114,135058,0,0,0,22.177726,-101.014094,false,abstemious,no preference,family,on foot,single,independent,1991,variety,hard-worker,Catholic,student,blue,58,medium,1.68,Mexican,Pizzeria,cash,public,13:00-23:00;,Mon;Tue;Wed;Thu;Fri;
U1114,132723,0,0,0,22.177726,-101.014094,false,abstemious,no preference,family,on foot,single,independent,1991,variety,hard-worker,Catholic,student,blue,58,medium,1.68,Mexican,Mexican,cash,public,06:30-15:00;,Mon;Tue;Wed;Thu;Fri;
U1114,132951,0,0,0,22.177726,-101.014094,false,abstemious,no preference,family,on foot,single,independent,1991,variety,hard-worker,Catholic,student,blue,58,medium,1.68,Mexican,American,cash,yes,00:00-23:30;,Mon;Tue;Wed;Thu;Fri;
U1114,132872,1,1,1,22.177726,-101.014094,false,abstemious,no preference,family,on foot,single,independent,1991,variety,hard-worker,Catholic,student,blue,58,medium,1.68,Mexican,American,cash,public,09:00-21:00;,Mon;Tue;Wed;Thu;Fri;
U1114,132834,0,0,0,22.177726,-101.014094,false,abstemious,no preference,family,on foot,single,independent,1991,variety,hard-worker,Catholic,student,blue,58,medium,1.68,Mexican,Mexican,cash,public,08:30-15:00;,Mon;Tue;Wed;Thu;Fri;
U1114,135072,0,0,0,22.177726,-101.014094,false,abstemious,no preference,family,on foot,single,independent,1991,variety,hard-worker,Catholic,student,blue,58,medium,1.68,Mexican,Japanese,cash,none,13:00-23:00;,Mon;Tue;Wed;Thu;Fri;
U1114,132754,0,0,0,22.177726,-101.014094,false,abstemious,no preference,family,on foot,single,independent,1991,variety,hard-worker,Catholic,student,blue,58,medium,1.68,Mexican,Mexican,cash,none,08:00-20:00;,Mon;Tue;Wed;Thu;Fri;
U1114,132755,1,2,1,22.177726,-101.014094,false,abstemious,no preference,family,on foot,single,independent,1991,variety,hard-worker,Catholic,student,blue,58,medium,1.68,Mexican,Mexican,cash,public,00:00-23:30;,Mon;Tue;Wed;Thu;Fri;
U1061,132825,1,2,1,22.140388,-100.937321,false,social drinker,no preference,friends,car owner,single,independent,1990,none,hard-worker,Catholic,professional,blue,40,medium,1.76,Mexican,Mexican,cash,none,09:00-12:00;,Mon;Tue;Wed;Thu;Fri;
U1061,135048,2,2,2,22.140388,-100.937321,false,social drinker,no preference,friends,car owner,single,independent,1990,none,hard-worker,Catholic,professional,blue,40,medium,1.76,Mexican,Bar,cash,yes,11:00-22:30;,Mon;Tue;Wed;Thu;Fri;
U1061,132921,1,2,1,22.140388,-100.937321,false,social drinker,no preference,friends,car owner,single,independent,1990,none,hard-worker,Catholic,professional,blue,40,medium,1.76,Mexican,Bar,cash,none,01:00-20:30;,Mon;Tue;Wed;Thu;Fri;
U1061,135026,2,2,2,22.140388,-100.937321,false,social drinker,no preference,friends,car owner,single,independent,1990,none,hard-worker,Catholic,professional,blue,40,medium,1.76,Mexican,Bar,,none,13:30-23:30;,Mon;Tue;Wed;Thu;Fri;
U1061,132723,2,2,1,22.140388,-100.937321,false,social drinker,no preference,friends,car owner,single,independent,1990,none,hard-worker,Catholic,professional,blue,40,medium,1.76,Mexican,Mexican,cash,public,06:30-15:00;,Mon;Tue;Wed;Thu;Fri;
U1061,135075,2,2,2,22.140388,-100.937321,false,social drinker,no preference,friends,car owner,single,independent,1990,none,hard-worker,Catholic,professional,blue,40,medium,1.76,Mexican,Seafood,cash,yes,00:00-23:30;,Mon;Tue;Wed;Thu;Fri;
U1061,135034,2,2,2,22.140388,-100.937321,false,social drinker,no preference,friends,car owner,single,independent,1990,none,hard-worker,Catholic,professional,blue,40,medium,1.76,Mexican,Japanese,cash,none,13:30-23:00;,Mon;Tue;Wed;Thu;Fri;
U1061,135041,2,2,2,22.140388,-100.937321,false,social drinker,no preference,friends,car owner,single,independent,1990,none,hard-worker,Catholic,professional,blue,40,medium,1.76,Mexican,Bar,cash,none,00:00-00:00;,Mon;Tue;Wed;Thu;Fri;
U1013,132572,1,1,0,22.174624,-100.993873,false,abstemious,no preference,friends,public,widow,independent,1982,retro,thrifty-protector,none,professional,blue,80,medium,1.75,Japanese,Cafeteria,cash,yes,00:00-23:30;,Mon;Tue;Wed;Thu;Fri;
U1013,135075,2,2,1,22.174624,-100.993873,false,abstemious,no preference,friends,public,widow,independent,1982,retro,thrifty-protector,none,professional,blue,80,medium,1.75,Japanese,Seafood,cash,yes,00:00-23:30;,Mon;Tue;Wed;Thu;Fri;
U1061,135046,1,2,1,22.140388,-100.937321,false,social drinker,no preference,friends,car owner,single,independent,1990,none,hard-worker,Catholic,professional,blue,40,medium,1.76,Mexican,Fast_Food,cash,yes,08:30-21:00;,Mon;Tue;Wed;Thu;Fri;
U1061,132572,1,2,2,22.140388,-100.937321,false,social drinker,no preference,friends,car owner,single,independent,1990,none,hard-worker,Catholic,professional,blue,40,medium,1.76,Mexican,Cafeteria,cash,yes,00:00-23:30;,Mon;Tue;Wed;Thu;Fri;
U1061,135058,1,1,1,22.140388,-100.937321,false,social drinker,no preference,friends,car owner,single,independent,1990,none,hard-worker,Catholic,professional,blue,40,medium,1.76,Mexican,Pizzeria,cash,public,13:00-23:00;,Mon;Tue;Wed;Thu;Fri;
U1046,135044,1,1,0,22.144415,-100.933097,false,social drinker,no preference,friends,car owner,single,independent,1990,retro,hard-worker,Catholic,student,black,82,medium,1.84,Bar,Chinese,cash,none,13:00-22:30;,Mon;Tue;Wed;Thu;Fri;
U1046,135065,2,2,2,22.144415,-100.933097,false,social drinker,no preference,friends,car owner,single,independent,1990,retro,hard-worker,Catholic,student,black,82,medium,1.84,Bar,,cash,none,14:00-23:30;,Mon;Tue;Wed;Thu;Fri;
U1046,132921,2,1,2,22.144415,-100.933097,false,social drinker,no preference,friends,car owner,single,independent,1990,retro,hard-worker,Catholic,student,black,82,medium,1.84,Bar,Bar,cash,none,01:00-20:30;,Mon;Tue;Wed;Thu;Fri;
U1046,135085,1,2,1,22.144415,-100.933097,false,social drinker,no preference,friends,car owner,single,independent,1990,retro,hard-worker,Catholic,student,black,82,medium,1.84,Bar,Fast_Food,cash,public,00:00-00:00;,Mon;Tue;Wed;Thu;Fri;
U1046,132572,1,2,0,22.144415,-100.933097,false,social drinker,no preference,friends,car owner,single,independent,1990,retro,hard-worker,Catholic,student,black,82,medium,1.84,Bar,Cafeteria,cash,yes,00:00-23:30;,Mon;Tue;Wed;Thu;Fri;
U1046,135058,2,2,1,22.144415,-100.933097,false,social drinker,no preference,friends,car owner,single,independent,1990,retro,hard-worker,Catholic,student,black,82,medium,1.84,Bar,Pizzeria,cash,public,13:00-23:00;,Mon;Tue;Wed;Thu;Fri;
U1046,132951,1,1,2,22.144415,-100.933097,false,social drinker,no preference,friends,car owner,single,independent,1990,retro,hard-worker,Catholic,student,black,82,medium,1.84,Bar,American,cash,yes,00:00-23:30;,Mon;Tue;Wed;Thu;Fri;
U1046,132861,1,2,2,22.144415,-100.933097,false,social drinker,no preference,friends,car owner,single,independent,1990,retro,hard-worker,Catholic,student,black,82,medium,1.84,Bar,Burgers,cash,yes,10:00-23:30;,Mon;Tue;Wed;Thu;Fri;
U1041,135001,1,1,1,18.935191,-99.23624,false,abstemious,no preference,friends,on foot,single,independent,1985,eco-friendly,hunter-ostentatious,Catholic,professional,white,40,medium,1.62,Contemporary,,cash,yes,07:00-23:30;,Mon;Tue;Wed;Thu;Fri;
U1041,134983,2,2,2,18.935191,-99.23624,false,abstemious,no preference,friends,on foot,single,independent,1985,eco-friendly,hunter-ostentatious,Catholic,professional,white,40,medium,1.62,Contemporary,Bar,cash,yes,13:00-23:30;,Mon;Tue;Wed;Thu;Fri;
U1041,135021,2,2,2,18.935191,-99.23624,false,abstemious,no preference,friends,on foot,single,independent,1985,eco-friendly,hunter-ostentatious,Catholic,professional,white,40,medium,1.62,Contemporary,Fast_Food,cash,public,00:00-23:30;,Mon;Tue;Wed;Thu;Fri;
U1041,134992,2,2,2,18.935191,-99.23624,false,abstemious,no preference,friends,on foot,single,independent,1985,eco-friendly,hunter-ostentatious,Catholic,professional,white,40,medium,1.62,Contemporary,,cash,yes,08:00-21:30;,Mon;Tue;Wed;Thu;Fri;
U1041,132768,2,2,1,18.935191,-99.23624,false,abstemious,no preference,friends,on foot,single,independent,1985,eco-friendly,hunter-ostentatious,Catholic,professional,white,40,medium,1.62,Contemporary,Family,cash,none,09:00-19:00;,Mon;Tue;Wed;Thu;Fri;
U1041,135109,1,2,1,18.935191,-99.23624,false,abstemious,no preference,friends,on foot,single,independent,1985,eco-friendly,hunter-ostentatious,Catholic,professional,white,40,medium,1.62,Contemporary,Italian,cash,none,08:00-21:00;,Mon;Tue;Wed;Thu;Fri;
U1004,132954,2,2,2,18.867,-99.183,false,abstemious,informal,family,public,single,independent,1940,variety,hard-worker,none,professional,green,44,medium,1.53,Bakery,Breakfast-Brunch,cash,yes,08:00-22:30;,Mon;Tue;Wed;Thu;Fri;
U1004,132955,2,2,2,18.867,-99.183,false,abstemious,informal,family,public,single,independent,1940,variety,hard-worker,none,professional,green,44,medium,1.53,Bakery,Bar_Pub_Brewery,cash,none,00:00-23:30;,Mon;Tue;Wed;Thu;Fri;
U1004,132958,2,2,2,18.867,-99.183,false,abstemious,informal,family,public,single,independent,1940,variety,hard-worker,none,professional,green,44,medium,1.53,Bakery,American,cash,none,10:00-23:30;,Mon;Tue;Wed;Thu;Fri;
U1003,132754,2,2,2,22.119847,-100.946527,false,social drinker,formal,family,public,single,independent,1989,none,hard-worker,Catholic,student,blue,60,low,1.69,Mexican,Mexican,cash,none,08:00-20:00;,Mon;Tue;Wed;Thu;Fri;
U1059,135064,1,1,0,18.988278,-99.097023,false,abstemious,formal,friends,on foot,single,independent,1987,technology,thrifty-protector,Catholic,student,blue,57,medium,1.69,Mexican,,cash,yes,07:00-22:30;,Mon;Tue;Wed;Thu;Fri;
U1059,135075,2,2,1,18.988278,-99.097023,false,abstemious,formal,friends,on foot,single,independent,1987,technology,thrifty-protector,Catholic,student,blue,57,medium,1.69,Mexican,Seafood,cash,yes,00:00-23:30;,Mon;Tue;Wed;Thu;Fri;
U1059,135028,1,1,1,18.988278,-99.097023,false,abstemious,formal,friends,on foot,single,independent,1987,technology,thrifty-protector,Catholic,student,blue,57,medium,1.69,Mexican,Mexican,cash,none,13:00-23:30;,Mon;Tue;Wed;Thu;Fri;
U1061,132834,1,2,1,22.140388,-100.937321,false,social drinker,no preference,friends,car owner,single,independent,1990,none,hard-worker,Catholic,professional,blue,40,medium,1.76,Mexican,Mexican,cash,public,08:30-15:00;,Mon;Tue;Wed;Thu;Fri;
U1061,135086,1,1,2,22.140388,-100.937321,false,social drinker,no preference,friends,car owner,single,independent,1990,none,hard-worker,Catholic,professional,blue,40,medium,1.76,Mexican,Burgers,cash,yes,08:00-23:00;,Mon;Tue;Wed;Thu;Fri;
U1061,132754,2,2,2,22.140388,-100.937321,false,social drinker,no preference,friends,car owner,single,independent,1990,none,hard-worker,Catholic,professional,blue,40,medium,1.76,Mexican,Mexican,cash,none,08:00-20:00;,Mon;Tue;Wed;Thu;Fri;
U1061,135080,2,2,2,22.140388,-100.937321,false,social drinker,no preference,friends,car owner,single,independent,1990,none,hard-worker,Catholic,professional,blue,40,medium,1.76,Mexican,,cash,none,14:00-23:30;,Mon;Tue;Wed;Thu;Fri;
U1090,135062,2,2,2,22.158473,-100.984268,false,social drinker,no preference,friends,car owner,single,independent,1988,variety,thrifty-protector,Catholic,student,blue,50,medium,1.54,Tex-Mex,,cash,yes,00:00-23:30;,Mon;Tue;Wed;Thu;Fri;
U1090,135052,2,2,2,22.158473,-100.984268,false,social drinker,no preference,friends,car owner,single,independent,1988,variety,thrifty-protector,Catholic,student,blue,50,medium,1.54,Tex-Mex,Bar,cash,none,08:00-23:30;,Mon;Tue;Wed;Thu;Fri;
U1112,135047,0,0,0,22.143078,-100.908523,true,casual drinker,formal,friends,car owner,single,independent,1991,none,hard-worker,Catholic,student,white,69,medium,1.69,Mexican,,cash,yes,08:00-23:30;,Mon;Tue;Wed;Thu;Fri;
U1112,135026,1,1,1,22.143078,-100.908523,true,casual drinker,formal,friends,car owner,single,independent,1991,none,hard-worker,Catholic,student,white,69,medium,1.69,Mexican,Bar,,none,13:30-23:30;,Mon;Tue;Wed;Thu;Fri;
U1112,135064,0,1,1,22.143078,-100.908523,true,casual drinker,formal,friends,car owner,single,independent,1991,none,hard-worker,Catholic,student,white,69,medium,1.69,Mexican,,cash,yes,07:00-22:30;,Mon;Tue;Wed;Thu;Fri;
U1090,132862,2,2,2,22.158473,-100.984268,false,social drinker,no preference,friends,car owner,single,independent,1988,variety,thrifty-protector,Catholic,student,blue,50,medium,1.54,Tex-Mex,International,cash,valet parking,09:30-23:30;,Mon;Tue;Wed;Thu;Fri;
U1057,135070,1,1,1,22.196624,-100.91217,true,casual drinker,formal,friends,public,single,independent,1989,technology,hunter-ostentatious,Catholic,student,yellow,69,medium,1.83,American,,cash,yes,07:00-23:00;,Mon;Tue;Wed;Thu;Fri;
U1112,132954,0,0,1,22.143078,-100.908523,true,casual drinker,formal,friends,car owner,single,independent,1991,none,hard-worker,Catholic,student,white,69,medium,1.69,Mexican,Breakfast-Brunch,cash,yes,08:00-22:30;,Mon;Tue;Wed;Thu;Fri;
U1057,135043,1,1,1,22.196624,-100.91217,true,casual drinker,formal,friends,public,single,independent,1989,technology,hunter-ostentatious,Catholic,student,yellow,69,medium,1.83,American,Fast_Food,cash,none,00:00-00:00;,Mon;Tue;Wed;Thu;Fri;
U1112,135079,1,0,0,22.143078,-100.908523,true,casual drinker,formal,friends,car owner,single,independent,1991,none,hard-worker,Catholic,student,white,69,medium,1.69,Mexican,Chinese,cash,none,13:00-22:30;,Mon;Tue;Wed;Thu;Fri;
U1112,135062,0,0,1,22.143078,-100.908523,true,casual drinker,formal,friends,car owner,single,independent,1991,none,hard-worker,Catholic,student,white,69,medium,1.69,Mexican,,cash,yes,00:00-23:30;,Mon;Tue;Wed;Thu;Fri;
U1090,135051,1,2,1,22.158473,-100.984268,false,social drinker,no preference,friends,car owner,single,independent,1988,variety,thrifty-protector,Catholic,student,blue,50,medium,1.54,Tex-Mex,,cash,none,08:00-23:30;,Mon;Tue;Wed;Thu;Fri;
U1090,132954,2,2,2,22.158473,-100.984268,false,social drinker,no preference,friends,car owner,single,independent,1988,variety,thrifty-protector,Catholic,student,blue,50,medium,1.54,Tex-Mex,Breakfast-Brunch,cash,yes,08:00-22:30;,Mon;Tue;Wed;Thu;Fri;
U1112,135048,0,0,0,22.143078,-100.908523,true,casual drinker,formal,friends,car owner,single,independent,1991,none,hard-worker,Catholic,student,white,69,medium,1.69,Mexican,Bar,cash,yes,11:00-22:30;,Mon;Tue;Wed;Thu;Fri;
U1057,132954,1,0,0,22.196624,-100.91217,true,casual drinker,formal,friends,public,single,independent,1989,technology,hunter-ostentatious,Catholic,student,yellow,69,medium,1.83,American,Breakfast-Brunch,cash,yes,08:00-22:30;,Mon;Tue;Wed;Thu;Fri;
U1112,135086,0,0,0,22.143078,-100.908523,true,casual drinker,formal,friends,car owner,single,independent,1991,none,hard-worker,Catholic,student,white,69,medium,1.69,Mexican,Burgers,cash,yes,08:00-23:00;,Mon;Tue;Wed;Thu;Fri;
U1061,132955,2,2,2,22.140388,-100.937321,false,social drinker,no preference,friends,car owner,single,independent,1990,none,hard-worker,Catholic,professional,blue,40,medium,1.76,Mexican,Bar_Pub_Brewery,cash,none,00:00-23:30;,Mon;Tue;Wed;Thu;Fri;
U1112,132921,1,0,0,22.143078,-100.908523,true,casual drinker,formal,friends,car owner,single,independent,1991,none,hard-worker,Catholic,student,white,69,medium,1.69,Mexican,Bar,cash,none,01:00-20:30;,Mon;Tue;Wed;Thu;Fri;
U1061,132958,2,2,2,22.140388,-100.937321,false,social drinker,no preference,friends,car owner,single,independent,1990,none,hard-worker,Catholic,professional,blue,40,medium,1.76,Mexican,American,cash,none,10:00-23:30;,Mon;Tue;Wed;Thu;Fri;
U1112,135046,0,0,0,22.143078,-100.908523,true,casual drinker,formal,friends,car owner,single,independent,1991,none,hard-worker,Catholic,student,white,69,medium,1.69,Mexican,Fast_Food,cash,yes,08:30-21:00;,Mon;Tue;Wed;Thu;Fri;
U1090,135085,2,2,2,22.158473,-100.984268,false,social drinker,no preference,friends,car owner,single,independent,1988,variety,thrifty-protector,Catholic,student,blue,50,medium,1.54,Tex-Mex,Fast_Food,cash,public,00:00-00:00;,Mon;Tue;Wed;Thu;Fri;
U1112,132572,0,0,1,22.143078,-100.908523,true,casual drinker,formal,friends,car owner,single,independent,1991,none,hard-worker,Catholic,student,white,69,medium,1.69,Mexican,Cafeteria,cash,yes,00:00-23:30;,Mon;Tue;Wed;Thu;Fri;
U1090,132922,2,2,2,22.158473,-100.984268,false,social drinker,no preference,friends,car owner,single,independent,1988,variety,thrifty-protector,Catholic,student,blue,50,medium,1.54,Tex-Mex,Cafeteria,cash,none,19:00-23:00;,Mon;Tue;Wed;Thu;Fri;
U1025,132866,2,1,2,22.125603,-100.907844,false,social drinker,no preference,family,public,single,?,1990,none,thrifty-protector,Catholic,student,red,65,medium,1.79,Mexican,Bakery,cash,yes,09:00-22:00;,Mon;Tue;Wed;Thu;Fri;
U1057,135080,1,1,0,22.196624,-100.91217,true,casual drinker,formal,friends,public,single,independent,1989,technology,hunter-ostentatious,Catholic,student,yellow,69,medium,1.83,American,,cash,none,14:00-23:30;,Mon;Tue;Wed;Thu;Fri;
U1112,132834,1,0,0,22.143078,-100.908523,true,casual drinker,formal,friends,car owner,single,independent,1991,none,hard-worker,Catholic,student,white,69,medium,1.69,Mexican,Mexican,cash,public,08:30-15:00;,Mon;Tue;Wed;Thu;Fri;
U1057,132825,1,1,0,22.196624,-100.91217,true,casual drinker,formal,friends,public,single,independent,1989,technology,hunter-ostentatious,Catholic,student,yellow,69,medium,1.83,American,Mexican,cash,none,09:00-12:00;,Mon;Tue;Wed;Thu;Fri;
U1112,132862,1,1,1,22.143078,-100.908523,true,casual drinker,formal,friends,car owner,single,independent,1991,none,hard-worker,Catholic,student,white,69,medium,1.69,Mexican,International,cash,valet parking,09:30-23:30;,Mon;Tue;Wed;Thu;Fri;
U1061,132954,2,1,2,22.140388,-100.937321,false,social drinker,no preference,friends,car owner,single,independent,1990,none,hard-worker,Catholic,professional,blue,40,medium,1.76,Mexican,Breakfast-Brunch,cash,yes,08:00-22:30;,Mon;Tue;Wed;Thu;Fri;
U1025,132877,1,1,1,22.125603,-100.907844,false,social drinker,no preference,family,public,single,?,1990,none,thrifty-protector,Catholic,student,red,65,medium,1.79,Mexican,,,none,00:00-23:30;,Mon;Tue;Wed;Thu;Fri;
U1057,135064,1,1,0,22.196624,-100.91217,true,casual drinker,formal,friends,public,single,independent,1989,technology,hunter-ostentatious,Catholic,student,yellow,69,medium,1.83,American,,cash,yes,07:00-22:30;,Mon;Tue;Wed;Thu;Fri;
U1057,135046,1,0,0,22.196624,-100.91217,true,casual drinker,formal,friends,public,single,independent,1989,technology,hunter-ostentatious,Catholic,student,yellow,69,medium,1.83,American,Fast_Food,cash,yes,08:30-21:00;,Mon;Tue;Wed;Thu;Fri;
U1090,135025,2,2,2,22.158473,-100.984268,false,social drinker,no preference,friends,car owner,single,independent,1988,variety,thrifty-protector,Catholic,student,blue,50,medium,1.54,Tex-Mex,Mexican,cash,none,18:00-23:30;,Mon;Tue;Wed;Thu;Fri;
U1090,132925,2,2,2,22.158473,-100.984268,false,social drinker,no preference,friends,car owner,single,independent,1988,variety,thrifty-protector,Catholic,student,blue,50,medium,1.54,Tex-Mex,Mexican,cash,none,09:00-21:00;,Mon;Tue;Wed;Thu;Fri;
U1057,132862,1,0,0,22.196624,-100.91217,true,casual drinker,formal,friends,public,single,independent,1989,technology,hunter-ostentatious,Catholic,student,yellow,69,medium,1.83,American,International,cash,valet parking,09:30-23:30;,Mon;Tue;Wed;Thu;Fri;
U1057,135075,0,1,1,22.196624,-100.91217,true,casual drinker,formal,friends,public,single,independent,1989,technology,hunter-ostentatious,Catholic,student,yellow,69,medium,1.83,American,Seafood,cash,yes,00:00-23:30;,Mon;Tue;Wed;Thu;Fri;
U1025,132847,2,1,1,22.125603,-100.907844,false,social drinker,no preference,family,public,single,?,1990,none,thrifty-protector,Catholic,student,red,65,medium,1.79,Mexican,,cash,none,20:00-01:30;,Mon;Tue;Wed;Thu;Fri;
U1057,135030,1,0,1,22.196624,-100.91217,true,casual drinker,formal,friends,public,single,independent,1989,technology,hunter-ostentatious,Catholic,student,yellow,69,medium,1.83,American,Cafe-Coffee_Shop,cash,none,00:00-00:00;,Mon;Tue;Wed;Thu;Fri;
U1025,135071,2,2,2,22.125603,-100.907844,false,social drinker,no preference,family,public,single,?,1990,none,thrifty-protector,Catholic,student,red,65,medium,1.79,Mexican,Bar,cash,yes,13:00-23:30;,Mon;Tue;Wed;Thu;Fri;
U1057,132834,1,0,1,22.196624,-100.91217,true,casual drinker,formal,friends,public,single,independent,1989,technology,hunter-ostentatious,Catholic,student,yellow,69,medium,1.83,American,Mexican,cash,public,08:30-15:00;,Mon;Tue;Wed;Thu;Fri;
U1025,132958,1,0,0,22.125603,-100.907844,false,social drinker,no preference,family,public,single,?,1990,none,thrifty-protector,Catholic,student,red,65,medium,1.79,Mexican,American,cash,none,10:00-23:30;,Mon;Tue;Wed;Thu;Fri;
U1025,132825,0,0,0,22.125603,-100.907844,false,social drinker,no preference,family,public,single,?,1990,none,thrifty-protector,Catholic,student,red,65,medium,1.79,Mexican,Mexican,cash,none,09:00-12:00;,Mon;Tue;Wed;Thu;Fri;
U1025,135028,2,1,0,22.125603,-100.907844,false,social drinker,no preference,family,public,single,?,1990,none,thrifty-protector,Catholic,student,red,65,medium,1.79,Mexican,Mexican,cash,none,13:00-23:30;,Mon;Tue;Wed;Thu;Fri;
U1025,135047,1,1,1,22.125603,-100.907844,false,social drinker,no preference,family,public,single,?,1990,none,thrifty-protector,Catholic,student,red,65,medium,1.79,Mexican,,cash,yes,08:00-23:30;,Mon;Tue;Wed;Thu;Fri;
U1025,132846,2,2,2,22.125603,-100.907844,false,social drinker,no preference,family,public,single,?,1990,none,thrifty-protector,Catholic,student,red,65,medium,1.79,Mexican,International,cash,none,08:00-23:30;,Mon;Tue;Wed;Thu;Fri;
U1025,135064,2,2,2,22.125603,-100.907844,false,social drinker,no preference,family,public,single,?,1990,none,thrifty-protector,Catholic,student,red,65,medium,1.79,Mexican,,cash,yes,07:00-22:30;,Mon;Tue;Wed;Thu;Fri;
U1025,132830,2,2,2,22.125603,-100.907844,false,social drinker,no preference,family,public,single,?,1990,none,thrifty-protector,Catholic,student,red,65,medium,1.79,Mexican,,,none,00:00-23:30;,Mon;Tue;Wed;Thu;Fri;
U1097,135079,2,1,0,22.145471,-100.939588,false,abstemious,formal,family,public,single,independent,1990,variety,hard-worker,Catholic,student,black,58,medium,1.64,Mexican,Chinese,cash,none,13:00-22:30;,Mon;Tue;Wed;Thu;Fri;
U1097,135058,2,1,1,22.145471,-100.939588,false,abstemious,formal,family,public,single,independent,1990,variety,hard-worker,Catholic,student,black,58,medium,1.64,Mexican,Pizzeria,cash,public,13:00-23:00;,Mon;Tue;Wed;Thu;Fri;
U1097,132954,1,1,0,22.145471,-100.939588,false,abstemious,formal,family,public,single,independent,1990,variety,hard-worker,Catholic,student,black,58,medium,1.64,Mexican,Breakfast-Brunch,cash,yes,08:00-22:30;,Mon;Tue;Wed;Thu;Fri;
U1097,132958,2,1,1,22.145471,-100.939588,false,abstemious,formal,family,public,single,independent,1990,variety,hard-worker,Catholic,student,black,58,medium,1.64,Mexican,American,cash,none,10:00-23:30;,Mon;Tue;Wed;Thu;Fri;
U1097,135026,1,0,1,22.145471,-100.939588,false,abstemious,formal,family,public,single,independent,1990,variety,hard-worker,Catholic,student,black,58,medium,1.64,Mexican,Bar,,none,13:30-23:30;,Mon;Tue;Wed;Thu;Fri;
U1059,132955,2,1,2,18.988278,-99.097023,false,abstemious,formal,friends,on foot,single,independent,1987,technology,thrifty-protector,Catholic,student,blue,57,medium,1.69,Mexican,Bar_Pub_Brewery,cash,none,00:00-23:30;,Mon;Tue;Wed;Thu;Fri;
U1059,135044,2,1,1,18.988278,-99.097023,false,abstemious,formal,friends,on foot,single,independent,1987,technology,thrifty-protector,Catholic,student,blue,57,medium,1.69,Mexican,Chinese,cash,none,13:00-22:30;,Mon;Tue;Wed;Thu;Fri;
U1059,132862,0,0,0,18.988278,-99.097023,false,abstemious,formal,friends,on foot,single,independent,1987,technology,thrifty-protector,Catholic,student,blue,57,medium,1.69,Mexican,International,cash,valet parking,09:30-23:30;,Mon;Tue;Wed;Thu;Fri;
U1059,135085,2,2,2,18.988278,-99.097023,false,abstemious,formal,friends,on foot,single,independent,1987,technology,thrifty-protector,Catholic,student,blue,57,medium,1.69,Mexican,Fast_Food,cash,public,00:00-00:00;,Mon;Tue;Wed;Thu;Fri;
U1059,135030,2,2,2,18.988278,-99.097023,false,abstemious,formal,friends,on foot,single,independent,1987,technology,thrifty-protector,Catholic,student,blue,57,medium,1.69,Mexican,Cafe-Coffee_Shop,cash,none,00:00-00:00;,Mon;Tue;Wed;Thu;Fri;
U1128,135053,0,0,0,22.187236,-100.994213,false,casual drinker,no preference,friends,public,single,independent,1986,variety,thrifty-protector,Catholic,student,red,66,low,1.72,Cafeteria,Cafeteria,cash,yes,11:00-22:00;,Mon;Tue;Wed;Thu;Fri;
U1059,132825,2,1,1,18.988278,-99.097023,false,abstemious,formal,friends,on foot,single,independent,1987,technology,thrifty-protector,Catholic,student,blue,57,medium,1.69,Mexican,Mexican,cash,none,09:00-12:00;,Mon;Tue;Wed;Thu;Fri;
U1059,132754,2,2,2,18.988278,-99.097023,false,abstemious,formal,friends,on foot,single,independent,1987,technology,thrifty-protector,Catholic,student,blue,57,medium,1.69,Mexican,Mexican,cash,none,08:00-20:00;,Mon;Tue;Wed;Thu;Fri;
U1128,135058,0,0,0,22.187236,-100.994213,false,casual drinker,no preference,friends,public,single,independent,1986,variety,thrifty-protector,Catholic,student,red,66,low,1.72,Cafeteria,Pizzeria,cash,public,13:00-23:00;,Mon;Tue;Wed;Thu;Fri;
U1128,132875,0,0,0,22.187236,-100.994213,false,casual drinker,no preference,friends,public,single,independent,1986,variety,thrifty-protector,Catholic,student,red,66,low,1.72,Cafeteria,Japanese,cash,valet parking,00:00-23:30;,Mon;Tue;Wed;Thu;Fri;
U1128,135079,0,0,0,22.187236,-100.994213,false,casual drinker,no preference,friends,public,single,independent,1986,variety,thrifty-protector,Catholic,student,red,66,low,1.72,Cafeteria,Chinese,cash,none,13:00-22:30;,Mon;Tue;Wed;Thu;Fri;
U1128,132925,0,0,0,22.187236,-100.994213,false,casual drinker,no preference,friends,public,single,independent,1986,variety,thrifty-protector,Catholic,student,red,66,low,1.72,Cafeteria,Mexican,cash,none,09:00-21:00;,Mon;Tue;Wed;Thu;Fri;
U1128,135064,0,0,0,22.187236,-100.994213,false,casual drinker,no preference,friends,public,single,independent,1986,variety,thrifty-protector,Catholic,student,red,66,low,1.72,Cafeteria,,cash,yes,07:00-22:30;,Mon;Tue;Wed;Thu;Fri;
U1128,132921,0,0,0,22.187236,-100.994213,false,casual drinker,no preference,friends,public,single,independent,1986,variety,thrifty-protector,Catholic,student,red,66,low,1.72,Cafeteria,Bar,cash,none,01:00-20:30;,Mon;Tue;Wed;Thu;Fri;
U1128,135060,0,0,0,22.187236,-100.994213,false,casual drinker,no preference,friends,public,single,independent,1986,variety,thrifty-protector,Catholic,student,red,66,low,1.72,Cafeteria,Seafood,cash,none,11:30-19:00;,Mon;Tue;Wed;Thu;Fri;
U1128,132954,0,0,0,22.187236,-100.994213,false,casual drinker,no preference,friends,public,single,independent,1986,variety,thrifty-protector,Catholic,student,red,66,low,1.72,Cafeteria,Breakfast-Brunch,cash,yes,08:00-22:30;,Mon;Tue;Wed;Thu;Fri;
U1128,132951,0,0,0,22.187236,-100.994213,false,casual drinker,no preference,friends,public,single,independent,1986,variety,thrifty-protector,Catholic,student,red,66,low,1.72,Cafeteria,American,cash,yes,00:00-23:30;,Mon;Tue;Wed;Thu;Fri;
U1097,132921,2,2,1,22.145471,-100.939588,false,abstemious,formal,family,public,single,independent,1990,variety,hard-worker,Catholic,student,black,58,medium,1.64,Mexican,Bar,cash,none,01:00-20:30;,Mon;Tue;Wed;Thu;Fri;
U1097,132955,2,2,1,22.145471,-100.939588,false,abstemious,formal,family,public,single,independent,1990,variety,hard-worker,Catholic,student,black,58,medium,1.64,Mexican,Bar_Pub_Brewery,cash,none,00:00-23:30;,Mon;Tue;Wed;Thu;Fri;
U1097,132884,1,1,1,22.145471,-100.939588,false,abstemious,formal,family,public,single,independent,1990,variety,hard-worker,Catholic,student,black,58,medium,1.64,Mexican,,,none,00:00-23:30;,Mon;Tue;Wed;Thu;Fri;
U1097,135049,2,1,1,22.145471,-100.939588,false,abstemious,formal,family,public,single,independent,1990,variety,hard-worker,Catholic,student,black,58,medium,1.64,Mexican,Seafood,cash,none,12:00-20:00;,Mon;Tue;Wed;Thu;Fri;
U1097,135034,2,2,1,22.145471,-100.939588,false,abstemious,formal,family,public,single,independent,1990,variety,hard-worker,Catholic,student,black,58,medium,1.64,Mexican,Japanese,cash,none,13:30-23:00;,Mon;Tue;Wed;Thu;Fri;
U1006,132954,1,1,1,22.15,-100.983,true,social drinker,no preference,friends,car owner,single,independent,1989,variety,hard-worker,none,student,blue,75,medium,1.8,Mexican,Breakfast-Brunch,cash,yes,08:00-22:30;,Mon;Tue;Wed;Thu;Fri;
U1006,135079,1,1,1,22.15,-100.983,true,social drinker,no preference,friends,car owner,single,independent,1989,variety,hard-worker,none,student,blue,75,medium,1.8,Mexican,Chinese,cash,none,13:00-22:30;,Mon;Tue;Wed;Thu;Fri;
U1006,132875,2,2,2,22.15,-100.983,true,social drinker,no preference,friends,car owner,single,independent,1989,variety,hard-worker,none,student,blue,75,medium,1.8,Mexican,Japanese,cash,valet parking,00:00-23:30;,Mon;Tue;Wed;Thu;Fri;
U1006,135026,2,2,2,22.15,-100.983,true,social drinker,no preference,friends,car owner,single,independent,1989,variety,hard-worker,none,student,blue,75,medium,1.8,Mexican,Bar,,none,13:30-23:30;,Mon;Tue;Wed;Thu;Fri;
U1006,132922,2,1,2,22.15,-100.983,true,social drinker,no preference,friends,car owner,single,independent,1989,variety,hard-worker,none,student,blue,75,medium,1.8,Mexican,Cafeteria,cash,none,19:00-23:00;,Mon;Tue;Wed;Thu;Fri;
U1006,132572,1,0,1,22.15,-100.983,true,social drinker,no preference,friends,car owner,single,independent,1989,variety,hard-worker,none,student,blue,75,medium,1.8,Mexican,Cafeteria,cash,yes,00:00-23:30;,Mon;Tue;Wed;Thu;Fri;
U1006,135075,1,1,2,22.15,-100.983,true,social drinker,no preference,friends,car owner,single,independent,1989,variety,hard-worker,none,student,blue,75,medium,1.8,Mexican,Seafood,cash,yes,00:00-23:30;,Mon;Tue;Wed;Thu;Fri;
U1006,132825,1,1,1,22.15,-100.983,true,social drinker,no preference,friends,car owner,single,independent,1989,variety,hard-worker,none,student,blue,75,medium,1.8,Mexican,Mexican,cash,none,09:00-12:00;,Mon;Tue;Wed;Thu;Fri;
U1006,135048,1,1,2,22.15,-100.983,true,social drinker,no preference,friends,car owner,single,independent,1989,variety,hard-worker,none,student,blue,75,medium,1.8,Mexican,Bar,cash,yes,11:00-22:30;,Mon;Tue;Wed;Thu;Fri;
U1006,135030,1,1,2,22.15,-100.983,true,social drinker,no preference,friends,car owner,single,independent,1989,variety,hard-worker,none,student,blue,75,medium,1.8,Mexican,Cafe-Coffee_Shop,cash,none,00:00-00:00;,Mon;Tue;Wed;Thu;Fri;
U1006,132884,2,2,2,22.15,-100.983,true,social drinker,no preference,friends,car owner,single,independent,1989,variety,hard-worker,none,student,blue,75,medium,1.8,Mexican,,,none,00:00-23:30;,Mon;Tue;Wed;Thu;Fri;
U1131,135054,2,1,2,22.138245,-100.910948,true,social drinker,no preference,friends,car owner,married,kids,1990,eco-friendly,hard-worker,none,student,black,90,medium,1.8,Mexican,Seafood,cash,yes,07:00-19:00;,Mon;Tue;Wed;Thu;Fri;
U1131,132869,1,2,1,22.138245,-100.910948,true,social drinker,no preference,friends,car owner,married,kids,1990,eco-friendly,hard-worker,none,student,black,90,medium,1.8,Mexican,Pizzeria,cash,yes,10:00-23:00;,Mon;Tue;Wed;Thu;Fri;
U1131,132866,2,2,2,22.138245,-100.910948,true,social drinker,no preference,friends,car owner,married,kids,1990,eco-friendly,hard-worker,none,student,black,90,medium,1.8,Mexican,Bakery,cash,yes,09:00-22:00;,Mon;Tue;Wed;Thu;Fri;
U1131,135082,0,1,0,22.138245,-100.910948,true,social drinker,no preference,friends,car owner,married,kids,1990,eco-friendly,hard-worker,none,student,black,90,medium,1.8,Mexican,,cash,none,10:00-18:00;,Mon;Tue;Wed;Thu;Fri;
U1131,132851,2,2,2,22.138245,-100.910948,true,social drinker,no preference,friends,car owner,married,kids,1990,eco-friendly,hard-worker,none,student,black,90,medium,1.8,Mexican,American,cash,yes,09:00-22:00;,Mon;Tue;Wed;Thu;Fri;
U1131,132870,0,2,0,22.138245,-100.910948,true,social drinker,no preference,friends,car owner,married,kids,1990,eco-friendly,hard-worker,none,student,black,90,medium,1.8,Mexican,Burgers,cash,none,10:30-23:00;,Mon;Tue;Wed;Thu;Fri;
U1073,135062,0,0,0,22.15,-100.983,false,abstemious,informal,solitary,car owner,widow,kids,1989,none,hard-worker,none,unemployed,yellow,118,medium,1.79,American,,cash,yes,00:00-23:30;,Mon;Tue;Wed;Thu;Fri;
U1073,132572,0,0,0,22.15,-100.983,false,abstemious,informal,solitary,car owner,widow,kids,1989,none,hard-worker,none,unemployed,yellow,118,medium,1.79,American,Cafeteria,cash,yes,00:00-23:30;,Mon;Tue;Wed;Thu;Fri;
U1073,135064,0,0,0,22.15,-100.983,false,abstemious,informal,solitary,car owner,widow,kids,1989,none,hard-worker,none,unemployed,yellow,118,medium,1.79,American,,cash,yes,07:00-22:30;,Mon;Tue;Wed;Thu;Fri;
U1073,135080,0,0,0,22.15,-100.983,false,abstemious,informal,solitary,car owner,widow,kids,1989,none,hard-worker,none,unemployed,yellow,118,medium,1.79,American,,cash,none,14:00-23:30;,Mon;Tue;Wed;Thu;Fri;
U1073,132951,0,0,0,22.15,-100.983,false,abstemious,informal,solitary,car owner,widow,kids,1989,none,hard-worker,none,unemployed,yellow,118,medium,1.79,American,American,cash,yes,00:00-23:30;,Mon;Tue;Wed;Thu;Fri;
U1073,132954,0,0,0,22.15,-100.983,false,abstemious,informal,solitary,car owner,widow,kids,1989,none,hard-worker,none,unemployed,yellow,118,medium,1.79,American,Breakfast-Brunch,cash,yes,08:00-22:30;,Mon;Tue;Wed;Thu;Fri;
U1073,135052,0,0,0,22.15,-100.983,false,abstemious,informal,solitary,car owner,widow,kids,1989,none,hard-worker,none,unemployed,yellow,118,medium,1.79,American,Bar,cash,none,08:00-23:30;,Mon;Tue;Wed;Thu;Fri;
U1073,132834,0,0,0,22.15,-100.983,false,abstemious,informal,solitary,car owner,widow,kids,1989,none,hard-worker,none,unemployed,yellow,118,medium,1.79,American,Mexican,cash,public,08:30-15:00;,Mon;Tue;Wed;Thu;Fri;
U1073,135060,0,0,0,22.15,-100.983,false,abstemious,informal,solitary,car owner,widow,kids,1989,none,hard-worker,none,unemployed,yellow,118,medium,1.79,American,Seafood,cash,none,11:30-19:00;,Mon;Tue;Wed;Thu;Fri;
U1073,135065,0,0,0,22.15,-100.983,false,abstemious,informal,solitary,car owner,widow,kids,1989,none,hard-worker,none,unemployed,yellow,118,medium,1.79,American,,cash,none,14:00-23:30;,Mon;Tue;Wed;Thu;Fri;
U1073,132862,0,0,0,22.15,-100.983,false,abstemious,informal,solitary,car owner,widow,kids,1989,none,hard-worker,none,unemployed,yellow,118,medium,1.79,American,International,cash,valet parking,09:30-23:30;,Mon;Tue;Wed;Thu;Fri;
U1049,132921,0,0,0,22.15,-100.983,false,casual drinker,informal,solitary,public,single,?,1991,none,hard-worker,none,student,blue,55,?,1.6,Mexican,Bar,cash,none,01:00-20:30;,Mon;Tue;Wed;Thu;Fri;
U1049,135042,0,0,0,22.15,-100.983,false,casual drinker,informal,solitary,public,single,?,1991,none,hard-worker,none,student,blue,55,?,1.6,Mexican,Chinese,cash,none,11:00-21:30;,Mon;Tue;Wed;Thu;Fri;
U1049,135032,0,0,0,22.15,-100.983,false,casual drinker,informal,solitary,public,single,?,1991,none,hard-worker,none,student,blue,55,?,1.6,Mexican,Cafeteria,cash,public,07:00-23:30;,Mon;Tue;Wed;Thu;Fri;
U1049,135051,0,0,0,22.15,-100.983,false,casual drinker,informal,solitary,public,single,?,1991,none,hard-worker,none,student,blue,55,?,1.6,Mexican,,cash,none,08:00-23:30;,Mon;Tue;Wed;Thu;Fri;
U1049,135085,0,0,0,22.15,-100.983,false,casual drinker,informal,solitary,public,single,?,1991,none,hard-worker,none,student,blue,55,?,1.6,Mexican,Fast_Food,cash,public,00:00-00:00;,Mon;Tue;Wed;Thu;Fri;
U1049,132862,0,0,0,22.15,-100.983,false,casual drinker,informal,solitary,public,single,?,1991,none,hard-worker,none,student,blue,55,?,1.6,Mexican,International,cash,valet parking,09:30-23:30;,Mon;Tue;Wed;Thu;Fri;
U1049,135052,0,0,0,22.15,-100.983,false,casual drinker,informal,solitary,public,single,?,1991,none,hard-worker,none,student,blue,55,?,1.6,Mexican,Bar,cash,none,08:00-23:30;,Mon;Tue;Wed;Thu;Fri;
U1058,135076,2,2,2,22.205802,-100.986081,false,abstemious,formal,family,public,single,independent,1991,variety,hard-worker,Catholic,student,red,74,low,1.78,Cuban,,cash,yes,12:00-23:30;,Mon;Tue;Wed;Thu;Fri;
U1058,135043,1,2,2,22.205802,-100.986081,false,abstemious,formal,family,public,single,independent,1991,variety,hard-worker,Catholic,student,red,74,low,1.78,Cuban,Fast_Food,cash,none,00:00-00:00;,Mon;Tue;Wed;Thu;Fri;
U1058,135058,2,2,0,22.205802,-100.986081,false,abstemious,formal,family,public,single,independent,1991,variety,hard-worker,Catholic,student,red,74,low,1.78,Cuban,Pizzeria,cash,public,13:00-23:00;,Mon;Tue;Wed;Thu;Fri;
U1058,135053,2,1,1,22.205802,-100.986081,false,abstemious,formal,family,public,single,independent,1991,variety,hard-worker,Catholic,student,red,74,low,1.78,Cuban,Cafeteria,cash,yes,11:00-22:00;,Mon;Tue;Wed;Thu;Fri;
U1058,132885,1,1,1,22.205802,-100.986081,false,abstemious,formal,family,public,single,independent,1991,variety,hard-worker,Catholic,student,red,74,low,1.78,Cuban,Cafeteria,cash,public,08:00-23:30;,Mon;Tue;Wed;Thu;Fri;
U1058,135050,1,0,0,22.205802,-100.986081,false,abstemious,formal,family,public,single,independent,1991,variety,hard-worker,Catholic,student,red,74,low,1.78,Cuban,,cash,yes,12:00-19:30;,Mon;Tue;Wed;Thu;Fri;
U1058,132872,2,2,1,22.205802,-100.986081,false,abstemious,formal,family,public,single,independent,1991,variety,hard-worker,Catholic,student,red,74,low,1.78,Cuban,American,cash,public,09:00-21:00;,Mon;Tue;Wed;Thu;Fri;
U1058,135066,1,1,1,22.205802,-100.986081,false,abstemious,formal,family,public,single,independent,1991,variety,hard-worker,Catholic,student,red,74,low,1.78,Cuban,,cash,yes,07:00-23:00;,Sat;
U1002,132921,2,1,1,22.150087,-100.983325,false,abstemious,informal,family,public,single,independent,1990,technology,hunter-ostentatious,Catholic,student,red,40,low,1.87,Mexican,Bar,cash,none,01:00-20:30;,Mon;Tue;Wed;Thu;Fri;
U1002,135062,1,2,1,22.150087,-100.983325,false,abstemious,informal,family,public,single,independent,1990,technology,hunter-ostentatious,Catholic,student,red,40,low,1.87,Mexican,,cash,yes,00:00-23:30;,Mon;Tue;Wed;Thu;Fri;
U1002,135106,1,1,1,22.150087,-100.983325,false,abstemious,informal,family,public,single,independent,1990,technology,hunter-ostentatious,Catholic,student,red,40,low,1.87,Mexican,Mexican,cash,none,18:00-23:30;,Mon;Tue;Wed;Thu;Fri;
U1002,132825,2,2,0,22.150087,-100.983325,false,abstemious,informal,family,public,single,independent,1990,technology,hunter-ostentatious,Catholic,student,red,40,low,1.87,Mexican,Mexican,cash,none,09:00-12:00;,Mon;Tue;Wed;Thu;Fri;
U1002,135052,1,1,1,22.150087,-100.983325,false,abstemious,informal,family,public,single,independent,1990,technology,hunter-ostentatious,Catholic,student,red,40,low,1.87,Mexican,Bar,cash,none,08:00-23:30;,Mon;Tue;Wed;Thu;Fri;
U1002,132862,2,2,2,22.150087,-100.983325,false,abstemious,informal,family,public,single,independent,1990,technology,hunter-ostentatious,Catholic,student,red,40,low,1.87,Mexican,International,cash,valet parking,09:30-23:30;,Mon;Tue;Wed;Thu;Fri;
U1096,132875,2,2,2,22.1455,-100.939593,false,abstemious,formal,family,public,single,independent,1990,eco-friendly,hard-worker,Catholic,student,black,40,medium,1.2,Mexican,Japanese,cash,valet parking,00:00-23:30;,Mon;Tue;Wed;Thu;Fri;
U1002,135059,1,2,1,22.150087,-100.983325,false,abstemious,informal,family,public,single,independent,1990,technology,hunter-ostentatious,Catholic,student,red,40,low,1.87,Mexican,Bar,cash,yes,12:00-23:30;,Mon;Tue;Wed;Thu;Fri;
U1002,135041,2,1,0,22.150087,-100.983325,false,abstemious,informal,family,public,single,independent,1990,technology,hunter-ostentatious,Catholic,student,red,40,low,1.87,Mexican,Bar,cash,none,00:00-00:00;,Mon;Tue;Wed;Thu;Fri;
U1002,132925,1,1,2,22.150087,-100.983325,false,abstemious,informal,family,public,single,independent,1990,technology,hunter-ostentatious,Catholic,student,red,40,low,1.87,Mexican,Mexican,cash,none,09:00-21:00;,Mon;Tue;Wed;Thu;Fri;
U1002,135085,1,1,1,22.150087,-100.983325,false,abstemious,informal,family,public,single,independent,1990,technology,hunter-ostentatious,Catholic,student,red,40,low,1.87,Mexican,Fast_Food,cash,public,00:00-00:00;,Mon;Tue;Wed;Thu;Fri;
U1096,135025,2,2,2,22.1455,-100.939593,false,abstemious,formal,family,public,single,independent,1990,eco-friendly,hard-worker,Catholic,student,black,40,medium,1.2,Mexican,Mexican,cash,none,18:00-23:30;,Mon;Tue;Wed;Thu;Fri;
U1096,135072,1,2,1,22.1455,-100.939593,false,abstemious,formal,family,public,single,independent,1990,eco-friendly,hard-worker,Catholic,student,black,40,medium,1.2,Mexican,Japanese,cash,none,13:00-23:00;,Mon;Tue;Wed;Thu;Fri;
U1096,135064,1,1,0,22.1455,-100.939593,false,abstemious,formal,family,public,single,independent,1990,eco-friendly,hard-worker,Catholic,student,black,40,medium,1.2,Mexican,,cash,yes,07:00-22:30;,Mon;Tue;Wed;Thu;Fri;
U1096,135086,1,0,2,22.1455,-100.939593,false,abstemious,formal,family,public,single,independent,1990,eco-friendly,hard-worker,Catholic,student,black,40,medium,1.2,Mexican,Burgers,cash,yes,08:00-23:00;,Mon;Tue;Wed;Thu;Fri;
U1096,135055,2,2,2,22.1455,-100.939593,false,abstemious,formal,family,public,single,independent,1990,eco-friendly,hard-worker,Catholic,student,black,40,medium,1.2,Mexican,Mexican,cash,yes,14:00-22:00;,Mon;Tue;Wed;Thu;Fri;
U1136,135074,1,1,2,22.149607,-100.997235,true,social drinker,no preference,friends,car owner,single,independent,1990,retro,thrifty-protector,Catholic,student,black,50,low,1.6,Mexican,Contemporary,cash,public,07:00-23:30;,Mon;Tue;Wed;Thu;Fri;
U1096,135026,2,2,2,22.1455,-100.939593,false,abstemious,formal,family,public,single,independent,1990,eco-friendly,hard-worker,Catholic,student,black,40,medium,1.2,Mexican,Bar,,none,13:30-23:30;,Mon;Tue;Wed;Thu;Fri;
U1136,132862,2,2,2,22.149607,-100.997235,true,social drinker,no preference,friends,car owner,single,independent,1990,retro,thrifty-protector,Catholic,student,black,50,low,1.6,Mexican,International,cash,valet parking,09:30-23:30;,Mon;Tue;Wed;Thu;Fri;
U1096,132955,2,2,2,22.1455,-100.939593,false,abstemious,formal,family,public,single,independent,1990,eco-friendly,hard-worker,Catholic,student,black,40,medium,1.2,Mexican,Bar_Pub_Brewery,cash,none,00:00-23:30;,Mon;Tue;Wed;Thu;Fri;
U1136,132921,2,2,2,22.149607,-100.997235,true,social drinker,no preference,friends,car owner,single,independent,1990,retro,thrifty-protector,Catholic,student,black,50,low,1.6,Mexican,Bar,cash,none,01:00-20:30;,Mon;Tue;Wed;Thu;Fri;
U1136,135072,1,1,1,22.149607,-100.997235,true,social drinker,no preference,friends,car owner,single,independent,1990,retro,thrifty-protector,Catholic,student,black,50,low,1.6,Mexican,Japanese,cash,none,13:00-23:00;,Mon;Tue;Wed;Thu;Fri;
U1096,132723,1,2,1,22.1455,-100.939593,false,abstemious,formal,family,public,single,independent,1990,eco-friendly,hard-worker,Catholic,student,black,40,medium,1.2,Mexican,Mexican,cash,public,06:30-15:00;,Mon;Tue;Wed;Thu;Fri;
U1136,135055,2,2,2,22.149607,-100.997235,true,social drinker,no preference,friends,car owner,single,independent,1990,retro,thrifty-protector,Catholic,student,black,50,low,1.6,Mexican,Mexican,cash,yes,14:00-22:00;,Mon;Tue;Wed;Thu;Fri;
U1136,135064,1,1,1,22.149607,-100.997235,true,social drinker,no preference,friends,car owner,single,independent,1990,retro,thrifty-protector,Catholic,student,black,50,low,1.6,Mexican,,cash,yes,07:00-22:30;,Mon;Tue;Wed;Thu;Fri;
U1096,132958,1,2,2,22.1455,-100.939593,false,abstemious,formal,family,public,single,independent,1990,eco-friendly,hard-worker,Catholic,student,black,40,medium,1.2,Mexican,American,cash,none,10:00-23:30;,Mon;Tue;Wed;Thu;Fri;
U1096,135075,1,2,1,22.1455,-100.939593,false,abstemious,formal,family,public,single,independent,1990,eco-friendly,hard-worker,Catholic,student,black,40,medium,1.2,Mexican,Seafood,cash,yes,00:00-23:30;,Mon;Tue;Wed;Thu;Fri;
U1136,132958,2,2,2,22.149607,-100.997235,true,social drinker,no preference,friends,car owner,single,independent,1990,retro,thrifty-protector,Catholic,student,black,50,low,1.6,Mexican,American,cash,none,10:00-23:30;,Mon;Tue;Wed;Thu;Fri;
U1136,135048,1,2,2,22.149607,-100.997235,true,social drinker,no preference,friends,car owner,single,independent,1990,retro,thrifty-protector,Catholic,student,black,50,low,1.6,Mexican,Bar,cash,yes,11:00-22:30;,Mon;Tue;Wed;Thu;Fri;
U1136,135046,2,2,2,22.149607,-100.997235,true,social drinker,no preference,friends,car owner,single,independent,1990,retro,thrifty-protector,Catholic,student,black,50,low,1.6,Mexican,Fast_Food,cash,yes,08:30-21:00;,Mon;Tue;Wed;Thu;Fri;
U1136,135028,2,2,2,22.149607,-100.997235,true,social drinker,no preference,friends,car owner,single,independent,1990,retro,thrifty-protector,Catholic,student,black,50,low,1.6,Mexican,Mexican,cash,none,13:00-23:30;,Mon;Tue;Wed;Thu;Fri;
U1097,135086,2,0,1,22.145471,-100.939588,false,abstemious,formal,family,public,single,independent,1990,variety,hard-worker,Catholic,student,black,58,medium,1.64,Mexican,Burgers,cash,yes,08:00-23:00;,Mon;Tue;Wed;Thu;Fri;
U1097,135053,2,2,2,22.145471,-100.939588,false,abstemious,formal,family,public,single,independent,1990,variety,hard-worker,Catholic,student,black,58,medium,1.64,Mexican,Cafeteria,cash,yes,11:00-22:00;,Mon;Tue;Wed;Thu;Fri;
U1097,132861,2,2,1,22.145471,-100.939588,false,abstemious,formal,family,public,single,independent,1990,variety,hard-worker,Catholic,student,black,58,medium,1.64,Mexican,Burgers,cash,yes,10:00-23:30;,Mon;Tue;Wed;Thu;Fri;
U1058,135062,2,2,2,22.205802,-100.986081,false,abstemious,formal,family,public,single,independent,1991,variety,hard-worker,Catholic,student,red,74,low,1.78,Cuban,,cash,yes,00:00-23:30;,Mon;Tue;Wed;Thu;Fri;
U1058,135055,2,2,2,22.205802,-100.986081,false,abstemious,formal,family,public,single,independent,1991,variety,hard-worker,Catholic,student,red,74,low,1.78,Cuban,Mexican,cash,yes,14:00-22:00;,Mon;Tue;Wed;Thu;Fri;
U1010,135053,1,1,1,22.190889,-100.998669,false,social drinker,no preference,friends,car owner,married,kids,1987,technology,hard-worker,none,student,green,40,medium,1.67,Mexican,Cafeteria,cash,yes,11:00-22:00;,Mon;Tue;Wed;Thu;Fri;
U1010,135058,1,0,0,22.190889,-100.998669,false,social drinker,no preference,friends,car owner,married,kids,1987,technology,hard-worker,none,student,green,40,medium,1.67,Mexican,Pizzeria,cash,public,13:00-23:00;,Mon;Tue;Wed;Thu;Fri;
U1010,135079,0,0,0,22.190889,-100.998669,false,social drinker,no preference,friends,car owner,married,kids,1987,technology,hard-worker,none,student,green,40,medium,1.67,Mexican,Chinese,cash,none,13:00-22:30;,Mon;Tue;Wed;Thu;Fri;
U1003,135059,2,2,2,22.119847,-100.946527,false,social drinker,formal,family,public,single,independent,1989,none,hard-worker,Catholic,student,blue,60,low,1.69,Mexican,Bar,cash,yes,12:00-23:30;,Mon;Tue;Wed;Thu;Fri;
U1010,135064,0,2,0,22.190889,-100.998669,false,social drinker,no preference,friends,car owner,married,kids,1987,technology,hard-worker,none,student,green,40,medium,1.67,Mexican,,cash,yes,07:00-22:30;,Mon;Tue;Wed;Thu;Fri;
U1010,135047,1,1,1,22.190889,-100.998669,false,social drinker,no preference,friends,car owner,married,kids,1987,technology,hard-worker,none,student,green,40,medium,1.67,Mexican,,cash,yes,08:00-23:30;,Mon;Tue;Wed;Thu;Fri;
U1010,135065,1,1,1,22.190889,-100.998669,false,social drinker,no preference,friends,car owner,married,kids,1987,technology,hard-worker,none,student,green,40,medium,1.67,Mexican,,cash,none,14:00-23:30;,Mon;Tue;Wed;Thu;Fri;
U1102,132854,2,2,2,22.137131,-100.941151,false,social drinker,no preference,friends,on foot,single,independent,1989,eco-friendly,conformist,none,student,black,90,low,1.78,Pizzeria,International,cash,yes,10:30-22:00;,Mon;Tue;Wed;Thu;Fri;
U1102,132858,2,2,0,22.137131,-100.941151,false,social drinker,no preference,friends,on foot,single,independent,1989,eco-friendly,conformist,none,student,black,90,low,1.78,Pizzeria,Burgers,cash,none,18:30-23:30;,Mon;Tue;Wed;Thu;Fri;
U1010,135042,2,2,2,22.190889,-100.998669,false,social drinker,no preference,friends,car owner,married,kids,1987,technology,hard-worker,none,student,green,40,medium,1.67,Mexican,Chinese,cash,none,11:00-21:30;,Mon;Tue;Wed;Thu;Fri;
U1102,132870,2,2,0,22.137131,-100.941151,false,social drinker,no preference,friends,on foot,single,independent,1989,eco-friendly,conformist,none,student,black,90,low,1.78,Pizzeria,Burgers,cash,none,10:30-23:00;,Mon;Tue;Wed;Thu;Fri;
U1010,135076,1,2,2,22.190889,-100.998669,false,social drinker,no preference,friends,car owner,married,kids,1987,technology,hard-worker,none,student,green,40,medium,1.67,Mexican,,cash,yes,12:00-23:30;,Mon;Tue;Wed;Thu;Fri;
U1102,132847,2,2,0,22.137131,-100.941151,false,social drinker,no preference,friends,on foot,single,independent,1989,eco-friendly,conformist,none,student,black,90,low,1.78,Pizzeria,,cash,none,20:00-01:30;,Mon;Tue;Wed;Thu;Fri;
U1013,132951,2,2,2,22.174624,-100.993873,false,abstemious,no preference,friends,public,widow,independent,1982,retro,thrifty-protector,none,professional,blue,80,medium,1.75,Japanese,American,cash,yes,00:00-23:30;,Mon;Tue;Wed;Thu;Fri;
U1013,135060,1,1,0,22.174624,-100.993873,false,abstemious,no preference,friends,public,widow,independent,1982,retro,thrifty-protector,none,professional,blue,80,medium,1.75,Japanese,Seafood,cash,none,11:30-19:00;,Mon;Tue;Wed;Thu;Fri;
U1028,132732,1,1,1,23.752874,-99.169242,false,abstemious,no preference,family,public,single,independent,1989,variety,hard-worker,Christian,student,blue,77,medium,1.63,Mexican,Mexican,cash,none,19:00-01:00;,Mon;Tue;Wed;Thu;Fri;
U1028,132733,1,1,1,23.752874,-99.169242,false,abstemious,no preference,family,public,single,independent,1989,variety,hard-worker,Christian,student,blue,77,medium,1.63,Mexican,Pizzeria,cash,yes,10:30-22:30;,Mon;Tue;Wed;Thu;Fri;
U1028,135104,0,1,0,23.752874,-99.169242,false,abstemious,no preference,family,public,single,independent,1989,variety,hard-worker,Christian,student,blue,77,medium,1.63,Mexican,Mexican,cash,yes,00:00-23:30;,Mon;Tue;Wed;Thu;Fri;
U1050,132732,0,1,1,23.758815,-99.171216,false,social drinker,no preference,family,car owner,single,independent,1989,variety,hard-worker,none,student,green,73,medium,1.71,Mexican,Mexican,cash,none,19:00-01:00;,Mon;Tue;Wed;Thu;Fri;
U1050,132609,0,0,0,23.758815,-99.171216,false,social drinker,no preference,family,car owner,single,independent,1989,variety,hard-worker,none,student,green,73,medium,1.71,Mexican,Fast_Food,cash,yes,12:00-18:00;,Mon;Tue;Wed;Thu;Fri;
U1050,132608,0,0,0,23.758815,-99.171216,false,social drinker,no preference,family,car owner,single,independent,1989,variety,hard-worker,none,student,green,73,medium,1.71,Mexican,Mexican,cash,public,19:00-02:00;,Mon;Tue;Wed;Thu;Fri;
U1050,132560,0,2,0,23.758815,-99.171216,false,social drinker,no preference,family,car owner,single,independent,1989,variety,hard-worker,none,student,green,73,medium,1.71,Mexican,Regional,cash,public,08:00-12:00;,Mon;Tue;Wed;Thu;Fri;
U1050,132740,0,2,0,23.758815,-99.171216,false,social drinker,no preference,family,car owner,single,independent,1989,variety,hard-worker,none,student,green,73,medium,1.71,Mexican,Mexican,cash,none,08:30-12:00;,Mon;Tue;Wed;Thu;Fri;
U1050,132594,0,2,0,23.758815,-99.171216,false,social drinker,no preference,family,car owner,single,independent,1989,variety,hard-worker,none,student,green,73,medium,1.71,Mexican,Mexican,cash,public,09:30-23:30;,Mon;Tue;Wed;Thu;Fri;
U1050,132584,0,0,0,23.758815,-99.171216,false,social drinker,no preference,family,car owner,single,independent,1989,variety,hard-worker,none,student,green,73,medium,1.71,Mexican,Mexican,cash,yes,08:30-20:00;,Mon;Tue;Wed;Thu;Fri;
U1028,132740,1,1,1,23.752874,-99.169242,false,abstemious,no preference,family,public,single,independent,1989,variety,hard-worker,Christian,student,blue,77,medium,1.63,Mexican,Mexican,cash,none,08:30-12:00;,Mon;Tue;Wed;Thu;Fri;
U1129,132706,0,0,1,23.728798,-99.134047,false,casual drinker,no preference,friends,public,single,independent,1989,variety,thrifty-protector,none,student,purple,69,low,1.69,Mexican,Mexican,cash,public,09:00-20:00;,Mon;Tue;Wed;Thu;Fri;
U1129,132654,0,0,0,23.728798,-99.134047,false,casual drinker,no preference,friends,public,single,independent,1989,variety,thrifty-protector,none,student,purple,69,low,1.69,Mexican,,,none,00:00-23:30;,Mon;Tue;Wed;Thu;Fri;
U1028,132630,2,2,2,23.752874,-99.169242,false,abstemious,no preference,family,public,single,independent,1989,variety,hard-worker,Christian,student,blue,77,medium,1.63,Mexican,Mexican,,none,00:00-23:30;,Mon;Tue;Wed;Thu;Fri;
U1028,132663,0,0,0,23.752874,-99.169242,false,abstemious,no preference,family,public,single,independent,1989,variety,hard-worker,Christian,student,blue,77,medium,1.63,Mexican,Mexican,,none,00:00-23:30;,Mon;Tue;Wed;Thu;Fri;
U1028,132613,2,2,2,23.752874,-99.169242,false,abstemious,no preference,family,public,single,independent,1989,variety,hard-worker,Christian,student,blue,77,medium,1.63,Mexican,Mexican,cash,yes,08:00-16:00;,Mon;Tue;Wed;Thu;Fri;
U1087,132667,2,2,1,23.753336,-99.167984,false,abstemious,no preference,solitary,public,single,independent,1989,variety,thrifty-protector,Catholic,student,black,53,medium,1.55,Chinese,Armenian,cash,none,00:00-23:30;,Mon;Tue;Wed;Thu;Fri;
U1087,135104,1,2,1,23.753336,-99.167984,false,abstemious,no preference,solitary,public,single,independent,1989,variety,thrifty-protector,Catholic,student,black,53,medium,1.55,Chinese,Mexican,cash,yes,00:00-23:30;,Mon;Tue;Wed;Thu;Fri;
U1087,132660,1,1,0,23.753336,-99.167984,false,abstemious,no preference,solitary,public,single,independent,1989,variety,thrifty-protector,Catholic,student,black,53,medium,1.55,Chinese,,,none,00:00-23:30;,Mon;Tue;Wed;Thu;Fri;
U1087,132732,2,2,1,23.753336,-99.167984,false,abstemious,no preference,solitary,public,single,independent,1989,variety,thrifty-protector,Catholic,student,black,53,medium,1.55,Chinese,Mexican,cash,none,19:00-01:00;,Mon;Tue;Wed;Thu;Fri;
U1087,132740,1,2,1,23.753336,-99.167984,false,abstemious,no preference,solitary,public,single,independent,1989,variety,thrifty-protector,Catholic,student,black,53,medium,1.55,Chinese,Mexican,cash,none,08:30-12:00;,Mon;Tue;Wed;Thu;Fri;
U1087,132560,1,2,1,23.753336,-99.167984,false,abstemious,no preference,solitary,public,single,independent,1989,variety,thrifty-protector,Catholic,student,black,53,medium,1.55,Chinese,Regional,cash,public,08:00-12:00;,Mon;Tue;Wed;Thu;Fri;
U1087,132594,1,2,1,23.753336,-99.167984,false,abstemious,no preference,solitary,public,single,independent,1989,variety,thrifty-protector,Catholic,student,black,53,medium,1.55,Chinese,Mexican,cash,public,09:30-23:30;,Mon;Tue;Wed;Thu;Fri;
U1087,132663,1,2,1,23.753336,-99.167984,false,abstemious,no preference,solitary,public,single,independent,1989,variety,thrifty-protector,Catholic,student,black,53,medium,1.55,Chinese,Mexican,,none,00:00-23:30;,Mon;Tue;Wed;Thu;Fri;
U1065,132626,1,0,1,23.733665,-99.105617,false,abstemious,formal,friends,public,single,independent,1989,technology,conformist,Catholic,student,green,55,medium,1.72,Mexican,Italian,cash,yes,00:00-23:30;,Mon;Tue;Wed;Thu;Fri;
U1065,132706,2,1,2,23.733665,-99.105617,false,abstemious,formal,friends,public,single,independent,1989,technology,conformist,Catholic,student,green,55,medium,1.72,Mexican,Mexican,cash,public,09:00-20:00;,Mon;Tue;Wed;Thu;Fri;
U1129,132561,1,2,2,23.728798,-99.134047,false,casual drinker,no preference,friends,public,single,independent,1989,variety,thrifty-protector,none,student,purple,69,low,1.69,Mexican,,,none,00:00-23:30;,Mon;Tue;Wed;Thu;Fri;
U1065,132665,1,1,1,23.733665,-99.105617,false,abstemious,formal,friends,public,single,independent,1989,technology,conformist,Catholic,student,green,55,medium,1.72,Mexican,Mexican,,none,00:00-23:30;,Mon;Tue;Wed;Thu;Fri;
U1129,132665,0,0,0,23.728798,-99.134047,false,casual drinker,no preference,friends,public,single,independent,1989,variety,thrifty-protector,none,student,purple,69,low,1.69,Mexican,Mexican,,none,00:00-23:30;,Mon;Tue;Wed;Thu;Fri;
U1065,132561,1,1,1,23.733665,-99.105617,false,abstemious,formal,friends,public,single,independent,1989,technology,conformist,Catholic,student,green,55,medium,1.72,Mexican,,,none,00:00-23:30;,Mon;Tue;Wed;Thu;Fri;
U1039,132626,2,2,1,23.738067,-99.139906,false,social drinker,no preference,friends,?,single,independent,1989,none,hard-worker,none,student,yellow,83,medium,1.73,Regional,Italian,cash,yes,00:00-23:30;,Mon;Tue;Wed;Thu;Fri;
U1039,132564,1,1,2,23.738067,-99.139906,false,social drinker,no preference,friends,?,single,independent,1989,none,hard-worker,none,student,yellow,83,medium,1.73,Regional,,,none,00:00-23:30;,Mon;Tue;Wed;Thu;Fri;
U1065,132654,1,1,1,23.733665,-99.105617,false,abstemious,formal,friends,public,single,independent,1989,technology,conformist,Catholic,student,green,55,medium,1.72,Mexican,,,none,00:00-23:30;,Mon;Tue;Wed;Thu;Fri;
U1039,132665,1,1,2,23.738067,-99.139906,false,social drinker,no preference,friends,?,single,independent,1989,none,hard-worker,none,student,yellow,83,medium,1.73,Regional,Mexican,,none,00:00-23:30;,Mon;Tue;Wed;Thu;Fri;
U1130,132654,0,0,0,23.733,-99.133,?,abstemious,?,?,?,?,?,1989,none,hard-worker,none,?,yellow,40,?,1.2,Mexican,,,none,00:00-23:30;,Mon;Tue;Wed;Thu;Fri;
U1130,132561,0,0,0,23.733,-99.133,?,abstemious,?,?,?,?,?,1989,none,hard-worker,none,?,yellow,40,?,1.2,Mexican,,,none,00:00-23:30;,Mon;Tue;Wed;Thu;Fri;
U1130,132626,0,0,0,23.733,-99.133,?,abstemious,?,?,?,?,?,1989,none,hard-worker,none,?,yellow,40,?,1.2,Mexican,Italian,cash,yes,00:00-23:30;,Mon;Tue;Wed;Thu;Fri;
U1130,132706,1,2,1,23.733,-99.133,?,abstemious,?,?,?,?,?,1989,none,hard-worker,none,?,yellow,40,?,1.2,Mexican,Mexican,cash,public,09:00-20:00;,Mon;Tue;Wed;Thu;Fri;
U1043,132608,1,1,1,23.77103,-99.167082,false,abstemious,no preference,solitary,public,single,independent,1989,technology,hard-worker,none,student,white,60,medium,1.64,Latin_American,Mexican,cash,public,19:00-02:00;,Mon;Tue;Wed;Thu;Fri;
U1043,132609,1,2,1,23.77103,-99.167082,false,abstemious,no preference,solitary,public,single,independent,1989,technology,hard-worker,none,student,white,60,medium,1.64,Latin_American,Fast_Food,cash,yes,12:00-18:00;,Mon;Tue;Wed;Thu;Fri;
U1011,132717,2,2,1,23.724972,-99.152856,false,abstemious,no preference,family,public,single,independent,1989,variety,hard-worker,Catholic,student,purple,68,medium,1.78,Mexican,Fast_Food,cash,public,09:30-21:30;,Mon;Tue;Wed;Thu;Fri;
U1043,132613,1,1,1,23.77103,-99.167082,false,abstemious,no preference,solitary,public,single,independent,1989,technology,hard-worker,none,student,white,60,medium,1.64,Latin_American,Mexican,cash,yes,08:00-16:00;,Mon;Tue;Wed;Thu;Fri;
U1011,132564,1,1,1,23.724972,-99.152856,false,abstemious,no preference,family,public,single,independent,1989,variety,hard-worker,Catholic,student,purple,68,medium,1.78,Mexican,,,none,00:00-23:30;,Mon;Tue;Wed;Thu;Fri;
U1043,132732,1,1,1,23.77103,-99.167082,false,abstemious,no preference,solitary,public,single,independent,1989,technology,hard-worker,none,student,white,60,medium,1.64,Latin_American,Mexican,cash,none,19:00-01:00;,Mon;Tue;Wed;Thu;Fri;
U1043,132630,1,1,1,23.77103,-99.167082,false,abstemious,no preference,solitary,public,single,independent,1989,technology,hard-worker,none,student,white,60,medium,1.64,Latin_American,Mexican,,none,00:00-23:30;,Mon;Tue;Wed;Thu;Fri;
U1011,132715,1,1,0,23.724972,-99.152856,false,abstemious,no preference,family,public,single,independent,1989,variety,hard-worker,Catholic,student,purple,68,medium,1.78,Mexican,Mexican,cash,none,09:00-16:00;,Mon;Tue;Wed;Thu;Fri;
U1068,132733,1,1,0,23.752269,-99.168605,false,casual drinker,informal,friends,public,single,independent,1988,technology,thrifty-protector,Catholic,student,blue,72,low,1.57,Mexican,Pizzeria,cash,yes,10:30-22:30;,Mon;Tue;Wed;Thu;Fri;
U1068,132594,1,1,1,23.752269,-99.168605,false,casual drinker,informal,friends,public,single,independent,1988,technology,thrifty-protector,Catholic,student,blue,72,low,1.57,Mexican,Mexican,cash,public,09:30-23:30;,Mon;Tue;Wed;Thu;Fri;
U1068,132660,0,0,0,23.752269,-99.168605,false,casual drinker,informal,friends,public,single,independent,1988,technology,thrifty-protector,Catholic,student,blue,72,low,1.57,Mexican,,,none,00:00-23:30;,Mon;Tue;Wed;Thu;Fri;
